EventId,InstrId
1,5222680232274
2,7421703489729
3,7421703489730
4,7421703489798
5,5222680234199
6,7421703489806
7,7421703489799
8,7421703489807
9,7421703490536
10,61297773250882
11,7421703490537
12,61297773252833
13,7421703491881
14,7421703491884
15,61297773253176
16,61297773253367
17,7421703492408
18,7421703492415
19,61297773253712
20,61297773253841
21,7421703492872
22,7421703492879
23,61297773252841
24,7421703491889
25,7421703491882
26,7421703491890
27,7421703493503
28,7421703493967
29,6322191864115
30,7421703494686
31,7421703492452
32,7421703492453
33,7421703495402
34,7421703496066
35,7421703492929
36,6322191864682
37,7421703492467
38,7421703492930
39,6322191865160
40,7421703492945
41,7421703493489
42,7421703493490
43,7421703493951
44,6322191865719
45,7421703493504
46,7421703493952
47,6322191866181
48,7421703493968
49,7421703494670
50,7421703494671
51,7421703495381
52,6322191866901
53,7421703494687
54,7421703495382
55,6322191867616
56,7421703495403
57,7421703496058
58,7421703496059
59,6322191868285
60,7421703496067
