ExecInstrId,DispatchTimeTick
61297773248513,3621
61297773248514,3625
61297773248515,3625
61297773248516,3626
61297773248517,3626
61297773248518,3627
61297773248519,3627
61297773248520,3628
61297773248521,3628
61297773248522,3629
61297773248523,3629
61297773248524,3630
61297773248525,3630
61297773248526,3631
61297773248527,3632
61297773248528,3635
61297773248529,3635
61297773248530,3636
61297773248531,3640
61297773248532,3640
61297773248533,3641
61297773248534,3641
61297773248535,3642
61297773248536,3642
61297773248537,3643
61297773248538,3643
61297773248539,3644
61297773248540,3644
61297773248541,3645
61297773248542,3645
61297773248543,3646
61297773248544,3646
61297773248545,3647
61297773248546,3647
61297773248547,3648
61297773248548,3648
61297773248549,3649
61297773248550,3649
61297773248551,3650
61297773248552,3650
61297773248553,3651
61297773248554,3651
61297773248555,3652
61022895341632,3658
61022895341633,3658
61022895341634,3662
61022895341635,3662
61022895341636,3663
61022895341637,3663
61022895341638,3664
61022895341639,3664
61022895341640,3665
61022895341641,3665
61022895341642,3666
61022895341643,3666
61022895341644,3667
61022895341645,3667
61022895341646,3668
61022895341647,3669
61022895341648,3672
61022895341649,3672
2473901162616,3673
2473901162617,3673
61022895341650,3673
2473901162618,3677
2473901162619,3677
61022895341651,3677
61022895341652,3677
2473901162620,3678
2473901162621,3678
61022895341653,3678
61022895341654,3678
2473901162622,3679
2473901162623,3679
61022895341655,3679
61022895341656,3679
2473901162624,3680
2473901162625,3680
61022895341657,3680
61022895341658,3680
2473901162626,3681
2473901162627,3681
61022895341659,3681
61022895341660,3681
2473901162628,3682
2473901162629,3682
61022895341661,3682
61022895341662,3682
2473901162630,3683
61022895341663,3683
61022895341664,3683
2473901162631,3684
61022895341665,3684
61022895341666,3684
61022895341667,3685
61022895341668,3685
61022895341669,3686
61022895341670,3686
2473901162632,3687
2473901162633,3687
61022895341671,3687
61022895341672,3687
2473901162634,3688
61022895341673,3688
61022895341674,3688
61022895341675,3689
2473901162635,3692
2473901162636,3692
2473901162637,3693
2473901162638,3693
2473901162639,3694
2473901162640,3694
2473901162641,3695
2473901162642,3695
2473901162644,3697
2473901162645,3697
2473901162646,3698
2473901162647,3698
2473901162652,3699
2473901162653,3699
2473901162655,3701
2473901162660,3701
2473901162661,3702
2473901162662,3702
2473901162663,3703
2473901162664,3703
2473901162665,3704
2473901162666,3704
2473901162667,3705
2473901162668,3705
2473901162669,3708
2473901162670,3708
2473901162671,3709
2473901162672,3713
2473901162673,3713
2473901162674,3714
2473901162675,3714
2473901162676,3715
2473901162677,3715
2473901162678,3716
2473901162679,3716
2473901162680,3717
2473901162682,3718
2473901162683,3718
2473901162684,3719
2473901162685,3719
2473901162686,3720
2473901162687,3721
2473901162688,3721
2473901162689,3722
2473901162690,3722
2473901162691,3723
2473901162692,3723
2473901162693,3724
2473901162694,3724
2473901162695,3728
2473901162696,3728
2473901162697,3732
2473901162698,3732
2473901162699,3736
2473901162700,3736
2473901162701,3737
2473901162702,3740
2473901162703,3740
2473901162704,3744
2473901162705,3744
2473901162706,3748
2473901162707,3748
2473901162708,3752
2473901162709,3752
2473901162710,3756
2473901162711,3756
2473901162712,3760
2473901162713,3760
2473901162714,3764
2473901162715,3764
2473901162717,3768
2473901162718,3768
2473901162719,3772
2473901162720,3772
61297773248556,4563
61297773248557,4563
61297773248558,4564
61297773248559,4564
61297773248560,4565
61297773248561,4565
61297773248562,4566
61297773248563,4566
61297773248564,4567
61297773248565,4567
61297773248566,4568
61297773248567,4568
61297773248568,4569
61297773248569,4569
61297773248570,4570
61297773248571,4570
61297773248572,4571
61297773248573,4571
61297773248575,4573
61297773248785,4573
61297773248786,4574
61297773248787,4574
61297773248788,4575
61297773248789,4575
61297773248790,4576
61297773248791,4576
61297773248792,4577
61297773248793,4577
61297773248794,4578
61297773248795,4578
61297773248796,4579
61297773248797,4579
61297773248798,4580
61297773248799,4580
61297773248800,4581
61297773248802,4583
61297773248803,4583
61297773248804,4584
61297773248805,4584
61297773248806,4588
61297773248807,4588
61297773248808,4589
61297773248809,4589
61297773248810,4590
61297773248811,4590
61297773248812,4591
61297773248841,4591
61297773248843,4593
61297773248844,4593
61297773248845,4594
61297773248846,4594
61297773248847,4595
61297773248848,4595
61297773248849,4596
61297773248850,4596
61297773248851,4597
61297773248852,4597
61297773248853,4598
61297773248854,4598
61297773248855,4599
61297773248856,4599
61297773248857,4600
61297773248858,4600
61297773248859,4601
61297773248860,4601
61297773248861,4602
61297773248862,4602
2473901162721,4606
2473901162722,4606
61297773248863,4606
61297773248864,4606
2473901162723,4607
2473901162724,4607
61022895341676,4607
61022895341677,4607
2473901162725,4608
61022895341678,4608
61022895341679,4608
2473901162726,4609
61022895341680,4609
61022895341681,4609
2473901162727,4610
2473901162728,4610
61022895341682,4610
61022895341683,4610
61297773248865,4610
61297773248866,4610
2473901162729,4611
2473901162730,4611
61022895341684,4611
61022895341685,4611
2473901162731,4612
2473901162732,4612
61022895341686,4612
61022895341687,4612
2473901162733,4613
2473901162734,4613
61022895341720,4613
61022895341721,4613
2473901162735,4614
2473901162736,4614
61022895341722,4614
61022895341723,4614
61297773248867,4614
61297773248868,4614
2473901162737,4615
2473901162738,4615
61022895341728,4615
61022895341729,4615
2473901162739,4616
2473901162740,4616
2473901162741,4617
61022895341731,4617
61022895341869,4617
61022895341870,4618
61022895341871,4618
61297773248869,4618
61297773248870,4618
61022895341872,4619
61022895341873,4619
2473901162742,4620
2473901162743,4620
61022895341874,4620
61022895341875,4620
2473901162744,4621
2473901162745,4621
61022895341876,4621
61022895341877,4621
2473901162746,4622
61022895341878,4622
61022895341879,4622
61297773248871,4622
61297773248872,4622
2473901162748,4623
2473901162749,4623
61022895341880,4623
61022895341881,4623
2473901162750,4624
61022895341882,4624
61022895341883,4624
2473901162752,4625
2473901162753,4625
61022895341884,4625
2473901162754,4626
2473901162755,4626
61297773248873,4626
61297773248874,4626
2473901162757,4627
61022895341886,4627
61022895341887,4627
61297773248875,4627
2473901162758,4628
2473901162759,4628
61022895341888,4628
61022895341889,4628
61297773248876,4628
61297773248877,4629
61297773248878,4630
61297773248879,4631
61297773248880,4631
2473901162760,4632
2473901162761,4632
61022895341890,4632
61022895341891,4632
61297773248881,4632
61297773248882,4632
2473901162762,4633
2473901162763,4633
61022895341892,4633
61022895341893,4633
61297773248883,4633
61297773248884,4633
2473901162764,4634
2473901162765,4634
61022895341894,4634
61022895341895,4634
2473901162766,4635
2473901162767,4635
61022895341896,4635
61022895341973,4635
2473901162768,4636
2473901162897,4636
61297773248885,4636
61297773248886,4636
2473901162898,4637
61022895341975,4637
61022895341976,4637
61297773248887,4637
61297773248888,4637
2473901162899,4638
61022895341981,4638
61022895341982,4638
61297773248889,4638
2473901162900,4639
61022895341983,4639
61022895341984,4639
2473901162905,4640
2473901162906,4640
61022895341989,4640
61022895341990,4640
2473901162907,4641
2473901162908,4641
61022895341991,4641
61022895341992,4641
61297773248890,4641
61297773248891,4641
2473901162913,4642
2473901162914,4642
61022895341997,4642
61022895341998,4642
61297773248892,4642
61297773248893,4642
2473901162915,4643
2473901162916,4643
61022895341999,4643
61022895342000,4643
61297773248894,4643
2473901162921,4644
2473901162922,4644
61022895342005,4644
61022895342006,4644
61297773248895,4644
2473901162923,4645
2473901162924,4645
61022895342007,4645
61022895342008,4645
2473901162929,4646
2473901162930,4646
61022895342009,4646
61022895342010,4646
61297773248896,4646
61297773248897,4646
2473901162931,4647
61297773248898,4647
61297773248899,4647
61297773248900,4648
61297773248901,4648
61297773248902,4649
61297773248903,4649
2473901162932,4650
2473901162945,4650
61022895342011,4650
61022895342012,4650
61297773248904,4650
2473901162946,4651
61297773248905,4651
61297773248906,4652
61297773248907,4653
2473901162947,4654
2473901162948,4654
61022895342013,4654
61022895342014,4654
61297773248908,4654
2473901162953,4655
2473901162954,4655
61297773248909,4655
61297773248910,4656
61297773248911,4656
61297773248912,4657
61297773248989,4657
2473901162955,4658
2473901162956,4658
61022895342015,4658
61022895342016,4658
61297773248990,4658
61297773248991,4658
2473901162961,4659
2473901162962,4659
61297773248992,4659
61297773248997,4659
2473901162963,4660
2473901162964,4660
61297773248998,4660
61297773248999,4660
2473901162969,4661
2473901162970,4661
61297773249000,4661
2473901162971,4662
61022895342021,4662
61022895342022,4662
61297773249001,4662
61297773249002,4663
2473901162972,4664
2473901162977,4664
61297773249003,4664
61297773249004,4664
2473901162978,4665
2473901162979,4665
61297773249005,4665
61297773249006,4665
2473901162980,4666
2473901162997,4666
61022895342023,4666
61022895342024,4666
61297773249007,4666
61297773249008,4666
2473901162998,4667
2473901162999,4667
61297773249037,4667
61297773249038,4667
2473901163000,4668
61297773249039,4668
61297773249040,4668
61297773249041,4669
61022895342029,4670
61022895342030,4670
61297773249042,4670
61022895342031,4671
61297773249043,4671
2473901163005,4672
61022895342032,4672
61297773249044,4672
61022895342037,4673
61297773249045,4673
61022895342038,4674
61297773249046,4674
61297773249047,4674
61022895342039,4675
61022895342040,4675
61297773249048,4675
61022895342065,4676
61022895342066,4676
61022895342067,4677
61022895342068,4677
61022895342073,4680
61022895342074,4680
61022895342075,4681
61022895342076,4681
61022895342081,4682
2473901163006,4683
2473901163007,4683
2473901163008,4684
61022895342082,4685
61022895342083,4685
61022895342084,4686
61022895342089,4686
61022895342090,4687
2473901163013,4688
2473901163014,4688
61022895342091,4688
2473901163015,4689
2473901163016,4689
61022895342092,4690
61022895342109,4690
61022895342110,4691
61022895342111,4691
61022895342112,4692
61022895342117,4692
2473901163033,4693
2473901163034,4693
61022895342118,4693
61022895342119,4693
2473901163035,4694
2473901163036,4694
61022895342120,4694
2473901163041,4695
2473901163042,4695
61022895342125,4695
2473901163043,4696
2473901163044,4696
61022895342126,4696
2473901163049,4697
2473901163050,4697
61022895342127,4697
2473901163051,4698
2473901163052,4698
61022895342128,4698
2473901163057,4699
2473901163058,4699
61022895342133,4699
2473901163059,4700
2473901163060,4700
61022895342134,4700
61022895342135,4700
2473901163066,4701
61022895342136,4701
61022895342160,4701
2473901163067,4702
61022895342161,4702
61022895342162,4702
2473901163068,4703
61022895342163,4703
61022895342166,4703
61022895342167,4704
61022895342168,4704
61022895342169,4705
2473901163069,4706
61022895342170,4706
2473901163070,4707
2473901163071,4707
61022895342171,4707
2473901163072,4708
2473901163073,4708
61022895342172,4708
61022895342173,4708
2473901163074,4709
2473901163075,4709
61022895342174,4709
61022895342175,4709
61022895342176,4710
61022895342177,4710
61022895342178,4711
61022895342179,4711
61022895342180,4712
61022895342181,4712
2473901163076,4713
61022895342182,4713
61022895342183,4714
61022895342184,4715
61022895342185,4716
61022895342186,4717
61022895342187,4718
61022895342188,4718
61022895342189,4719
61297773249167,5036
61297773249168,5036
61297773249169,5037
61297773249170,5041
61297773249171,5041
61297773249172,5042
61297773249173,5042
61297773249174,5043
61297773249175,5044
61297773249176,5045
61297773249177,5046
61297773249178,5047
61297773249179,5048
61297773249180,5048
61297773249181,5049
61297773249182,5050
61297773249183,5051
61297773249184,5051
61297773249185,5052
61297773249186,5052
61297773249187,5053
61297773249188,5053
61297773249189,5054
61297773249190,5054
61297773249191,5055
61297773249192,5055
61297773249193,5056
61297773249194,5056
61297773249195,5057
61297773249196,5057
61297773249197,5058
61297773249198,5058
61297773249199,5059
61297773249200,5059
2473901163077,5060
61297773249201,5060
61297773249202,5060
61297773249203,5061
61297773249204,5061
61297773249205,5062
61297773249206,5063
61297773249207,5064
2473901163222,5066
2473901163223,5066
2473901163227,5070
2473901163228,5073
2473901163237,5074
2473901163238,5075
2473901163239,5075
2473901163240,5078
2473901163241,5079
2473901163242,5080
2473901163243,5080
2473901163244,5081
2473901163245,5081
2473901163246,5082
2473901163247,5082
61022895342357,5084
61022895342358,5084
2473901163248,5085
2473901163249,5085
61022895342359,5085
2473901163250,5086
61022895342360,5089
61022895342365,5089
2473901163251,5090
2473901163252,5090
61022895342366,5090
61022895342367,5090
2473901163253,5091
61022895342368,5091
61022895342369,5092
61022895342370,5093
61022895342371,5094
2473901163254,5095
61022895342372,5095
61022895342373,5096
61022895342374,5096
61022895342375,5097
2473901163255,5098
61022895342376,5098
2473901163256,5099
61022895342377,5099
61022895342378,5099
2473901163257,5100
61022895342379,5100
61022895342380,5100
2473901163258,5101
2473901163259,5101
61022895342381,5101
61022895342382,5101
61022895342383,5102
61022895342384,5102
61022895342385,5103
61022895342386,5103
61022895342387,5104
61022895342388,5104
2473901163260,5105
61022895342389,5105
61022895342390,5105
61022895342391,5106
61022895342392,5106
61022895342393,5107
61022895342394,5107
61022895342395,5108
61022895342396,5108
2473901163261,5109
2473901163262,5109
61022895342401,5109
61022895342402,5109
2473901163263,5110
2473901163264,5110
61022895342403,5110
2473901163265,5111
61022895342404,5111
2473901163266,5112
61022895342408,5112
2473901163267,5113
2473901163268,5114
2473901163269,5115
2473901163270,5117
2473901163271,5120
2473901163399,5126
2473901163400,5126
2473901163401,5131
2473901163402,5135
2473901163403,5136
2473901163404,5137
2473901163405,5138
2473901163406,5139
2473901163407,5140
2473901163408,5142
2473901163409,5142
2473901163410,5143
2473901163411,5143
2473901163412,5144
2473901163413,5144
2473901163414,5145
2473901163415,5146
2473901163416,5147
2473901163417,5148
2473901163418,5150
2473901163419,5151
2473901163420,5151
2473901163421,5152
2473901163422,5152
2473901163423,5153
2473901163424,5153
2473901163425,5157
2473901163426,5160
2473901163472,5166
2473901163473,5166
2473901163474,5170
2473901163475,5173
2473901163477,5175
2473901163478,5176
2473901163479,5176
2473901163480,5179
2473901163481,5180
2473901163482,5181
2473901163483,5181
2473901163484,5182
2473901163485,5182
2473901163486,5183
2473901163487,5183
2473901163488,5186
2473901163489,5186
2473901163490,5187
2473901163491,5191
2473901163492,5191
2473901163493,5192
2473901163494,5195
2473901163495,5198
2473901163496,5199
2473901163497,5200
2473901163498,5201
2473901163499,5202
2473901163500,5203
2473901163501,5206
2473901163502,5206
2473901163503,5207
2473901163504,5207
2473901163505,5208
2473901163506,5209
2473901163507,5212
2473901163508,5213
2473901163509,5214
2473901163510,5215
2473901163511,5216
2473901163512,5217
2473901163513,5218
2473901163514,5219
2473901163515,5221
2473901163516,5222
2473901163517,5223
2473901163518,5223
2473901163519,5224
2473901163520,5227
2473901163521,5230
2473901163550,5236
2473901163551,5236
2473901163552,5241
2473901163553,5245
2473901163554,5246
2473901163555,5247
2473901163557,5248
2473901163558,5249
2473901163559,5249
2473901163560,5252
2473901163561,5252
2473901163562,5253
2473901163563,5253
2473901163564,5254
2473901163565,5255
2473901163566,5255
2473901163567,5258
2473901163568,5260
2473901163569,5261
2473901163570,5262
2473901163571,5263
2473901163572,5264
2473901163573,5268
2473901163574,5269
2473901163576,5270
2473901163577,5271
2473901163578,5272
2473901163579,5274
2473901163580,5275
2473901163581,5275
2473901163582,5276
2473901163583,5276
2473901163584,5277
2473901163585,5277
2473901163586,5281
2473901163587,5284
2473901163633,5290
2473901163634,5290
2473901163635,5294
2473901163636,5297
2473901163638,5298
2473901163639,5299
2473901163640,5299
2473901163641,5302
2473901163642,5303
2473901163643,5304
2473901163644,5304
2473901163645,5305
2473901163646,5305
2473901163647,5306
2473901163648,5306
2473901163649,5309
2473901163650,5309
2473901163651,5310
2473901163652,5314
2473901163653,5314
2473901163654,5315
2473901163655,5318
2473901163656,5321
2473901163657,5322
2473901163658,5323
2473901163659,5324
2473901163660,5324
2473901163661,5328
2473901163662,5332
2473901163663,5332
2473901163664,5333
2473901163665,5333
2473901163666,5334
2473901163667,5335
2473901163668,5336
2473901163669,5337
2473901163670,5338
2473901163671,5341
2473901163672,5344
2473901163719,5350
2473901163720,5350
2473901163721,5354
2473901163722,5358
2473901163723,5359
2473901163724,5360
2473901163725,5361
2473901163726,5362
2473901163727,5363
2473901163728,5365
2473901163729,5365
2473901163730,5366
2473901163731,5366
2473901163732,5367
2473901163733,5367
2473901163734,5368
2473901163735,5369
2473901163736,5370
2473901163737,5371
2473901163738,5373
2473901163739,5374
2473901163740,5374
2473901163741,5375
2473901163742,5375
2473901163743,5376
2473901163744,5376
2473901163745,5380
2473901163746,5383
2473901163792,5389
2473901163793,5389
2473901163794,5393
2473901163795,5396
2473901163797,5398
2473901163798,5399
2473901163799,5399
2473901163800,5402
2473901163801,5403
2473901163802,5404
2473901163803,5404
2473901163804,5405
2473901163805,5405
2473901163806,5406
2473901163807,5406
2473901163808,5409
2473901163809,5409
2473901163810,5410
2473901163811,5414
2473901163812,5414
2473901163813,5415
2473901163814,5418
2473901163815,5421
2473901163816,5422
2473901163817,5423
2473901163818,5424
2473901163819,5425
2473901163820,5426
2473901163821,5429
2473901163822,5429
2473901163823,5430
2473901163824,5430
2473901163825,5431
2473901163826,5432
2473901163827,5435
2473901163828,5436
2473901163829,5437
2473901163830,5438
2473901163831,5439
2473901163832,5440
2473901163833,5441
2473901163834,5442
2473901163835,5444
2473901163836,5445
2473901163837,5446
2473901163838,5446
2473901163839,5447
2473901163840,5450
2473901163841,5453
2473901163886,5459
2473901163887,5459
2473901163888,5464
2473901163889,5468
2473901163890,5469
2473901163891,5470
2473901163893,5471
2473901163894,5472
2473901163895,5472
2473901163896,5475
2473901163897,5475
2473901163898,5476
2473901163899,5476
2473901163900,5477
2473901163901,5478
2473901163902,5478
2473901163903,5481
2473901163904,5483
2473901163905,5484
2473901163906,5485
2473901163907,5486
2473901163908,5487
2473901163909,5491
2473901163910,5492
2473901163912,5493
2473901163913,5494
2473901163914,5495
2473901163915,5497
2473901163916,5498
2473901163917,5498
2473901163918,5499
2473901163919,5499
2473901163920,5500
2473901163921,5500
2473901163922,5504
2473901163923,5507
2473901163971,5513
2473901163972,5513
2473901163973,5517
2473901163974,5520
2473901164002,5526
2473901164003,5526
2473901164004,5527
2473901164005,5527
2473901164006,5528
2473901164007,5528
2473901164008,5531
2473901164009,5531
2473901164010,5532
2473901164011,5536
2473901164012,5536
2473901164013,5540
2473901164014,5544
2473901164015,5545
2473901164016,5546
2473901164017,5547
2473901164018,5548
2473901164019,5548
2473901164020,5551
2473901164021,5552
2473901164022,5553
2473901164023,5553
2473901164024,5554
2473901164025,5554
2473901164026,5555
2473901164027,5555
2473901164028,5558
2473901164029,5558
2473901164030,5559
2473901164031,5563
2473901164032,5563
2473901164033,5564
2473901164034,5567
2473901164035,5570
2473901164036,5571
2473901164037,5572
2473901164038,5573
2473901164039,5573
2473901164040,5577
2473901164041,5581
2473901164042,5581
2473901164043,5582
2473901164044,5582
2473901164045,5583
2473901164046,5584
2473901164047,5585
2473901164048,5586
2473901164049,5587
2473901164050,5590
2473901164051,5593
2473901164098,5599
2473901164099,5599
2473901164100,5603
2473901164101,5607
2473901164102,5608
2473901164103,5609
2473901164104,5610
2473901164105,5611
2473901164106,5612
2473901164107,5614
2473901164108,5614
2473901164109,5615
2473901164110,5615
2473901164111,5616
2473901164112,5616
2473901164113,5617
2473901164114,5618
2473901164115,5619
2473901164116,5620
2473901164117,5622
2473901164118,5623
2473901164119,5623
2473901164120,5624
2473901164121,5624
2473901164122,5625
2473901164123,5625
2473901164124,5629
2473901164125,5632
2473901164171,5638
2473901164172,5638
2473901164173,5642
2473901164174,5645
2473901164176,5646
2473901164177,5646
2473901164178,5647
2473901164179,5647
2473901164180,5648
2473901164181,5648
2473901164182,5651
2473901164183,5651
2473901164184,5652
2473901164185,5656
2473901164186,5656
2473901164187,5660
2473901164188,5664
2473901164189,5665
2473901164190,5666
2473901164191,5667
2473901164192,5668
2473901164193,5668
2473901164194,5671
2473901164195,5672
2473901164196,5673
2473901164197,5673
2473901164198,5674
2473901164199,5674
2473901164200,5675
2473901164201,5675
2473901164202,5678
2473901164203,5678
2473901164204,5679
2473901164205,5683
2473901164206,5683
2473901164207,5684
2473901164208,5687
2473901164209,5690
2473901164210,5691
2473901164211,5692
2473901164212,5693
2473901164213,5694
2473901164214,5695
2473901164215,5698
2473901164216,5698
2473901164217,5699
2473901164218,5699
2473901164219,5700
2473901164220,5701
2473901164221,5704
2473901164222,5706
2473901164223,5707
2473901164224,5708
2473901164225,5709
2473901164226,5710
2473901164227,5711
2473901164228,5712
2473901164229,5714
2473901164230,5715
2473901164231,5716
2473901164232,5716
2473901164233,5717
2473901164234,5720
2473901164235,5723
2473901164280,5729
2473901164281,5729
2473901164282,5733
2473901164283,5737
2473901164284,5738
2473901164285,5739
2473901164287,5740
2473901164288,5741
2473901164289,5741
2473901164290,5745
2473901164291,5745
2473901164292,5746
2473901164293,5746
2473901164294,5747
2473901164295,5748
2473901164296,5748
2473901164297,5751
2473901164298,5753
2473901164299,5754
2473901164300,5755
2473901164301,5756
2473901164302,5757
2473901164303,5761
2473901164304,5762
2473901164306,5763
2473901164307,5764
2473901164308,5765
2473901164309,5767
2473901164310,5768
2473901164311,5768
2473901164312,5769
2473901164313,5769
2473901164314,5770
2473901164315,5770
2473901164316,5774
2473901164317,5777
2473901164363,5783
2473901164364,5783
2473901164365,5787
2473901164366,5790
2473901164394,5796
2473901164395,5796
2473901164396,5797
2473901164397,5797
2473901164398,5798
2473901164399,5798
2473901164400,5801
2473901164401,5801
2473901164402,5802
2473901164403,5806
2473901164404,5806
2473901164405,5810
2473901164406,5814
2473901164407,5815
2473901164408,5816
2473901164409,5817
2473901164410,5818
2473901164411,5818
2473901164412,5821
2473901164413,5822
2473901164414,5823
2473901164415,5823
2473901164416,5824
2473901164417,5824
2473901164418,5825
2473901164419,5825
2473901164420,5828
2473901164421,5828
2473901164422,5829
2473901164423,5833
2473901164424,5833
2473901164425,5834
2473901164426,5837
2473901164427,5840
2473901164428,5841
2473901164429,5842
2473901164430,5843
2473901164431,5843
2473901164432,5847
2473901164433,5851
2473901164434,5851
2473901164435,5852
2473901164436,5852
2473901164437,5853
2473901164438,5854
2473901164439,5855
2473901164440,5856
2473901164441,5857
2473901164442,5860
2473901164443,5863
2473901164490,5869
2473901164491,5869
2473901164492,5873
2473901164493,5877
2473901164494,5878
2473901164495,5879
2473901164496,5880
2473901164497,5881
2473901164498,5882
2473901164499,5884
2473901164500,5884
2473901164501,5885
2473901164502,5885
2473901164503,5886
2473901164504,5886
2473901164505,5887
2473901164506,5888
2473901164507,5889
2473901164508,5890
2473901164509,5892
2473901164510,5893
2473901164511,5893
2473901164512,5894
2473901164513,5894
2473901164514,5895
2473901164515,5895
2473901164516,5899
2473901164517,5902
2473901164563,5908
2473901164564,5908
2473901164565,5912
2473901164566,5915
2473901164593,5921
2473901164594,5921
2473901164595,5922
2473901164596,5922
2473901164597,5923
2473901164598,5923
2473901164599,5926
2473901164600,5926
2473901164601,5927
2473901164602,5931
2473901164603,5931
2473901164604,5935
2473901164605,5939
2473901164606,5940
2473901164607,5941
2473901164608,5942
2473901164609,5943
2473901164610,5943
2473901164611,5946
2473901164612,5947
2473901164613,5948
2473901164614,5948
2473901164615,5949
2473901164616,5949
2473901164617,5950
2473901164618,5950
2473901164619,5953
2473901164620,5953
2473901164621,5954
2473901164622,5958
2473901164623,5958
2473901164624,5959
2473901164625,5962
2473901164626,5965
2473901164627,5966
2473901164628,5967
2473901164629,5968
2473901164630,5969
2473901164631,5970
2473901164632,5973
2473901164633,5973
2473901164634,5974
2473901164635,5974
2473901164636,5975
2473901164637,5976
2473901164638,5979
2473901164639,5981
61022895342409,5981
61022895342410,5981
2473901164640,5982
61297773249208,5982
61297773249209,5982
2473901164641,5983
2473901164642,5984
2473901164643,5985
61022895342411,5985
61022895342412,5985
2473901164644,5986
61022895342413,5986
61022895342414,5986
61297773249210,5986
61297773249211,5986
2473901164645,5987
61022895342415,5987
61022895342416,5987
61297773249212,5987
61297773249213,5987
61022895342417,5988
61297773249214,5988
61297773249215,5988
2473901164646,5989
61297773249216,5989
2473901164647,5990
2473901164648,5991
2473901164649,5991
2473901164650,5992
61022895343778,5994
2473901164651,5995
61022895343779,5995
61297773250727,5995
61022895343780,5996
61022895343781,5996
61297773250732,5996
61297773250733,5997
61297773250734,5997
2473901164652,5998
61022895343782,6000
61022895343784,6001
61022895343785,6001
61297773250735,6001
61022895343786,6002
61297773250741,6002
61297773250742,6002
61022895343787,6003
61297773250743,6003
2473901164787,6004
2473901164788,6004
61022895343793,6004
61297773250744,6004
61297773250753,6005
61022895343795,6006
61022895343796,6007
61022895343805,6007
61297773250755,6007
2473901164789,6008
61022895343806,6008
61022895343807,6008
61297773250756,6008
61297773250765,6008
61022895343808,6009
61297773250766,6009
61297773250767,6009
61022895343817,6010
61022895343818,6010
61297773250768,6010
61297773250775,6011
61297773250776,6011
2473901164798,6012
2473901164799,6013
2473901164800,6014
61022895343819,6014
2473901164826,6015
61297773250777,6015
2473901164827,6016
2473901164828,6016
61022895343820,6017
61022895343827,6018
61022895343828,6018
61297773250778,6018
61022895343829,6019
61022895343830,6019
61297773250783,6019
61297773250784,6019
2473901164833,6020
2473901164834,6020
61022895343835,6020
61022895343836,6020
61297773250785,6020
61297773250786,6020
2473901164835,6021
2473901164836,6021
61022895343837,6021
61297773250791,6021
61297773250792,6021
2473901164837,6022
61022895343838,6022
61022895343843,6022
61297773250793,6022
2473901164838,6023
2473901164839,6023
61022895343844,6023
61022895343845,6023
61297773250794,6023
61297773250799,6023
61022895343846,6024
61022895343851,6024
61297773250800,6024
61297773250801,6024
61297773250802,6025
61297773250810,6025
2473901164840,6026
61022895343852,6026
61022895343853,6027
61297773250811,6027
2473901164841,6028
61022895343854,6028
61297773250812,6028
2473901164842,6029
61297773250813,6029
2473901164843,6030
2473901164844,6031
61022895343864,6031
2473901164845,6032
61022895343865,6032
61297773250824,6032
61022895343874,6033
61297773250825,6033
61297773250830,6034
61022895343876,6035
2473901164846,6036
61022895343877,6036
61022895343882,6036
61297773250832,6036
2473901164847,6037
61022895343883,6037
61297773250833,6037
61297773250838,6037
2473901164849,6038
61022895343885,6038
61022895343890,6038
61297773250839,6038
2473901164850,6039
61297773250841,6039
61297773250845,6039
2473901164851,6040
61022895343893,6040
61022895343924,6040
61022895343926,6041
61022895343927,6041
61297773250848,6041
61297773250880,6041
2473901164856,6042
61022895343932,6042
61297773250882,6042
61297773250883,6042
2473901164857,6043
2473901164858,6043
61297773250892,6043
2473901164859,6044
2473901164868,6044
2473901164869,6045
2473901164870,6045
2473901164871,6049
2473901164880,6052
2473901164998,6058
2473901164999,6058
2473901165000,6062
2473901165001,6065
2473901165029,6071
2473901165030,6071
2473901165031,6072
2473901165032,6072
2473901165033,6073
2473901165034,6073
2473901165035,6076
2473901165036,6076
2473901165037,6077
2473901165038,6081
2473901165039,6081
2473901165040,6085
2473901165041,6089
2473901165042,6090
2473901165043,6091
2473901165044,6092
2473901165045,6093
2473901165046,6093
2473901165047,6096
2473901165048,6097
2473901165049,6098
2473901165050,6098
2473901165051,6099
2473901165052,6099
2473901165053,6100
2473901165054,6100
2473901165055,6103
2473901165056,6103
2473901165057,6104
2473901165058,6108
2473901165059,6108
2473901165060,6109
2473901165061,6112
2473901165062,6115
2473901165063,6116
2473901165064,6117
2473901165065,6118
2473901165066,6118
2473901165067,6122
2473901165068,6126
2473901165069,6126
2473901165070,6127
2473901165071,6127
2473901165072,6128
2473901165073,6129
2473901165074,6130
2473901165075,6131
2473901165076,6132
2473901165077,6135
2473901165078,6138
2473901165125,6144
2473901165126,6144
2473901165127,6148
2473901165128,6152
2473901165129,6153
2473901165130,6154
2473901165131,6155
2473901165132,6156
2473901165133,6157
2473901165134,6159
2473901165135,6159
2473901165136,6160
2473901165137,6160
2473901165138,6161
2473901165139,6161
2473901165140,6162
2473901165141,6163
2473901165142,6164
2473901165143,6165
2473901165144,6167
2473901165145,6168
2473901165146,6168
2473901165147,6169
2473901165148,6169
2473901165149,6170
2473901165150,6170
2473901165151,6174
2473901165152,6177
2473901165195,6183
2473901165196,6183
2473901165197,6187
2473901165198,6190
2473901165225,6196
2473901165226,6196
2473901165227,6197
2473901165228,6197
2473901165229,6198
2473901165230,6198
2473901165231,6201
2473901165232,6201
2473901165233,6202
2473901165234,6206
2473901165235,6206
2473901165236,6210
2473901165237,6214
2473901165238,6215
2473901165239,6216
2473901165240,6217
2473901165241,6218
2473901165242,6218
2473901165243,6221
2473901165244,6222
2473901165245,6223
2473901165246,6223
2473901165247,6224
2473901165248,6224
2473901165249,6225
2473901165250,6225
2473901165251,6228
2473901165252,6228
2473901165253,6229
2473901165254,6233
2473901165255,6233
2473901165256,6234
2473901165257,6237
2473901165258,6240
2473901165259,6241
2473901165260,6242
2473901165261,6243
2473901165262,6244
2473901165263,6245
2473901165264,6248
2473901165265,6248
2473901165266,6249
2473901165267,6249
2473901165268,6250
2473901165269,6251
2473901165270,6254
2473901165271,6256
2473901165272,6257
2473901165273,6258
2473901165274,6259
2473901165275,6260
2473901165276,6261
2473901165277,6262
2473901165278,6264
2473901165279,6265
2473901165280,6266
2473901165281,6266
2473901165282,6267
2473901165283,6270
2473901165284,6273
2473901165329,6279
2473901165330,6279
2473901165331,6283
2473901165332,6287
2473901165333,6288
2473901165334,6289
2473901165336,6290
2473901165337,6291
2473901165338,6291
2473901165339,6295
2473901165340,6295
2473901165341,6296
2473901165342,6296
2473901165343,6297
2473901165344,6298
2473901165345,6298
2473901165346,6301
2473901165347,6303
2473901165348,6304
2473901165349,6305
2473901165350,6306
2473901165351,6307
2473901165352,6311
2473901165353,6312
2473901165355,6313
2473901165356,6314
2473901165357,6315
2473901165358,6317
2473901165359,6318
2473901165360,6318
2473901165361,6319
2473901165362,6319
2473901165363,6320
2473901165364,6320
2473901165365,6324
2473901165366,6327
2473901165414,6333
2473901165415,6333
2473901165416,6337
2473901165417,6340
2473901165445,6346
2473901165446,6346
2473901165447,6347
2473901165448,6347
2473901165449,6348
2473901165450,6348
2473901165451,6351
2473901165452,6351
2473901165453,6352
2473901165454,6356
2473901165455,6356
61022895343933,6357
61022895343934,6357
61297773250893,6358
61297773250894,6358
2473901165456,6360
61022895343935,6361
61022895343944,6361
61022895343945,6362
61022895343946,6362
61297773250895,6362
61297773250901,6362
61022895343947,6363
61022895343954,6363
61297773250902,6363
61297773250903,6363
2473901165457,6364
61022895343955,6364
61297773250904,6364
61297773250905,6364
2473901165458,6365
61297773250906,6365
2473901165459,6366
2473901165460,6367
2473901165461,6368
2473901165462,6368
61022895344600,6370
61022895344601,6370
2473901165463,6371
61022895344602,6371
61297773251549,6371
61297773251554,6371
2473901165464,6372
61022895344603,6372
61297773251555,6372
2473901165465,6373
2473901165466,6373
61297773251556,6373
2473901165467,6374
2473901165468,6374
61022895344604,6374
2473901165469,6375
2473901165470,6375
61022895344606,6375
61297773251557,6375
61022895344607,6376
61297773251558,6376
61297773251559,6377
2473901165471,6378
2473901165472,6378
61022895344608,6378
2473901165473,6379
61297773251560,6379
2473901165474,6383
2473901165475,6383
2473901165476,6384
2473901165477,6387
2473901165478,6390
2473901165479,6391
2473901165480,6392
2473901165481,6393
2473901165482,6393
2473901165483,6397
2473901165484,6401
2473901165485,6401
2473901165486,6402
2473901165487,6402
2473901165488,6403
2473901165489,6404
2473901165490,6405
2473901165491,6406
2473901165492,6407
2473901165493,6410
2473901165494,6413
2473901165579,6419
2473901165580,6419
2473901165581,6423
2473901165582,6427
2473901165583,6428
2473901165584,6429
2473901165585,6430
2473901165586,6431
2473901165587,6432
2473901165588,6434
2473901165589,6434
2473901165590,6435
2473901165591,6435
2473901165592,6436
2473901165593,6436
2473901165594,6437
2473901165595,6438
2473901165596,6439
2473901165597,6440
2473901165598,6442
2473901165599,6443
2473901165600,6443
2473901165601,6444
2473901165602,6444
2473901165603,6445
2473901165604,6445
2473901165605,6449
2473901165606,6452
2473901165649,6458
2473901165650,6458
2473901165651,6462
2473901165652,6465
2473901165679,6471
2473901165680,6471
2473901165681,6472
2473901165682,6472
2473901165683,6473
2473901165684,6473
2473901165685,6476
2473901165686,6476
2473901165687,6477
2473901165688,6481
2473901165689,6481
2473901165690,6485
2473901165691,6489
2473901165692,6490
2473901165693,6491
2473901165694,6492
2473901165695,6493
2473901165696,6493
2473901165697,6496
2473901165698,6497
2473901165699,6498
2473901165700,6498
2473901165701,6499
2473901165702,6499
2473901165703,6500
2473901165704,6500
2473901165705,6503
2473901165706,6503
2473901165707,6504
2473901165708,6508
2473901165709,6508
2473901165710,6509
2473901165711,6512
2473901165712,6515
2473901165713,6516
2473901165714,6517
2473901165715,6518
2473901165716,6519
2473901165717,6520
2473901165718,6523
2473901165719,6523
2473901165720,6524
2473901165721,6524
2473901165722,6525
2473901165723,6526
2473901165724,6529
2473901165725,6531
2473901165726,6532
2473901165727,6533
2473901165728,6534
2473901165729,6535
2473901165730,6536
2473901165731,6537
2473901165732,6539
2473901165733,6540
2473901165734,6541
2473901165735,6541
2473901165736,6542
2473901165737,6545
2473901165738,6548
2473901165783,6554
2473901165784,6554
2473901165785,6558
2473901165786,6562
2473901165787,6563
2473901165788,6564
2473901165790,6565
2473901165791,6566
2473901165792,6566
2473901165793,6570
2473901165794,6570
2473901165795,6571
2473901165796,6571
2473901165797,6572
2473901165798,6573
2473901165799,6573
2473901165800,6576
2473901165801,6578
2473901165802,6579
2473901165803,6580
2473901165804,6581
2473901165805,6582
2473901165806,6586
2473901165807,6587
2473901165809,6588
2473901165810,6589
2473901165811,6590
2473901165812,6592
2473901165813,6593
2473901165814,6593
2473901165815,6594
2473901165816,6594
2473901165817,6595
2473901165818,6595
2473901165819,6599
2473901165820,6602
2473901165868,6608
2473901165869,6608
2473901165870,6612
2473901165871,6615
2473901165899,6621
2473901165900,6621
2473901165901,6622
2473901165902,6622
2473901165903,6623
2473901165904,6623
2473901165905,6626
2473901165906,6626
2473901165907,6627
2473901165908,6631
2473901165909,6631
2473901165910,6635
2473901165911,6639
2473901165912,6640
2473901165913,6641
2473901165914,6642
2473901165915,6643
2473901165916,6643
2473901165917,6646
2473901165918,6647
2473901165919,6648
2473901165920,6648
2473901165921,6649
2473901165922,6649
2473901165923,6650
2473901165924,6650
2473901165925,6653
2473901165926,6653
2473901165927,6654
2473901165928,6658
2473901165929,6658
2473901165930,6659
2473901165931,6662
2473901165932,6665
2473901165933,6666
2473901165934,6667
2473901165935,6668
2473901165936,6668
2473901165937,6672
2473901165938,6676
2473901165939,6676
2473901165940,6677
2473901165941,6677
2473901165942,6678
2473901165943,6679
2473901165944,6680
2473901165945,6681
2473901165946,6682
2473901165947,6685
2473901165948,6688
2473901166078,6694
2473901166079,6694
2473901166085,6698
2473901166086,6702
2473901166087,6703
2473901166088,6704
2473901166090,6705
2473901166091,6706
2473901166092,6707
2473901166093,6709
2473901166094,6709
2473901166095,6710
2473901166096,6710
2473901166097,6711
2473901166098,6711
2473901166099,6712
2473901166100,6713
2473901166101,6714
2473901166102,6715
2473901166103,6717
2473901166104,6718
2473901166105,6718
2473901166108,6719
2473901166109,6719
2473901166110,6720
2473901166111,6720
2473901166112,6724
2473901166113,6727
2473901166193,6733
2473901166194,6733
2473901166195,6737
2473901166196,6740
2473901166223,6746
2473901166224,6746
2473901166225,6747
2473901166226,6747
2473901166227,6748
2473901166228,6748
2473901166229,6751
2473901166230,6751
2473901166231,6752
2473901166232,6756
2473901166233,6756
2473901166234,6760
2473901166235,6764
2473901166236,6765
2473901166237,6766
2473901166238,6767
2473901166239,6768
2473901166240,6768
2473901166241,6771
2473901166242,6772
2473901166243,6773
2473901166244,6773
2473901166245,6774
2473901166246,6774
2473901166247,6775
2473901166248,6775
2473901166249,6778
2473901166250,6778
2473901166251,6779
2473901166252,6783
2473901166253,6783
2473901166254,6784
2473901166255,6787
2473901166256,6790
2473901166257,6791
2473901166258,6792
2473901166259,6793
2473901166260,6794
2473901166261,6795
2473901166262,6798
2473901166263,6798
2473901166264,6799
2473901166265,6799
2473901166266,6800
2473901166267,6801
2473901166268,6804
2473901166269,6806
2473901166270,6807
2473901166271,6808
2473901166272,6809
2473901166273,6810
2473901166274,6811
2473901166275,6812
2473901166276,6814
2473901166277,6815
2473901166278,6816
2473901166279,6816
2473901166280,6817
2473901166281,6820
2473901166282,6823
2473901166327,6829
2473901166328,6829
2473901166329,6833
2473901166330,6837
2473901166331,6838
2473901166332,6839
2473901166334,6840
2473901166335,6841
2473901166336,6841
2473901166337,6845
2473901166338,6845
2473901166339,6846
2473901166340,6846
2473901166341,6847
2473901166342,6848
2473901166343,6848
2473901166344,6851
2473901166345,6853
2473901166346,6854
2473901166347,6855
2473901166348,6856
2473901166349,6857
2473901166350,6861
2473901166351,6862
2473901166353,6863
2473901166354,6864
2473901166355,6865
2473901166356,6867
2473901166357,6868
2473901166358,6868
2473901166359,6869
2473901166360,6869
2473901166361,6870
2473901166362,6870
2473901166363,6874
2473901166364,6877
2473901166412,6883
2473901166413,6883
2473901166414,6887
2473901166415,6890
2473901166443,6896
2473901166444,6896
2473901166445,6897
2473901166446,6897
2473901166447,6898
2473901166448,6898
2473901166449,6901
2473901166450,6901
2473901166451,6902
2473901166452,6906
2473901166453,6906
2473901166454,6910
2473901166455,6914
2473901166456,6915
2473901166457,6916
2473901166458,6917
2473901166459,6918
2473901166460,6918
2473901166461,6921
2473901166462,6922
2473901166463,6923
2473901166464,6923
2473901166465,6924
2473901166466,6924
2473901166467,6925
2473901166468,6925
2473901166469,6928
2473901166470,6928
2473901166471,6929
2473901166472,6933
2473901166473,6933
2473901166474,6934
2473901166475,6937
2473901166476,6940
2473901166477,6941
2473901166478,6942
2473901166479,6943
2473901166480,6943
2473901166481,6947
2473901166482,6951
2473901166483,6951
2473901166484,6952
2473901166485,6952
2473901166486,6953
2473901166487,6954
2473901166488,6955
2473901166489,6956
2473901166490,6957
2473901166491,6960
2473901166492,6963
2473901166539,6969
2473901166540,6969
2473901166541,6973
2473901166542,6977
2473901166543,6978
2473901166544,6979
2473901166545,6980
2473901166546,6981
2473901166547,6982
61022895345656,6982
61022895345657,6982
61022895345659,6983
2473901166548,6984
2473901166549,6984
61022895345660,6984
2473901166550,6985
2473901166551,6985
61022895345663,6985
2473901166552,6986
2473901166553,6986
61022895345664,6986
61022895345666,6986
2473901166554,6987
61022895345667,6987
61022895345668,6987
2473901166555,6988
61022895345669,6988
2473901166556,6989
2473901166557,6990
61022895345670,6990
61022895345671,6991
61022895345672,6991
2473901166558,6992
2473901166559,6993
2473901166560,6993
2473901166561,6994
2473901166562,6994
2473901166563,6995
2473901166564,6995
61022895345673,6995
61022895345674,6996
61022895345675,6996
61022895345677,6997
61022895345678,6997
61022895345679,6998
2473901166565,6999
61022895345680,6999
61022895345685,7000
61022895345686,7001
2473901166566,7002
61022895345687,7002
61022895345688,7003
61022895345693,7004
61022895345694,7005
61022895345695,7005
61022895345696,7006
61022895345701,7007
61022895345702,7007
2473901166673,7008
2473901166678,7008
61022895345703,7008
61022895345704,7008
61022895345705,7009
61022895345706,7009
61022895345707,7010
61022895345708,7011
2473901166679,7012
61022895345709,7012
61022895345710,7013
2473901166680,7015
61022895345713,7016
61022895345716,7020
2473901166731,7021
2473901166732,7021
61022895345717,7021
61022895345718,7021
2473901166733,7022
2473901166734,7022
2473901166735,7023
2473901166736,7023
61022895345719,7023
61022895345721,7025
2473901166737,7026
2473901166738,7026
61022895345722,7026
2473901166739,7027
61022895345723,7027
61022895345724,7028
2473901166740,7031
2473901166741,7031
61022895345727,7032
61022895345728,7033
61022895345729,7033
61022895345730,7034
2473901166742,7035
61022895345744,7035
61022895345746,7036
2473901166743,7039
61022895345747,7039
61022895345748,7039
2473901166744,7040
2473901166745,7041
2473901166746,7042
2473901166747,7043
2473901166748,7043
61022895345749,7043
61022895345754,7043
61022895345755,7044
61022895345756,7044
61022895345757,7045
61022895345758,7045
2473901166749,7046
61022895345759,7046
2473901166750,7047
61022895345761,7047
2473901166751,7048
2473901166752,7048
61022895345783,7048
2473901166753,7049
2473901166754,7049
61022895345784,7049
61022895345785,7049
2473901166755,7050
2473901166756,7050
2473901166757,7053
2473901166758,7053
61022895345786,7053
61297773252831,7053
61297773252832,7053
2473901166759,7054
61022895345791,7054
61022895345792,7054
61297773252834,7054
61022895345793,7055
61297773252835,7055
61022895345794,7056
61297773252838,7056
61022895345795,7057
61297773252839,7057
61297773252841,7057
2473901166760,7058
2473901166761,7058
61297773252842,7058
61297773252848,7058
2473901166762,7059
61022895345797,7059
61297773252849,7059
61022895345798,7060
61022895345799,7060
61022895345800,7061
61022895345801,7061
61297773252850,7061
2473901166763,7062
61022895345802,7062
61297773252851,7062
61297773252856,7062
61022895345855,7063
61022895345856,7063
2473901166764,7065
2473901166765,7066
61297773252857,7066
2473901166766,7067
61022895345857,7067
61297773252858,7067
61297773252859,7067
2473901166767,7068
61297773252864,7068
61297773252865,7068
2473901166768,7069
61297773252866,7069
2473901166769,7070
61022895345858,7070
61297773252867,7070
61297773252871,7071
61022895345863,7072
61022895345864,7072
61297773252872,7072
2473901166770,7073
2473901166771,7073
61022895345865,7073
61022895345866,7073
61297773252873,7073
2473901166772,7074
2473901166773,7074
61022895345871,7074
61022895345872,7074
61297773252874,7074
2473901166774,7075
61022895345873,7075
61297773252879,7075
2473901166775,7076
61022895345874,7076
61022895345875,7076
61297773252880,7076
61297773252881,7076
61022895345876,7077
61022895345877,7077
61297773252882,7077
61022895345878,7078
61022895345879,7078
61297773252887,7078
61297773252888,7078
2473901166776,7079
61297773252889,7079
61297773252890,7079
61022895345880,7080
61297773252895,7080
61297773252896,7080
2473901166777,7081
61022895345881,7081
61297773252897,7081
2473901166778,7082
61022895345882,7082
61297773252898,7082
2473901166779,7083
61297773252903,7083
2473901166780,7084
61297773252904,7084
2473901166781,7085
61022895345885,7085
2473901166782,7086
61022895345886,7086
2473901166787,7087
61022895345900,7087
61297773252907,7087
2473901166788,7089
61022895345902,7089
2473901166789,7090
61022895345903,7090
61022895345908,7090
2473901166790,7091
2473901166795,7091
61022895345909,7091
61297773252910,7091
2473901166796,7092
61022895345911,7092
61022895345916,7092
61297773252911,7092
61297773252912,7092
61022895345919,7094
61022895345979,7094
61297773252913,7094
2473901166797,7095
61022895345981,7095
61022895345982,7095
61022895345986,7096
61297773252915,7096
61297773252916,7097
2473901166798,7098
61297773252917,7098
61022895345987,7099
61022895345988,7099
61297773252918,7099
61022895345989,7103
61022895345990,7103
61297773252921,7103
2473901167008,7104
2473901167009,7104
61022895345991,7104
61022895345992,7104
61297773252922,7104
61297773252927,7104
61022895345993,7105
61022895345994,7105
61297773252928,7105
61022895345995,7106
61297773252941,7106
61297773252942,7107
2473901167010,7108
61297773252943,7110
61297773252944,7110
2473901167015,7112
61022895346128,7112
61022895346129,7112
2473901167016,7113
61022895346130,7113
2473901167017,7114
61022895346131,7114
61297773252945,7114
61297773252946,7114
2473901167030,7115
61297773252947,7115
61297773252948,7115
2473901167031,7116
2473901167032,7116
61022895346132,7116
61297773252949,7116
61297773252953,7116
61022895346133,7117
61297773252954,7117
61022895346134,7118
61297773252956,7118
61297773252977,7119
2473901167037,7120
2473901167038,7120
61022895346135,7120
61297773252978,7120
61297773252979,7120
2473901167039,7121
2473901167040,7121
2473901167044,7122
61022895346140,7122
2473901167045,7123
2473901167046,7123
61022895346141,7123
61022895346143,7124
61297773252980,7124
61022895346152,7125
61297773252981,7125
61297773252982,7125
2473901167047,7126
61022895346155,7126
61297773252983,7126
61022895346164,7127
61022895346166,7127
61297773252984,7127
2473901167048,7128
61022895346167,7128
61022895346174,7128
61297773252985,7128
2473901167049,7129
61022895346175,7129
2473901167050,7130
61297773252987,7130
2473901167051,7131
61022895346176,7131
61297773252988,7131
61297773252992,7131
2473901167052,7132
61022895346177,7132
61022895346178,7132
61297773252993,7132
61297773252994,7132
61297773252995,7133
61297773253027,7134
61297773253028,7134
2473901167053,7136
61022895346179,7136
2473901167054,7137
61022895346180,7137
61022895346181,7137
61022895346182,7138
61022895346183,7138
61297773253029,7138
61022895346184,7139
61022895346185,7140
61022895346187,7141
61297773253030,7141
61022895346188,7142
61022895346189,7143
61297773253035,7143
61297773253036,7143
61022895346190,7144
61297773253037,7144
61297773253038,7144
61022895346195,7145
61297773253039,7145
61297773253040,7145
2473901167211,7146
2473901167212,7146
61022895346196,7146
61022895346197,7146
61297773253041,7146
61022895346198,7147
61297773253042,7147
61297773253088,7147
61022895346203,7148
61022895346204,7148
61297773253089,7148
61297773253090,7148
2473901167213,7149
61022895346205,7149
61022895346206,7149
61297773253091,7149
61297773253100,7149
61022895346211,7150
61022895346212,7150
61022895346213,7151
61297773253101,7151
61297773253102,7152
61297773253103,7153
61022895346214,7154
61022895346218,7155
61022895346219,7156
61297773253114,7156
61297773253115,7157
2473901167244,7158
61297773253170,7158
2473901167245,7159
61022895346222,7159
61297773253172,7160
2473901167246,7161
61297773253173,7161
61297773253174,7161
2473901167252,7162
2473901167253,7162
61297773253175,7162
2473901167254,7163
2473901167255,7163
61022895346225,7163
61297773253177,7163
61297773253178,7163
2473901167259,7164
2473901167260,7164
61022895346252,7164
61022895346253,7164
2473901167261,7165
2473901167262,7165
61297773253181,7165
61297773253211,7165
2473901167263,7166
2473901167264,7166
61022895346254,7166
61297773253213,7166
61297773253214,7166
2473901167273,7167
61297773253215,7167
61022895346256,7168
61022895346257,7169
2473901167274,7170
61022895346258,7170
61297773253216,7170
61297773253217,7170
61022895346259,7171
61297773253218,7174
61297773253219,7174
61022895346262,7175
61297773253220,7175
61297773253221,7175
2473901167308,7176
61022895346263,7176
61022895346264,7176
61297773253222,7176
61297773253223,7176
61022895346265,7177
61297773253224,7177
61022895346287,7178
2473901167309,7179
61022895346291,7179
61022895346292,7182
61022895346293,7182
61297773253353,7183
61297773253354,7183
61297773253355,7184
2473901167342,7185
61297773253356,7185
61022895346294,7186
61022895346295,7186
61022895346296,7187
61022895346297,7187
61297773253357,7187
2473901167347,7188
61022895346298,7188
61022895346299,7188
61297773253359,7188
61022895346300,7189
61297773253360,7189
61297773253361,7191
61297773253365,7193
2473901167398,7194
61297773253366,7194
61022895346477,7195
61297773253368,7195
61022895346482,7196
61297773253369,7196
61022895346483,7197
61022895346484,7197
61297773253372,7197
61297773253373,7198
61297773253375,7198
61297773253376,7199
61297773253380,7199
61297773253381,7200
61022895346485,7201
61022895346490,7202
61022895346491,7202
61297773253382,7202
61022895346492,7203
61297773253383,7203
61297773253391,7203
61022895346493,7204
61022895346498,7205
61022895346500,7207
61297773253392,7207
61022895346501,7208
61022895346502,7208
61297773253393,7208
61297773253394,7208
61022895346503,7209
61022895346504,7209
61297773253399,7209
61297773253400,7209
61022895346505,7210
61297773253401,7210
61022895346506,7211
61022895346507,7211
61297773253402,7211
61297773253406,7212
61297773253407,7213
61297773253408,7214
61022895346508,7215
61297773253409,7215
61297773253410,7216
61297773253411,7217
61297773253412,7217
61022895346509,7218
61297773253413,7218
61022895346510,7219
61022895346511,7219
61297773253416,7219
61297773253417,7219
61022895346512,7220
61022895346513,7220
61297773253418,7220
61297773253419,7220
61022895346514,7221
61022895346515,7221
61297773253422,7221
61297773253423,7221
61022895346516,7222
61297773253424,7222
61022895346517,7223
61022895346518,7223
61022895346519,7224
61022895346520,7224
61022895346521,7225
61022895346522,7225
61297773253425,7225
61297773253430,7226
61022895346523,7227
61297773253431,7227
61022895346524,7228
61022895346525,7229
61297773253438,7230
61022895346528,7232
61022895346529,7233
61022895346534,7234
61297773253441,7234
61297773253474,7235
61297773253475,7235
61022895346536,7236
61022895346537,7237
61022895346542,7237
61297773253476,7237
61022895346543,7238
61022895346545,7239
61022895346550,7239
61297773253482,7239
61297773253483,7240
61022895346553,7241
61022895346557,7241
61297773253484,7241
61022895346559,7242
61022895346560,7242
61297773253485,7242
61022895346561,7243
61022895346562,7246
61022895346563,7246
61297773253492,7246
61297773253493,7247
61297773253498,7247
61297773253499,7248
61297773253516,7249
61022895346564,7250
61022895346565,7250
61297773253517,7250
61022895346566,7251
61022895346567,7251
61022895346568,7252
61022895346569,7252
61022895346570,7253
61297773253518,7253
61297773253519,7253
61297773253520,7257
61297773253521,7257
61297773253522,7258
61297773253523,7258
61022895346654,7259
61022895346655,7259
61297773253524,7259
61297773253525,7259
61022895346656,7260
61297773253526,7260
61022895346657,7261
61022895346658,7263
61022895346659,7264
61022895346660,7265
61297773253637,7266
61022895346661,7267
61297773253642,7267
61297773253643,7268
61297773253644,7268
61022895346666,7269
61022895346667,7270
61022895346669,7271
61022895346674,7272
61297773253645,7272
61022895346677,7273
61297773253650,7273
61297773253651,7273
61022895346681,7274
61022895346683,7274
61297773253652,7274
61022895346684,7275
61022895346685,7275
61297773253653,7275
61022895346686,7276
61297773253658,7276
61022895346687,7278
61297773253660,7278
61022895346688,7279
61022895346689,7279
61297773253661,7279
61297773253666,7279
61297773253667,7280
61297773253668,7280
61297773253669,7281
61297773253674,7282
61297773253675,7282
61022895346690,7283
61022895346691,7284
61022895346692,7284
61022895346694,7285
61022895346695,7285
61022895346696,7286
61297773253676,7286
61022895346697,7287
61022895346702,7288
61022895346703,7289
61297773253677,7289
61022895346704,7290
61297773253682,7290
61297773253683,7290
61022895346705,7291
61297773253684,7291
61297773253685,7291
61022895346710,7292
61297773253690,7292
61297773253691,7292
61022895346711,7293
61022895346712,7293
61297773253692,7293
61022895346713,7294
61297773253693,7294
61297773253694,7294
61022895346718,7295
61022895346719,7295
61297773253695,7295
61297773253696,7295
61022895346720,7296
61022895346721,7296
61297773253697,7296
61297773253698,7296
61022895346726,7297
61022895346727,7297
61022895346728,7298
61297773253699,7298
61297773253700,7299
61297773253701,7300
61022895346729,7301
61022895346734,7302
61022895346735,7303
61297773253704,7303
61297773253705,7304
61297773253706,7305
61022895346742,7306
61297773253708,7307
61297773253709,7308
61297773253710,7308
61297773253711,7309
61022895346745,7310
61297773253713,7310
61297773253714,7310
61022895346774,7311
61022895346775,7311
61297773253717,7312
61297773253733,7312
61022895346776,7313
61297773253735,7313
61297773253736,7313
61297773253737,7314
61022895346778,7315
61022895346779,7316
61022895346780,7317
61297773253738,7317
61297773253739,7317
61022895346781,7318
61297773253740,7321
61297773253741,7321
61022895346784,7322
61297773253742,7322
61297773253743,7322
61022895346785,7323
61022895346786,7323
61297773253744,7323
61297773253745,7323
61022895346787,7324
61297773253746,7324
61022895346804,7325
61022895346805,7326
61022895346806,7329
61022895346807,7329
61297773253830,7330
61297773253831,7330
61297773253832,7331
61297773253833,7332
61022895346808,7333
61022895346809,7333
61022895346810,7334
61022895346811,7334
61297773253834,7334
61022895346812,7335
61022895346813,7335
61297773253835,7335
61022895346814,7336
61297773253836,7336
61297773253837,7338
61297773253839,7340
61297773253840,7341
61022895346941,7342
61297773253842,7342
61022895346946,7343
61297773253843,7343
61022895346947,7344
61022895346948,7344
61297773253846,7344
61297773253847,7345
61297773253849,7345
61297773253850,7346
61297773253851,7346
61297773253852,7347
61022895346949,7348
61022895346954,7349
61022895346955,7349
61297773253853,7349
61022895346956,7350
61297773253854,7350
61297773253858,7350
61022895346957,7351
61022895346965,7352
61022895346967,7354
61297773253859,7354
61022895346968,7355
61022895346969,7355
61297773253860,7355
61297773253861,7355
61022895346970,7356
61022895346971,7356
61297773253866,7356
61297773253867,7356
61022895346972,7357
61297773253868,7357
61022895346978,7358
61022895346979,7358
61297773253869,7358
61297773253873,7359
61297773253874,7360
61297773253875,7361
61022895346980,7362
61297773253876,7362
61297773253877,7363
61297773253878,7364
61297773253879,7364
61022895346981,7365
61297773253880,7365
61022895346987,7366
61022895346988,7366
61297773253881,7366
61297773253882,7366
61022895346989,7367
61022895346990,7367
61297773253883,7367
61297773253884,7367
61022895346991,7368
61022895346992,7368
61297773253886,7368
61297773253887,7368
61022895346993,7369
61297773253888,7369
61022895346994,7370
61022895346995,7370
61022895346996,7371
61022895346997,7371
61022895346998,7372
61022895346999,7372
61297773253889,7372
61297773253894,7373
61022895347000,7374
61297773253895,7374
61022895347001,7375
61022895347002,7376
2473901167399,7377
61297773253902,7377
61022895347005,7379
61022895347006,7380
61022895347012,7381
61297773253905,7381
61297773253951,7382
61297773253952,7382
2473901168015,7383
61022895347014,7383
2473901168016,7384
2473901168017,7384
61022895347015,7384
61022895347020,7384
61297773253953,7384
2473901168018,7385
2473901168019,7385
61022895347021,7385
61022895347023,7386
61022895347028,7386
61297773253960,7386
2473901168020,7387
61297773253961,7387
61022895347031,7388
61022895347035,7388
61297773253962,7388
2473901168025,7389
61022895347037,7389
61022895347038,7389
61297773253963,7389
61022895347039,7390
2473901168026,7392
61022895347040,7393
61022895347041,7393
61297773253970,7393
61297773253971,7394
61297773253976,7394
61297773253977,7395
61297773253994,7396
61022895347042,7397
61022895347043,7397
61297773253995,7397
2473901168081,7398
61022895347044,7398
61022895347045,7398
61022895347046,7399
61022895347047,7399
61022895347048,7400
61297773253996,7400
61297773253997,7400
2473901168082,7401
61297773253998,7404
61297773253999,7404
61297773254000,7405
61297773254001,7405
61022895347170,7406
61022895347172,7406
61297773254002,7406
61297773254003,7406
2473901168099,7407
61022895347173,7407
61297773254004,7407
61022895347174,7408
2473901168104,7410
61022895347175,7410
61022895347178,7411
61022895347179,7412
61297773254163,7413
61022895347180,7414
61297773254168,7414
61297773254169,7415
61297773254170,7415
2473901168164,7416
61022895347185,7416
61022895347186,7417
61022895347188,7418
61022895347193,7419
61297773254171,7419
61022895347196,7420
61297773254176,7420
61297773254177,7420
2473901168165,7421
61022895347203,7421
61022895347205,7421
61297773254178,7421
61022895347206,7422
61022895347211,7422
61297773254179,7422
61022895347212,7423
61297773254186,7423
61022895347213,7425
61297773254188,7425
61022895347214,7426
61022895347215,7426
61297773254189,7426
61297773254195,7426
2473901168231,7427
61297773254196,7427
61297773254197,7427
2473901168232,7428
2473901168233,7428
61297773254198,7428
2473901168234,7429
2473901168235,7429
61297773254203,7429
61297773254204,7429
61022895347216,7430
2473901168236,7431
61022895347217,7431
61022895347218,7431
61022895347220,7432
61022895347221,7432
61022895347222,7433
61297773254205,7433
61022895347223,7434
61022895347228,7435
61022895347229,7436
61297773254206,7436
2473901168277,7437
61022895347230,7437
61297773254211,7437
61297773254212,7437
61022895347231,7438
61297773254213,7438
61297773254214,7438
61022895347238,7439
61297773254219,7439
61297773254220,7439
2473901168278,7440
61022895347239,7440
61022895347240,7440
61297773254221,7440
61022895347241,7441
61297773254222,7441
61297773254223,7441
61022895347247,7442
61022895347248,7442
61297773254224,7442
61297773254225,7442
61022895347249,7443
61022895347250,7443
61297773254226,7443
61297773254227,7443
61022895347255,7444
61022895347256,7444
61022895347257,7445
61297773254228,7445
2473901168301,7446
61297773254229,7446
61297773254230,7447
61022895347258,7448
2473901168302,7449
61022895347263,7449
61022895347264,7450
61297773254233,7450
61297773254234,7451
61297773254235,7452
61022895347271,7453
61297773254237,7454
2473901168340,7455
61297773254238,7455
61297773254239,7455
61297773254240,7456
61022895347274,7457
61297773254242,7457
61297773254243,7457
2473901168341,7458
61022895347310,7458
61022895347311,7458
61297773254246,7459
61297773254281,7459
61022895347312,7460
61297773254283,7460
61297773254284,7460
61297773254285,7461
61022895347315,7462
61022895347316,7463
2473901168358,7464
61022895347317,7464
61297773254286,7464
61297773254287,7464
61022895347318,7465
61297773254288,7468
61297773254289,7468
61022895347321,7469
61297773254290,7469
61297773254291,7469
61022895347322,7470
61022895347323,7470
61297773254292,7470
61297773254296,7470
61022895347324,7471
61297773254297,7471
61022895347361,7472
61022895347362,7473
61022895347363,7476
61022895347364,7476
61297773254401,7477
61297773254402,7477
61297773254403,7478
61297773254404,7479
61022895347365,7480
61022895347366,7480
61022895347367,7481
61022895347368,7481
61297773254405,7481
61022895347369,7482
61022895347370,7482
61297773254410,7482
61022895347371,7483
61297773254411,7483
61297773254412,7485
61297773254418,7487
61297773254419,7488
61022895347514,7489
61297773254421,7489
61022895347519,7490
61297773254426,7490
61022895347520,7491
61022895347521,7491
61297773254429,7491
61297773254430,7492
61297773254432,7492
61297773254433,7493
61297773254434,7493
61297773254435,7494
61022895347522,7495
61022895347527,7496
61022895347528,7496
61297773254436,7496
61022895347529,7497
61297773254437,7497
61297773254438,7497
61022895347530,7498
61022895347535,7499
61022895347537,7501
61297773254439,7501
61022895347538,7502
61022895347539,7502
61297773254440,7502
61297773254441,7502
61022895347540,7503
61022895347541,7503
61297773254442,7503
61297773254443,7503
61022895347542,7504
61297773254444,7504
61022895347543,7505
61022895347544,7505
61297773254445,7505
61297773254446,7506
61297773254447,7507
61297773254448,7508
61022895347545,7509
61297773254449,7509
61297773254450,7510
61297773254451,7511
61297773254452,7511
61022895347546,7512
61297773254453,7512
61022895347547,7513
61022895347548,7513
61297773254454,7513
61297773254455,7513
61022895347549,7514
61022895347550,7514
61297773254456,7514
61297773254457,7514
61022895347551,7515
61022895347552,7515
61297773254459,7515
61297773254460,7515
61022895347553,7516
61297773254461,7516
61022895347554,7517
61022895347555,7517
61022895347556,7518
61022895347557,7518
61022895347558,7519
61022895347559,7519
61297773254462,7519
61297773254467,7520
61022895347560,7521
61297773254468,7521
61022895347561,7522
61022895347562,7523
61297773254475,7524
61022895347565,7526
61022895347566,7527
61022895347571,7528
61297773254478,7528
61297773254511,7529
61297773254512,7529
61022895347573,7530
61022895347574,7531
61022895347579,7531
61297773254513,7531
61022895347580,7532
61022895347582,7533
61022895347587,7533
61297773254519,7533
61297773254520,7534
61022895347590,7535
61022895347594,7535
61297773254521,7535
61022895347596,7536
61022895347597,7536
61297773254522,7536
61022895347598,7537
61022895347599,7540
61022895347600,7540
61297773254529,7540
61297773254530,7541
61297773254535,7541
61297773254536,7542
61297773254553,7543
61022895347601,7544
61022895347602,7544
61297773254554,7544
61022895347603,7545
61022895347604,7545
61022895347605,7546
61022895347606,7546
61022895347607,7547
61297773254555,7547
61297773254556,7547
61297773254557,7551
61297773254558,7551
61297773254559,7552
61297773254560,7552
61022895347695,7553
61022895347696,7553
61297773254561,7553
61297773254562,7553
61022895347697,7554
61297773254563,7554
61022895347698,7555
61022895347699,7557
61022895347700,7558
61022895347701,7559
61297773254668,7560
61022895347702,7561
61297773254673,7561
61297773254674,7562
61297773254675,7562
61022895347704,7563
61022895347705,7564
61022895347707,7565
61022895347708,7566
61297773254676,7566
61022895347711,7567
61297773254681,7567
61297773254682,7567
61022895347712,7568
61022895347714,7568
61297773254683,7568
61022895347715,7569
61022895347716,7569
61297773254684,7569
61022895347717,7570
61297773254689,7570
61022895347718,7572
61297773254691,7572
61022895347719,7573
61022895347720,7573
61297773254692,7573
61297773254697,7573
61297773254698,7574
61297773254699,7574
61297773254700,7575
61297773254705,7576
61297773254706,7576
61022895347721,7577
61022895347722,7578
61022895347723,7578
61022895347725,7579
61022895347726,7579
61022895347727,7580
61297773254707,7580
61022895347728,7581
61022895347733,7582
61022895347734,7583
61297773254708,7583
61022895347735,7584
61297773254713,7584
61297773254714,7584
61022895347736,7585
61297773254715,7585
61297773254716,7585
61022895347741,7586
61297773254721,7586
61297773254722,7586
61022895347742,7587
61022895347743,7587
61297773254723,7587
61022895347744,7588
61297773254724,7588
61297773254725,7588
61022895347749,7589
61022895347750,7589
61297773254726,7589
61297773254727,7589
61022895347751,7590
61022895347752,7590
61297773254728,7590
61297773254729,7590
61022895347757,7591
61022895347758,7591
61022895347759,7592
61297773254730,7592
61297773254731,7593
61297773254732,7594
61022895347760,7595
61022895347765,7596
61022895347766,7597
61297773254735,7597
61297773254736,7598
61297773254737,7599
61022895347773,7600
61297773254739,7601
61297773254740,7602
61297773254741,7602
61297773254742,7603
61022895347776,7604
61297773254744,7604
61297773254745,7604
61022895347805,7605
61022895347806,7605
61297773254748,7606
61297773254764,7606
61022895347807,7607
61297773254766,7607
61297773254767,7607
61297773254768,7608
61022895347809,7609
61022895347810,7610
61022895347811,7611
61297773254769,7611
61297773254770,7611
61022895347812,7612
61297773254771,7615
61297773254772,7615
61022895347815,7616
61297773254773,7616
61297773254774,7616
61022895347816,7617
61022895347817,7617
61297773254775,7617
61297773254776,7617
61022895347818,7618
61297773254777,7618
61022895347835,7619
61022895347836,7620
61022895347837,7623
61022895347838,7623
61297773254853,7624
61297773254854,7624
61297773254855,7625
61297773254856,7626
61022895347839,7627
61022895347840,7627
61022895347841,7628
61022895347842,7628
61297773254857,7628
61022895347843,7629
61022895347844,7629
61297773254862,7629
61022895347845,7630
61297773254863,7630
61297773254864,7632
61297773254870,7634
2473901168359,7635
61297773254871,7635
61022895347966,7636
61297773254873,7636
61022895347971,7637
61297773254878,7637
61022895347972,7638
61022895347973,7638
61297773254881,7638
61297773254882,7639
61297773254884,7639
61297773254885,7640
61297773254886,7640
2473901168923,7641
61297773254887,7641
2473901168924,7642
2473901168925,7642
61022895347974,7642
2473901168930,7643
2473901168931,7643
61022895347979,7643
61022895347980,7643
61297773254888,7643
61022895347981,7644
61297773254889,7644
61297773254890,7644
2473901168932,7645
61022895347982,7645
61022895347987,7646
2473901168946,7647
61022895347989,7648
61297773254891,7648
61022895347990,7649
61022895347991,7649
61297773254892,7649
61297773254893,7649
2473901168947,7650
61022895347992,7650
61022895347993,7650
61297773254894,7650
61297773254895,7650
61022895347994,7651
61297773254896,7651
61022895347998,7652
61022895347999,7652
61297773254897,7652
61297773254898,7653
61297773254899,7654
61297773254900,7655
2473901168993,7656
61022895348000,7656
61297773254901,7656
61297773254902,7657
61297773254903,7658
61297773254904,7658
2473901168994,7659
61022895348001,7659
61297773254905,7659
61022895348006,7660
61022895348007,7660
61297773254906,7660
61297773254907,7660
61022895348008,7661
61022895348009,7661
61297773254908,7661
61297773254909,7661
61022895348010,7662
61022895348011,7662
61297773254911,7662
61297773254912,7662
61022895348012,7663
61297773254913,7663
61022895348013,7664
61022895348014,7664
2473901169029,7665
61022895348015,7665
61022895348016,7665
61022895348017,7666
61022895348021,7666
61297773254914,7666
61297773254919,7667
2473901169030,7668
61022895348022,7668
61297773254920,7668
61022895348023,7669
61022895348024,7670
61297773254927,7671
61022895348027,7673
2473901169065,7674
61022895348028,7674
61022895348033,7675
61297773254930,7675
61297773254973,7676
61297773254974,7676
61022895348035,7677
61022895348036,7678
61022895348043,7678
61297773254975,7678
2473901169066,7679
61022895348044,7679
61022895348046,7680
61022895348055,7680
61297773254981,7680
61297773254982,7681
61022895348058,7682
61022895348068,7682
61297773254983,7682
61022895348070,7683
61022895348071,7683
61297773254984,7683
61022895348072,7684
2473901169086,7685
2473901169087,7686
2473901169088,7686
2473901169098,7687
2473901169099,7687
61022895348073,7687
61022895348074,7687
61297773254993,7687
61297773254994,7688
61297773255003,7688
2473901169100,7689
61297773255004,7689
61297773255033,7690
2473901169132,7691
61022895348075,7691
61022895348078,7691
61297773255034,7691
61022895348079,7692
61022895348080,7692
61022895348081,7693
61022895348086,7693
2473901169133,7694
61022895348087,7694
61297773255035,7694
61297773255036,7694
2473901169141,7695
2473901169142,7695
2473901169143,7696
2473901169144,7696
2473901169145,7698
61297773255037,7698
61297773255038,7698
61297773255039,7699
61297773255040,7699
61022895348253,7700
61022895348254,7700
61297773255041,7700
61297773255042,7700
61022895348255,7701
61297773255043,7701
61022895348256,7702
61022895348257,7704
61022895348263,7705
61022895348264,7706
2473901169218,7707
2473901169219,7707
61297773255241,7707
2473901169220,7708
2473901169228,7708
61022895348265,7708
61297773255252,7708
2473901169229,7709
61297773255253,7709
61297773255254,7709
61022895348272,7710
2473901169230,7711
61022895348273,7711
2473901169231,7712
61022895348275,7712
2473901169240,7713
2473901169241,7713
61022895348278,7713
61297773255255,7713
2473901169242,7714
61022895348281,7714
61297773255264,7714
61297773255265,7714
61022895348282,7715
61022895348284,7715
61297773255266,7715
61022895348285,7716
61022895348286,7716
61297773255267,7716
2473901169243,7717
2473901169257,7717
61022895348287,7717
61297773255281,7717
2473901169258,7718
2473901169259,7718
2473901169260,7719
61022895348288,7719
61297773255283,7719
61022895348289,7720
61022895348293,7720
61297773255284,7720
61297773255294,7720
61297773255295,7721
61297773255296,7721
61297773255297,7722
61297773255303,7723
61297773255304,7723
61022895348294,7724
61022895348295,7725
61022895348296,7725
61022895348304,7726
61022895348305,7726
61022895348306,7727
61297773255305,7727
61022895348307,7728
61022895348316,7729
61022895348317,7730
61297773255306,7730
61022895348318,7731
61297773255311,7731
61297773255312,7731
61022895348319,7732
61297773255313,7732
61297773255314,7732
61022895348333,7733
61297773255319,7733
61297773255320,7733
61022895348334,7734
61022895348335,7734
61297773255321,7734
61022895348336,7735
61297773255322,7735
61297773255323,7735
61022895348346,7736
61022895348347,7736
61297773255324,7736
61297773255325,7736
61022895348348,7737
61022895348349,7737
61297773255326,7737
61297773255327,7737
61022895348355,7738
61022895348356,7738
61022895348357,7739
61297773255328,7739
61297773255329,7740
61297773255330,7741
61022895348358,7742
61022895348363,7743
61022895348364,7744
61297773255333,7744
61297773255334,7745
61297773255335,7746
61022895348371,7747
61297773255337,7748
61297773255338,7749
61297773255339,7749
61297773255340,7750
61022895348374,7751
61297773255342,7751
61297773255343,7751
61022895348403,7752
61022895348404,7752
61297773255346,7753
61297773255362,7753
61022895348405,7754
61297773255364,7754
61297773255365,7754
61297773255366,7755
61022895348407,7756
61022895348408,7757
61022895348409,7758
61297773255367,7758
61297773255368,7758
61022895348410,7759
61297773255369,7762
61297773255370,7762
61022895348413,7763
61297773255371,7763
61297773255372,7763
61022895348414,7764
61022895348415,7764
61297773255373,7764
61297773255374,7764
61022895348416,7765
61297773255375,7765
61022895348446,7766
61022895348447,7767
61022895348448,7770
61022895348449,7770
61297773255534,7771
61297773255536,7771
61297773255537,7772
61297773255538,7773
61022895348450,7774
61022895348451,7774
61022895348452,7775
61022895348453,7775
61297773255539,7775
61022895348454,7776
61022895348455,7776
61297773255545,7776
61022895348456,7777
61297773255546,7777
61297773255547,7779
61297773255556,7781
61297773255557,7782
61022895348674,7783
61297773255559,7783
61022895348685,7784
61297773255565,7784
61022895348686,7785
61022895348687,7785
61297773255568,7785
61297773255575,7786
61297773255577,7786
61297773255578,7787
61297773255585,7787
61297773255586,7788
61022895348688,7789
61022895348699,7790
61022895348700,7790
61297773255587,7790
61022895348701,7791
61297773255588,7791
61297773255591,7791
61022895348702,7792
61022895348709,7793
61022895348711,7795
61297773255592,7795
61022895348712,7796
61022895348714,7796
61297773255593,7796
61297773255594,7796
61022895348715,7797
61022895348716,7797
61297773255596,7797
61297773255597,7797
61022895348717,7798
61297773255598,7798
61022895348719,7799
61022895348720,7799
61297773255599,7799
61297773255601,7800
61297773255602,7801
61297773255603,7802
61022895348721,7803
61297773255604,7803
61297773255606,7804
61297773255607,7805
61297773255608,7805
61022895348722,7806
61297773255609,7806
61022895348724,7807
61022895348725,7807
61297773255613,7807
61297773255614,7807
61022895348726,7808
61022895348727,7808
61297773255615,7808
61297773255616,7808
61022895348729,7809
61022895348730,7809
61297773255619,7809
61297773255620,7809
61022895348731,7810
61297773255621,7810
61022895348732,7811
61022895348734,7811
61022895348735,7812
61022895348736,7812
61022895348737,7813
61022895348739,7813
61297773255622,7813
61297773255633,7814
61022895348740,7815
61297773255634,7815
61022895348741,7816
61022895348742,7817
61297773255647,7818
61022895348746,7820
61022895348747,7821
61022895348753,7822
61297773255650,7822
61297773255692,7823
61297773255693,7823
61022895348755,7824
61022895348756,7825
61022895348762,7825
61297773255694,7825
61022895348763,7826
61022895348765,7827
61022895348771,7827
61297773255701,7827
61297773255702,7828
61022895348774,7829
61022895348786,7829
61297773255703,7829
61022895348788,7830
61022895348789,7830
61297773255704,7830
61022895348791,7831
61022895348792,7834
61022895348793,7834
61297773255712,7834
61297773255713,7835
61297773255719,7835
61297773255720,7836
61297773255751,7837
61022895348794,7838
61022895348799,7838
61297773255758,7838
61022895348800,7839
61022895348801,7839
61022895348802,7840
61022895348804,7840
61022895348805,7841
61297773255759,7841
61297773255760,7841
61297773255761,7845
61297773255768,7845
61297773255769,7846
61297773255770,7846
61022895348968,7847
61022895348970,7847
61297773255771,7847
61297773255773,7847
61022895348971,7848
61297773255774,7848
61022895348972,7849
61022895348973,7851
61022895348975,7852
61022895348976,7853
61297773255948,7854
61022895348977,7855
61297773255954,7855
61297773255955,7856
61297773255956,7856
61022895348980,7857
61022895348981,7858
61022895348983,7859
61022895348985,7860
61297773255957,7860
61022895348988,7861
61297773255963,7861
61297773255964,7861
61022895348990,7862
61022895348992,7862
61297773255965,7862
61022895348993,7863
61022895348995,7863
61297773255966,7863
61022895348996,7864
61297773255972,7864
61022895348997,7866
61297773255974,7866
61022895348998,7867
61022895349000,7867
61297773255975,7867
61297773255981,7867
61297773255982,7868
61297773255983,7868
61297773255984,7869
61297773255993,7870
61297773255994,7870
61022895349001,7871
61022895349002,7872
61022895349003,7872
61022895349006,7873
61022895349007,7873
61022895349008,7874
61297773255995,7874
61022895349009,7875
61022895349015,7876
61022895349016,7877
61297773255996,7877
61022895349017,7878
61297773256002,7878
61297773256003,7878
61022895349018,7879
61297773256004,7879
61297773256005,7879
61022895349024,7880
61297773256015,7880
61297773256016,7880
61022895349025,7881
61022895349026,7881
61297773256017,7881
61022895349027,7882
61297773256018,7882
61297773256024,7882
61022895349033,7883
61022895349034,7883
61297773256025,7883
61297773256026,7883
61022895349035,7884
61022895349036,7884
61297773256027,7884
61297773256030,7884
61022895349045,7885
61022895349046,7885
61022895349047,7886
61297773256031,7886
61297773256032,7887
61297773256033,7888
61022895349048,7889
61022895349054,7890
61022895349055,7891
61297773256037,7891
61297773256038,7892
61297773256040,7893
61022895349067,7894
61297773256042,7895
61297773256043,7896
61297773256045,7896
61297773256046,7897
61022895349070,7898
61297773256048,7898
61297773256052,7898
61022895349115,7899
61022895349116,7899
61297773256055,7900
61297773256087,7900
61022895349117,7901
61297773256089,7901
61297773256090,7901
61297773256096,7902
61022895349121,7903
61022895349122,7904
61022895349123,7905
61297773256097,7905
61297773256098,7905
61022895349124,7906
61297773256099,7909
61297773256106,7909
61022895349129,7910
61297773256107,7910
61297773256108,7910
61022895349130,7911
61022895349133,7911
61297773256109,7911
61297773256112,7911
61022895349134,7912
61297773256113,7912
61022895349178,7913
61022895349185,7914
61022895349186,7917
61022895349187,7917
61297773256262,7918
61297773256263,7918
61297773256264,7919
61297773256265,7920
61022895349188,7921
61022895349195,7921
61022895349196,7922
61022895349197,7922
61297773256266,7922
61022895349198,7923
61022895349201,7923
61297773256271,7923
61022895349202,7924
61297773256272,7924
61297773256273,7926
61297773256279,7928
61297773256280,7929
61022895349389,7930
61297773256282,7930
61022895349395,7931
61297773256290,7931
61022895349396,7932
61022895349397,7932
61297773256293,7932
61297773256294,7933
61297773256296,7933
61297773256297,7934
61297773256303,7934
61297773256304,7935
61022895349398,7936
61022895349404,7937
61022895349405,7937
61297773256305,7937
61022895349406,7938
61297773256306,7938
61297773256312,7938
61022895349407,7939
61022895349413,7940
61022895349415,7942
61297773256313,7942
61022895349416,7943
61022895349418,7943
61297773256314,7943
61297773256315,7943
61022895349419,7944
61022895349420,7944
61297773256316,7944
61297773256317,7944
61022895349421,7945
61297773256318,7945
61022895349423,7946
61022895349424,7946
61297773256319,7946
61297773256320,7947
61297773256321,7948
61297773256322,7949
61022895349425,7950
61297773256323,7950
61297773256324,7951
61297773256325,7952
61297773256326,7952
61022895349426,7953
61297773256327,7953
61022895349428,7954
61022895349429,7954
61297773256328,7954
61297773256329,7954
61022895349430,7955
61022895349431,7955
61297773256330,7955
61297773256331,7955
61022895349433,7956
61022895349434,7956
61297773256334,7956
61297773256335,7956
61022895349435,7957
61297773256336,7957
61022895349436,7958
61022895349441,7958
61022895349442,7959
61022895349443,7959
61022895349444,7960
61022895349446,7960
61297773256337,7960
61297773256343,7961
61022895349447,7962
61297773256344,7962
61022895349448,7963
61022895349449,7964
61297773256352,7965
61022895349457,7967
61022895349458,7968
61022895349468,7969
61297773256355,7969
61297773256403,7970
61297773256404,7970
61022895349470,7971
61022895349471,7972
61022895349478,7972
61297773256405,7972
61022895349479,7973
61022895349481,7974
61022895349487,7974
61297773256416,7974
61297773256417,7975
61022895349490,7976
61022895349516,7976
61297773256418,7976
61022895349518,7977
61022895349519,7977
61297773256419,7977
61022895349522,7978
61022895349523,7981
61022895349524,7981
61297773256428,7981
61297773256429,7982
61297773256435,7982
61297773256436,7983
61297773256479,7984
61022895349525,7985
61022895349527,7985
61297773256481,7985
61022895349528,7986
61022895349529,7986
61022895349530,7987
61022895349532,7987
61022895349533,7988
61297773256482,7988
61297773256483,7988
61297773256484,7992
61297773256488,7992
61297773256489,7993
61297773256490,7993
61022895349700,7994
61022895349702,7994
61297773256491,7994
61297773256493,7994
61022895349703,7995
61297773256494,7995
61022895349704,7996
61022895349705,7998
61022895349710,7999
61022895349711,8000
61297773256693,8001
61022895349712,8002
61297773256699,8002
61297773256700,8003
61297773256701,8003
61022895349715,8004
61022895349716,8005
61022895349718,8006
61022895349725,8007
61297773256702,8007
61022895349728,8008
61297773256708,8008
61297773256709,8008
61022895349735,8009
61022895349737,8009
61297773256710,8009
61022895349738,8010
61022895349740,8010
61297773256711,8010
61022895349741,8011
61297773256718,8011
61022895349742,8013
61297773256720,8013
61022895349743,8014
61022895349745,8014
61297773256721,8014
61297773256728,8014
61297773256729,8015
61297773256730,8015
61297773256731,8016
61297773256738,8017
61297773256739,8017
61022895349746,8018
61022895349747,8019
61022895349748,8019
61022895349751,8020
61022895349752,8020
61022895349753,8021
61297773256740,8021
61022895349754,8022
61022895349760,8023
61022895349761,8024
61297773256741,8024
61022895349762,8025
61297773256748,8025
61297773256749,8025
61022895349763,8026
61297773256750,8026
61297773256751,8026
61022895349770,8027
61297773256758,8027
61297773256759,8027
61022895349771,8028
61022895349772,8028
61297773256760,8028
61022895349773,8029
61297773256761,8029
61297773256764,8029
61022895349780,8030
61022895349781,8030
61297773256765,8030
61297773256766,8030
61022895349782,8031
61022895349783,8031
61297773256767,8031
61297773256770,8031
61022895349790,8032
61022895349791,8032
61022895349792,8033
61297773256771,8033
61297773256772,8034
61297773256773,8035
61022895349793,8036
61022895349800,8037
61022895349801,8038
61297773256778,8038
61297773256779,8039
61297773256782,8040
61022895349810,8041
61297773256784,8042
61297773256785,8043
61297773256788,8043
61297773256789,8044
61022895349813,8045
61297773256791,8045
61297773256794,8045
61022895349858,8046
61022895349859,8046
61297773256797,8047
61297773256829,8047
61022895349860,8048
61297773256831,8048
61297773256832,8048
61297773256835,8049
61022895349864,8050
61022895349865,8051
61022895349866,8052
61297773256836,8052
61297773256837,8052
61022895349867,8053
61297773256838,8056
61297773256841,8056
61022895349872,8057
61297773256842,8057
61297773256843,8057
61022895349873,8058
61022895349876,8058
61297773256844,8058
61297773256847,8058
61022895349877,8059
61297773256848,8059
61022895350029,8065
61022895350032,8065
61297773256974,8065
61297773256979,8065
61297773256980,8066
61297773256981,8067
61022895350033,8068
61297773256982,8069
61297773256984,8070
61297773256985,8071
61297773256986,8073
61297773256989,8075
61297773256990,8076
61022895350094,8077
61022895350100,8077
61297773256992,8077
61022895350101,8078
61022895350102,8078
61297773256997,8078
61022895350103,8079
61297773257000,8079
61022895350109,8080
61297773257002,8080
61297773257004,8080
61022895350110,8081
61022895350111,8081
61297773257005,8081
61297773257007,8081
61297773257008,8082
61297773257009,8084
61022895350112,8085
61022895350118,8085
61297773257010,8085
61297773257012,8085
61022895350119,8086
61022895350120,8089
61022895350121,8089
61297773257013,8089
61022895350123,8090
61297773257014,8090
61297773257015,8090
61297773257017,8091
61297773257018,8091
61297773257019,8092
61297773257020,8093
61022895350124,8094
61297773257023,8094
61297773257024,8095
61297773257025,8096
61297773257026,8097
61297773257028,8098
61297773257029,8099
61297773257030,8099
61297773257031,8100
61297773257033,8101
61297773257034,8101
61297773257035,8102
61297773257036,8102
61297773257039,8103
61297773257040,8103
61297773257041,8104
61297773257042,8107
61297773257048,8108
61297773257049,8109
61297773257057,8112
61297773257060,8116
61297773257080,8117
61297773257081,8117
61297773257082,8119
61297773257085,8121
61297773257086,8122
61297773257087,8123
61297773257088,8124
61297773257092,8128
61297773257093,8129
61297773257095,8129
61297773257096,8130
61297773257155,8136
61297773257156,8136
61297773257157,8139
61297773257163,8148
61297773257164,8148
61297773257165,8149
61297773257166,8149
61297773257167,8150
61297773257168,8151
61297773257169,8152
61297773257170,8152
61297773257171,8156
61297773257172,8156
61297773257173,8157
61297773257174,8160
61297773257175,8160
61297773257176,8161
61297773257177,8165
2473901171167,8415
2473901171168,8416
2473901171169,8416
2473901171170,8419
2473901171171,8419
2473901171172,8420
2473901171173,8420
2473901171174,8421
2473901171175,8424
2473901171178,8462
61022895350128,10703
61022895350131,10705
61297773257180,10907
61297773257183,10909
