ExecInstrId,BurstLength,BurstNumber,SrcStride,DstStride,SubBlockId
4947802327241,512,1,512,512,
4947802329279,512,1,512,512,
4947802329930,512,1,512,512,
4947802330402,512,1,512,512,
4947802330967,512,1,512,512,
4947802331422,512,1,512,512,
4947802332143,512,1,512,512,
4947802332847,512,1,512,512,
5222680234199,512,1,512,512,
5222680236451,512,1,512,512,
5222680237098,512,1,512,512,
5222680237627,512,1,512,512,
5222680238129,512,1,512,512,
5222680238727,512,1,512,512,
5222680239417,512,1,512,512,
5222680240162,512,1,512,512,
6047313956921,512,1,512,512,
6047313957456,512,1,512,512,
6047313957978,512,1,512,512,
6047313958515,512,1,512,512,
6047313959009,512,1,512,512,
6047313959607,512,1,512,512,
6047313960321,512,1,512,512,
6047313961064,512,1,512,512,
6322191864115,512,1,512,512,
6322191864682,512,1,512,512,
6322191865160,512,1,512,512,
6322191865719,512,1,512,512,
6322191866181,512,1,512,512,
6322191866901,512,1,512,512,
6322191867616,512,1,512,512,
6322191868285,512,1,512,512,
