ICacheEventId,CoreId,CoreTypeId,EventTimeTick,SourceInstrAddr,EventSize,HitStatus,ICacheEventType
1,0,1,858,624191668224,16,0,1
2,0,1,859,624191668352,128,0,1
3,0,1,860,624191668224,128,0,1
4,0,1,861,624191668480,128,0,1
5,0,1,862,624191668352,128,0,1
6,0,1,863,624191668608,128,0,1
7,0,1,864,624191668480,128,0,1
8,0,1,865,624191668608,128,0,1
9,0,1,866,624191668736,128,0,1
10,0,1,867,624191668864,128,0,1
11,0,1,868,624191668992,128,0,1
12,0,1,869,624191669120,128,0,1
13,0,1,870,624191669248,128,0,1
14,0,1,871,624191669376,128,0,1
15,0,1,872,624191669504,128,0,1
16,0,1,873,624191669632,128,0,1
17,0,1,874,624191669760,128,0,1
18,0,1,875,624191669888,128,0,1
19,0,1,876,624191670016,128,0,1
20,0,1,877,624191670144,128,0,1
21,0,2,893,624191670528,16,0,1
22,0,2,894,624191670656,128,0,1
23,0,3,927,624191670528,16,0,1
24,0,3,928,624191670656,128,0,1
25,0,3,3618,624191670544,16,1,1
26,0,3,3619,624191670560,16,1,1
27,0,3,3620,624191670576,16,1,1
28,0,3,3621,624191670592,16,1,1
29,0,3,3622,624191670608,16,1,1
30,0,3,3623,624191670624,16,1,1
31,0,3,3624,624191670640,16,1,1
32,0,3,3625,624191670656,16,1,1
33,0,3,3626,624191670672,16,1,1
34,0,3,3627,624191670688,16,1,1
35,0,3,3628,624191670704,16,1,1
36,0,3,3629,624191670720,16,1,1
37,0,3,3630,624191670736,16,1,1
38,0,3,3639,624191670752,16,1,1
39,0,3,3640,624191670768,16,1,1
40,0,3,3641,624191670784,16,0,1
41,0,3,3646,624191670912,128,0,1
42,0,3,3647,624191671040,128,0,1
43,0,3,3648,624191671168,128,0,1
44,0,2,3655,624191670544,16,1,1
45,0,2,3656,624191670560,16,1,1
46,0,2,3657,624191670576,16,1,1
47,0,2,3658,624191670592,16,1,1
48,0,2,3659,624191670608,16,1,1
49,0,2,3660,624191670624,16,1,1
50,0,2,3661,624191670640,16,1,1
51,0,2,3662,624191670656,16,1,1
52,0,2,3663,624191670672,16,1,1
53,0,2,3664,624191670688,16,1,1
54,0,2,3665,624191670704,16,1,1
55,0,2,3666,624191670720,16,1,1
56,0,2,3667,624191670736,16,1,1
57,0,1,3670,624191668240,16,1,1
58,0,1,3671,624191668256,16,1,1
59,0,1,3672,624191668272,16,1,1
60,0,1,3673,624191668288,16,1,1
61,0,1,3674,624191668304,16,1,1
62,0,1,3675,624191668320,16,1,1
63,0,1,3676,624191668336,16,1,1
64,0,2,3676,624191670752,16,1,1
65,0,1,3677,624191668352,16,1,1
66,0,2,3677,624191670768,16,1,1
67,0,1,3678,624191668368,16,1,1
68,0,2,3678,624191670784,16,0,1
69,0,1,3679,624191668384,16,1,1
70,0,1,3680,624191668400,16,1,1
71,0,1,3681,624191668416,16,1,1
72,0,1,3682,624191668432,16,1,1
73,0,2,3683,624191670912,128,0,1
74,0,2,3684,624191671040,128,0,1
75,0,2,3685,624191671168,128,0,1
76,0,1,3691,624191668448,16,1,1
77,0,1,3692,624191668464,16,1,1
78,0,1,3693,624191668480,16,1,1
79,0,1,3701,624191668496,16,1,1
80,0,1,3702,624191668512,16,1,1
81,0,1,3703,624191668528,16,1,1
82,0,1,3704,624191668544,16,1,1
83,0,1,3705,624191668560,16,1,1
84,0,1,3717,624191668576,16,1,1
85,0,1,3718,624191668592,16,1,1
86,0,1,3719,624191668608,16,1,1
87,0,1,3720,624191668624,16,1,1
88,0,1,3721,624191668640,16,1,1
89,0,1,3727,624191668656,16,1,1
90,0,1,3728,624191668672,16,1,1
91,0,1,3729,624191668688,16,1,1
92,0,1,3748,624191668704,16,1,1
93,0,1,3749,624191668720,16,1,1
94,0,1,3750,624191668736,16,0,1
95,0,1,3764,624191668864,128,0,1
96,0,1,3765,624191668992,128,0,1
97,0,1,3766,624191669120,128,0,1
98,0,1,3871,624191668752,16,1,1
99,0,1,3872,624191668768,16,1,1
100,0,1,3873,624191668784,16,1,1
101,0,3,4214,624191670800,16,1,1
102,0,3,4215,624191670816,16,1,1
103,0,3,4216,624191670832,16,1,1
104,0,3,4217,624191670848,16,1,1
105,0,3,4218,624191670864,16,1,1
106,0,3,4219,624191670880,16,1,1
107,0,2,4278,624191670800,16,1,1
108,0,2,4279,624191670816,16,1,1
109,0,2,4280,624191670832,16,1,1
110,0,2,4281,624191670848,16,1,1
111,0,2,4282,624191670864,16,1,1
112,0,2,4283,624191670880,16,1,1
113,0,3,4571,624191670896,16,1,1
114,0,3,4572,624191670912,16,1,1
115,0,3,4573,624191670928,16,1,1
116,0,3,4574,624191670944,16,1,1
117,0,3,4575,624191670960,16,1,1
118,0,3,4581,624191670976,16,1,1
119,0,3,4582,624191670992,16,1,1
120,0,3,4583,624191671008,16,1,1
121,0,3,4584,624191671024,16,1,1
122,0,3,4585,624191671040,16,1,1
123,0,3,4595,624191671056,16,1,1
124,0,3,4596,624191671072,16,1,1
125,0,3,4597,624191671088,16,1,1
126,0,3,4598,624191671104,16,1,1
127,0,3,4604,624191671120,16,1,1
128,0,3,4605,624191671136,16,1,1
129,0,3,4606,624191671152,16,1,1
130,0,3,4607,624191671168,16,1,1
131,0,1,4615,624191668800,16,1,1
132,0,2,4615,624191670896,16,1,1
133,0,1,4616,624191668816,16,1,1
134,0,2,4616,624191670912,16,1,1
135,0,1,4617,624191668832,16,1,1
136,0,2,4617,624191670928,16,1,1
137,0,1,4618,624191668848,16,1,1
138,0,2,4618,624191670944,16,1,1
139,0,1,4619,624191668864,16,1,1
140,0,2,4619,624191670960,16,1,1
141,0,2,4625,624191670976,16,1,1
142,0,2,4626,624191670992,16,1,1
143,0,1,4627,624191668880,16,1,1
144,0,2,4627,624191671008,16,1,1
145,0,1,4628,624191668896,16,1,1
146,0,2,4628,624191671024,16,1,1
147,0,1,4629,624191668912,16,1,1
148,0,2,4629,624191671040,16,1,1
149,0,1,4630,624191668928,16,1,1
150,0,3,4630,624191671184,16,1,1
151,0,1,4631,624191668944,16,1,1
152,0,3,4631,624191671200,16,1,1
153,0,3,4632,624191671216,16,1,1
154,0,3,4633,624191671232,16,1,1
155,0,2,4639,624191671056,16,1,1
156,0,1,4640,624191668960,16,1,1
157,0,2,4640,624191671072,16,1,1
158,0,1,4641,624191668976,16,1,1
159,0,2,4641,624191671088,16,1,1
160,0,1,4642,624191668992,16,1,1
161,0,2,4642,624191671104,16,1,1
162,0,3,4642,624191671248,16,1,1
163,0,3,4643,624191671264,16,1,1
164,0,3,4644,624191671280,16,1,1
165,0,1,4648,624191669008,16,1,1
166,0,2,4648,624191671120,16,1,1
167,0,1,4649,624191669024,16,1,1
168,0,2,4649,624191671136,16,1,1
169,0,1,4650,624191669040,16,1,1
170,0,2,4650,624191671152,16,1,1
171,0,1,4651,624191669056,16,1,1
172,0,2,4651,624191671168,16,1,1
173,0,3,4652,624191671296,16,0,1
174,0,3,4653,624191671424,128,0,1
175,0,3,4654,624191671552,128,0,1
176,0,3,4655,624191671680,128,0,1
177,0,1,4663,624191669072,16,1,1
178,0,1,4664,624191669088,16,1,1
179,0,1,4665,624191669104,16,1,1
180,0,1,4666,624191669156,12,1,1
181,0,1,4667,624191669168,16,1,1
182,0,1,4668,624191669184,16,1,1
183,0,1,4669,624191669200,16,1,1
184,0,1,4670,624191669216,16,1,1
185,0,1,4671,624191669232,16,1,1
186,0,1,4672,624191669164,4,1,1
187,0,1,4673,624191669168,16,1,1
188,0,1,4674,624191669184,16,1,1
189,0,2,4674,624191671184,16,1,1
190,0,1,4675,624191669200,16,1,1
191,0,2,4675,624191671200,16,1,1
192,0,2,4676,624191671216,16,1,1
193,0,2,4677,624191671232,16,1,1
194,0,2,4686,624191671248,16,1,1
195,0,2,4687,624191671264,16,1,1
196,0,2,4688,624191671280,16,1,1
197,0,2,4696,624191671296,16,0,1
198,0,1,4697,624191669164,4,1,1
199,0,2,4697,624191671424,128,0,1
200,0,1,4698,624191669168,16,1,1
201,0,2,4698,624191671552,128,0,1
202,0,1,4699,624191669184,16,1,1
203,0,2,4699,624191671680,128,0,1
204,0,1,4700,624191669200,16,1,1
205,0,1,4701,624191669216,16,1,1
206,0,1,4702,624191669232,16,1,1
207,0,1,4703,624191669164,4,1,1
208,0,1,4704,624191669168,16,1,1
209,0,1,4705,624191669184,16,1,1
210,0,1,4706,624191669200,16,1,1
211,0,1,4707,624191669216,16,1,1
212,0,1,4712,624191669164,4,1,1
213,0,1,4713,624191669168,16,1,1
214,0,1,4714,624191669184,16,1,1
215,0,1,4715,624191669200,16,1,1
216,0,3,5033,624191671312,16,1,1
217,0,3,5034,624191671328,16,1,1
218,0,3,5035,624191671344,16,1,1
219,0,3,5036,624191671360,16,1,1
220,0,3,5037,624191671376,16,1,1
221,0,3,5038,624191671392,16,1,1
222,0,3,5039,624191671408,16,1,1
223,0,3,5040,624191671424,16,1,1
224,0,3,5041,624191671440,16,1,1
225,0,3,5042,624191671456,16,1,1
226,0,3,5043,624191671472,16,1,1
227,0,3,5044,624191671488,16,1,1
228,0,3,5045,624191671504,16,1,1
229,0,3,5051,624191671460,12,1,1
230,0,3,5052,624191671472,16,1,1
231,0,3,5053,624191671488,16,1,1
232,0,3,5054,624191671504,16,1,1
233,0,3,5057,624191671460,12,1,1
234,0,3,5058,624191671472,16,1,1
235,0,3,5059,624191671488,16,1,1
236,0,3,5060,624191671504,16,1,1
237,0,3,5061,624191671520,16,1,1
238,0,1,5062,624191669208,8,1,1
239,0,3,5062,624191671460,12,1,1
240,0,1,5063,624191669216,16,1,1
241,0,3,5063,624191671472,16,1,1
242,0,1,5064,624191669232,16,1,1
243,0,3,5064,624191671488,16,1,1
244,0,1,5065,624191669248,16,1,1
245,0,3,5065,624191671504,16,1,1
246,0,1,5066,624191669288,8,1,1
247,0,3,5066,624191671520,16,1,1
248,0,1,5067,624191669296,16,1,1
249,0,1,5068,624191669312,16,1,1
250,0,1,5069,624191669328,16,1,1
251,0,1,5070,624191669344,16,1,1
252,0,1,5071,624191669360,16,1,1
253,0,1,5072,624191669376,16,1,1
254,0,1,5073,624191669392,16,1,1
255,0,1,5074,624191669408,16,1,1
256,0,1,5075,624191669424,16,1,1
257,0,1,5076,624191669440,16,1,1
258,0,1,5077,624191669456,16,1,1
259,0,1,5078,624191669456,16,1,1
260,0,1,5079,624191669472,16,1,1
261,0,1,5080,624191669488,16,1,1
262,0,1,5081,624191669504,16,1,1
263,0,2,5081,624191671312,16,1,1
264,0,2,5082,624191671328,16,1,1
265,0,2,5083,624191671344,16,1,1
266,0,2,5084,624191671360,16,1,1
267,0,2,5085,624191671376,16,1,1
268,0,2,5086,624191671392,16,1,1
269,0,2,5087,624191671408,16,1,1
270,0,2,5088,624191671424,16,1,1
271,0,1,5089,624191669520,16,1,1
272,0,2,5089,624191671440,16,1,1
273,0,1,5090,624191669536,16,1,1
274,0,2,5090,624191671456,16,1,1
275,0,1,5091,624191669552,16,1,1
276,0,2,5091,624191671472,16,1,1
277,0,2,5092,624191671488,16,1,1
278,0,2,5093,624191671504,16,1,1
279,0,2,5099,624191671460,12,1,1
280,0,2,5100,624191671472,16,1,1
281,0,2,5101,624191671488,16,1,1
282,0,2,5102,624191671504,16,1,1
283,0,1,5103,624191669504,16,1,1
284,0,1,5104,624191669520,16,1,1
285,0,1,5105,624191669536,16,1,1
286,0,2,5105,624191671460,12,1,1
287,0,2,5106,624191671472,16,1,1
288,0,2,5107,624191671488,16,1,1
289,0,2,5108,624191671504,16,1,1
290,0,2,5109,624191671520,16,1,1
291,0,2,5110,624191671460,12,1,1
292,0,2,5111,624191671472,16,1,1
293,0,2,5112,624191671488,16,1,1
294,0,2,5113,624191671504,16,1,1
295,0,2,5114,624191671520,16,1,1
296,0,1,5117,624191669504,16,1,1
297,0,1,5118,624191669520,16,1,1
298,0,1,5119,624191669536,16,1,1
299,0,1,5122,624191669432,8,1,1
300,0,1,5123,624191669440,16,1,1
301,0,1,5124,624191669456,16,1,1
302,0,1,5125,624191669472,16,1,1
303,0,1,5126,624191669488,16,1,1
304,0,1,5127,624191669504,16,1,1
305,0,1,5128,624191669520,16,1,1
306,0,1,5129,624191669536,16,1,1
307,0,1,5130,624191669552,16,1,1
308,0,1,5131,624191669568,16,1,1
309,0,1,5132,624191669504,16,1,1
310,0,1,5133,624191669520,16,1,1
311,0,1,5134,624191669536,16,1,1
312,0,1,5135,624191669552,16,1,1
313,0,1,5136,624191669568,16,1,1
314,0,1,5137,624191669504,16,1,1
315,0,1,5138,624191669520,16,1,1
316,0,1,5139,624191669536,16,1,1
317,0,1,5140,624191669552,16,1,1
318,0,1,5147,624191669504,16,1,1
319,0,1,5148,624191669520,16,1,1
320,0,1,5149,624191669536,16,1,1
321,0,1,5150,624191669552,16,1,1
322,0,1,5156,624191669504,16,1,1
323,0,1,5157,624191669520,16,1,1
324,0,1,5158,624191669536,16,1,1
325,0,1,5162,624191669548,4,1,1
326,0,1,5163,624191669552,16,1,1
327,0,1,5164,624191669568,16,1,1
328,0,1,5165,624191669584,16,1,1
329,0,1,5166,624191669628,4,1,1
330,0,1,5167,624191669632,16,1,1
331,0,1,5168,624191669648,16,1,1
332,0,1,5169,624191669664,16,1,1
333,0,1,5170,624191669680,16,1,1
334,0,1,5171,624191669696,16,1,1
335,0,1,5172,624191669712,16,1,1
336,0,1,5173,624191669728,16,1,1
337,0,1,5174,624191669744,16,1,1
338,0,1,5175,624191669760,16,1,1
339,0,1,5176,624191669776,16,1,1
340,0,1,5177,624191669792,16,1,1
341,0,1,5178,624191669808,16,1,1
342,0,1,5185,624191669076,12,1,1
343,0,1,5186,624191669088,16,1,1
344,0,1,5187,624191669104,16,1,1
345,0,1,5188,624191669120,16,1,1
346,0,1,5205,624191669136,16,1,1
347,0,1,5206,624191669152,16,1,1
348,0,1,5207,624191669168,16,1,1
349,0,1,5211,624191669840,16,1,1
350,0,1,5212,624191669856,16,1,1
351,0,1,5213,624191669872,16,1,1
352,0,1,5216,624191669860,12,1,1
353,0,1,5217,624191669872,16,1,1
354,0,1,5218,624191669888,16,1,1
355,0,1,5232,624191669812,12,1,1
356,0,1,5233,624191669824,16,1,1
357,0,1,5234,624191669840,16,1,1
358,0,1,5235,624191669856,16,1,1
359,0,1,5236,624191669076,12,1,1
360,0,1,5237,624191669088,16,1,1
361,0,1,5238,624191669104,16,1,1
362,0,1,5239,624191669120,16,1,1
363,0,1,5240,624191669136,16,1,1
364,0,1,5241,624191669152,16,1,1
365,0,1,5242,624191669168,16,1,1
366,0,1,5243,624191669156,12,1,1
367,0,1,5244,624191669168,16,1,1
368,0,1,5245,624191669184,16,1,1
369,0,1,5246,624191669200,16,1,1
370,0,1,5247,624191669216,16,1,1
371,0,1,5248,624191669232,16,1,1
372,0,1,5249,624191669164,4,1,1
373,0,1,5250,624191669168,16,1,1
374,0,1,5251,624191669184,16,1,1
375,0,1,5252,624191669200,16,1,1
376,0,1,5253,624191669216,16,1,1
377,0,1,5254,624191669232,16,1,1
378,0,1,5256,624191669164,4,1,1
379,0,1,5257,624191669168,16,1,1
380,0,1,5258,624191669184,16,1,1
381,0,1,5259,624191669200,16,1,1
382,0,1,5260,624191669216,16,1,1
383,0,1,5267,624191669164,4,1,1
384,0,1,5268,624191669168,16,1,1
385,0,1,5269,624191669184,16,1,1
386,0,1,5270,624191669200,16,1,1
387,0,1,5280,624191669164,4,1,1
388,0,1,5281,624191669168,16,1,1
389,0,1,5282,624191669184,16,1,1
390,0,1,5283,624191669200,16,1,1
391,0,1,5286,624191669208,8,1,1
392,0,1,5287,624191669216,16,1,1
393,0,1,5288,624191669232,16,1,1
394,0,1,5289,624191669248,16,1,1
395,0,1,5290,624191669288,8,1,1
396,0,1,5291,624191669296,16,1,1
397,0,1,5292,624191669312,16,1,1
398,0,1,5293,624191669328,16,1,1
399,0,1,5294,624191669344,16,1,1
400,0,1,5295,624191669360,16,1,1
401,0,1,5296,624191669376,16,1,1
402,0,1,5297,624191669392,16,1,1
403,0,1,5298,624191669408,16,1,1
404,0,1,5299,624191669424,16,1,1
405,0,1,5300,624191669440,16,1,1
406,0,1,5301,624191669456,16,1,1
407,0,1,5302,624191669456,16,1,1
408,0,1,5303,624191669472,16,1,1
409,0,1,5304,624191669488,16,1,1
410,0,1,5305,624191669504,16,1,1
411,0,1,5313,624191669520,16,1,1
412,0,1,5314,624191669536,16,1,1
413,0,1,5315,624191669552,16,1,1
414,0,1,5326,624191669504,16,1,1
415,0,1,5327,624191669520,16,1,1
416,0,1,5328,624191669536,16,1,1
417,0,1,5340,624191669504,16,1,1
418,0,1,5341,624191669520,16,1,1
419,0,1,5342,624191669536,16,1,1
420,0,1,5346,624191669432,8,1,1
421,0,1,5347,624191669440,16,1,1
422,0,1,5348,624191669456,16,1,1
423,0,1,5349,624191669472,16,1,1
424,0,1,5350,624191669488,16,1,1
425,0,1,5351,624191669504,16,1,1
426,0,1,5352,624191669520,16,1,1
427,0,1,5353,624191669536,16,1,1
428,0,1,5354,624191669552,16,1,1
429,0,1,5355,624191669568,16,1,1
430,0,1,5356,624191669504,16,1,1
431,0,1,5357,624191669520,16,1,1
432,0,1,5358,624191669536,16,1,1
433,0,1,5359,624191669552,16,1,1
434,0,1,5360,624191669568,16,1,1
435,0,1,5361,624191669504,16,1,1
436,0,1,5362,624191669520,16,1,1
437,0,1,5363,624191669536,16,1,1
438,0,1,5364,624191669552,16,1,1
439,0,1,5370,624191669504,16,1,1
440,0,1,5371,624191669520,16,1,1
441,0,1,5372,624191669536,16,1,1
442,0,1,5373,624191669552,16,1,1
443,0,1,5379,624191669504,16,1,1
444,0,1,5380,624191669520,16,1,1
445,0,1,5381,624191669536,16,1,1
446,0,1,5385,624191669548,4,1,1
447,0,1,5386,624191669552,16,1,1
448,0,1,5387,624191669568,16,1,1
449,0,1,5388,624191669584,16,1,1
450,0,1,5389,624191669628,4,1,1
451,0,1,5390,624191669632,16,1,1
452,0,1,5391,624191669648,16,1,1
453,0,1,5392,624191669664,16,1,1
454,0,1,5393,624191669680,16,1,1
455,0,1,5394,624191669696,16,1,1
456,0,1,5395,624191669712,16,1,1
457,0,1,5396,624191669728,16,1,1
458,0,1,5397,624191669744,16,1,1
459,0,1,5398,624191669760,16,1,1
460,0,1,5399,624191669776,16,1,1
461,0,1,5400,624191669792,16,1,1
462,0,1,5401,624191669808,16,1,1
463,0,1,5408,624191669076,12,1,1
464,0,1,5409,624191669088,16,1,1
465,0,1,5410,624191669104,16,1,1
466,0,1,5411,624191669120,16,1,1
467,0,1,5428,624191669136,16,1,1
468,0,1,5429,624191669152,16,1,1
469,0,1,5430,624191669168,16,1,1
470,0,1,5433,624191669156,12,1,1
471,0,1,5434,624191669168,16,1,1
472,0,1,5435,624191669184,16,1,1
473,0,1,5436,624191669200,16,1,1
474,0,1,5448,624191669164,4,1,1
475,0,1,5449,624191669168,16,1,1
476,0,1,5450,624191669184,16,1,1
477,0,1,5451,624191669200,16,1,1
478,0,1,5455,624191669812,12,1,1
479,0,1,5456,624191669824,16,1,1
480,0,1,5457,624191669840,16,1,1
481,0,1,5458,624191669856,16,1,1
482,0,1,5459,624191669076,12,1,1
483,0,1,5460,624191669088,16,1,1
484,0,1,5461,624191669104,16,1,1
485,0,1,5462,624191669120,16,1,1
486,0,1,5463,624191669136,16,1,1
487,0,1,5464,624191669152,16,1,1
488,0,1,5465,624191669168,16,1,1
489,0,1,5466,624191669156,12,1,1
490,0,1,5467,624191669168,16,1,1
491,0,1,5468,624191669184,16,1,1
492,0,1,5469,624191669200,16,1,1
493,0,1,5470,624191669216,16,1,1
494,0,1,5471,624191669232,16,1,1
495,0,1,5472,624191669164,4,1,1
496,0,1,5473,624191669168,16,1,1
497,0,1,5474,624191669184,16,1,1
498,0,1,5475,624191669200,16,1,1
499,0,1,5476,624191669216,16,1,1
500,0,1,5477,624191669232,16,1,1
501,0,1,5482,624191669288,8,1,1
502,0,1,5483,624191669296,16,1,1
503,0,1,5484,624191669312,16,1,1
504,0,1,5485,624191669328,16,1,1
505,0,1,5501,624191669344,16,1,1
506,0,1,5502,624191669360,16,1,1
507,0,1,5503,624191669376,16,1,1
508,0,1,5504,624191669392,16,1,1
509,0,1,5509,624191669208,8,1,1
510,0,1,5510,624191669216,16,1,1
511,0,1,5511,624191669232,16,1,1
512,0,1,5512,624191669248,16,1,1
513,0,1,5513,624191669288,8,1,1
514,0,1,5514,624191669296,16,1,1
515,0,1,5515,624191669312,16,1,1
516,0,1,5516,624191669328,16,1,1
517,0,1,5517,624191669344,16,1,1
518,0,1,5518,624191669360,16,1,1
519,0,1,5519,624191669376,16,1,1
520,0,1,5520,624191669392,16,1,1
521,0,1,5522,624191669228,4,1,1
522,0,1,5523,624191669232,16,1,1
523,0,1,5524,624191669248,16,1,1
524,0,1,5525,624191669264,16,1,1
525,0,1,5526,624191669280,16,1,1
526,0,1,5527,624191669296,16,1,1
527,0,1,5528,624191669312,16,1,1
528,0,1,5529,624191669328,16,1,1
529,0,1,5530,624191669344,16,1,1
530,0,1,5531,624191669360,16,1,1
531,0,1,5532,624191669376,16,1,1
532,0,1,5533,624191669392,16,1,1
533,0,1,5534,624191669408,16,1,1
534,0,1,5535,624191669424,16,1,1
535,0,1,5536,624191669440,16,1,1
536,0,1,5544,624191669456,16,1,1
537,0,1,5545,624191669472,16,1,1
538,0,1,5546,624191669488,16,1,1
539,0,1,5558,624191669504,16,1,1
540,0,1,5559,624191669520,16,1,1
541,0,1,5560,624191669536,16,1,1
542,0,1,5575,624191669504,16,1,1
543,0,1,5576,624191669520,16,1,1
544,0,1,5577,624191669536,16,1,1
545,0,1,5589,624191669504,16,1,1
546,0,1,5590,624191669520,16,1,1
547,0,1,5591,624191669536,16,1,1
548,0,1,5595,624191669432,8,1,1
549,0,1,5596,624191669440,16,1,1
550,0,1,5597,624191669456,16,1,1
551,0,1,5598,624191669472,16,1,1
552,0,1,5599,624191669488,16,1,1
553,0,1,5600,624191669504,16,1,1
554,0,1,5601,624191669520,16,1,1
555,0,1,5602,624191669536,16,1,1
556,0,1,5603,624191669552,16,1,1
557,0,1,5604,624191669568,16,1,1
558,0,1,5605,624191669504,16,1,1
559,0,1,5606,624191669520,16,1,1
560,0,1,5607,624191669536,16,1,1
561,0,1,5608,624191669552,16,1,1
562,0,1,5609,624191669568,16,1,1
563,0,1,5610,624191669504,16,1,1
564,0,1,5611,624191669520,16,1,1
565,0,1,5612,624191669536,16,1,1
566,0,1,5613,624191669552,16,1,1
567,0,1,5619,624191669504,16,1,1
568,0,1,5620,624191669520,16,1,1
569,0,1,5621,624191669536,16,1,1
570,0,1,5622,624191669552,16,1,1
571,0,1,5628,624191669504,16,1,1
572,0,1,5629,624191669520,16,1,1
573,0,1,5630,624191669536,16,1,1
574,0,1,5634,624191669548,4,1,1
575,0,1,5635,624191669552,16,1,1
576,0,1,5636,624191669568,16,1,1
577,0,1,5637,624191669584,16,1,1
578,0,1,5638,624191669600,16,1,1
579,0,1,5639,624191669616,16,1,1
580,0,1,5640,624191669632,16,1,1
581,0,1,5641,624191669648,16,1,1
582,0,1,5642,624191669664,16,1,1
583,0,1,5643,624191669680,16,1,1
584,0,1,5644,624191669696,16,1,1
585,0,1,5645,624191669712,16,1,1
586,0,1,5646,624191669728,16,1,1
587,0,1,5647,624191669744,16,1,1
588,0,1,5656,624191669760,16,1,1
589,0,1,5657,624191669776,16,1,1
590,0,1,5658,624191669792,16,1,1
591,0,1,5677,624191669808,16,1,1
592,0,1,5678,624191669824,16,1,1
593,0,1,5679,624191669840,16,1,1
594,0,1,5680,624191669076,12,1,1
595,0,1,5681,624191669088,16,1,1
596,0,1,5682,624191669104,16,1,1
597,0,1,5683,624191669120,16,1,1
598,0,1,5684,624191669136,16,1,1
599,0,1,5702,624191669156,12,1,1
600,0,1,5703,624191669168,16,1,1
601,0,1,5704,624191669184,16,1,1
602,0,1,5705,624191669200,16,1,1
603,0,1,5718,624191669164,4,1,1
604,0,1,5719,624191669168,16,1,1
605,0,1,5720,624191669184,16,1,1
606,0,1,5721,624191669200,16,1,1
607,0,1,5725,624191669812,12,1,1
608,0,1,5726,624191669824,16,1,1
609,0,1,5727,624191669840,16,1,1
610,0,1,5728,624191669856,16,1,1
611,0,1,5729,624191669076,12,1,1
612,0,1,5730,624191669088,16,1,1
613,0,1,5731,624191669104,16,1,1
614,0,1,5732,624191669120,16,1,1
615,0,1,5733,624191669136,16,1,1
616,0,1,5734,624191669152,16,1,1
617,0,1,5735,624191669168,16,1,1
618,0,1,5736,624191669156,12,1,1
619,0,1,5737,624191669168,16,1,1
620,0,1,5738,624191669184,16,1,1
621,0,1,5739,624191669200,16,1,1
622,0,1,5740,624191669216,16,1,1
623,0,1,5741,624191669232,16,1,1
624,0,1,5742,624191669164,4,1,1
625,0,1,5743,624191669168,16,1,1
626,0,1,5744,624191669184,16,1,1
627,0,1,5745,624191669200,16,1,1
628,0,1,5746,624191669216,16,1,1
629,0,1,5747,624191669232,16,1,1
630,0,1,5749,624191669164,4,1,1
631,0,1,5750,624191669168,16,1,1
632,0,1,5751,624191669184,16,1,1
633,0,1,5752,624191669200,16,1,1
634,0,1,5753,624191669216,16,1,1
635,0,1,5760,624191669164,4,1,1
636,0,1,5761,624191669168,16,1,1
637,0,1,5762,624191669184,16,1,1
638,0,1,5763,624191669200,16,1,1
639,0,1,5773,624191669164,4,1,1
640,0,1,5774,624191669168,16,1,1
641,0,1,5775,624191669184,16,1,1
642,0,1,5776,624191669200,16,1,1
643,0,1,5779,624191669208,8,1,1
644,0,1,5780,624191669216,16,1,1
645,0,1,5781,624191669232,16,1,1
646,0,1,5782,624191669248,16,1,1
647,0,1,5783,624191669288,8,1,1
648,0,1,5784,624191669296,16,1,1
649,0,1,5785,624191669312,16,1,1
650,0,1,5786,624191669328,16,1,1
651,0,1,5787,624191669344,16,1,1
652,0,1,5788,624191669360,16,1,1
653,0,1,5789,624191669376,16,1,1
654,0,1,5790,624191669392,16,1,1
655,0,1,5792,624191669228,4,1,1
656,0,1,5793,624191669232,16,1,1
657,0,1,5794,624191669248,16,1,1
658,0,1,5795,624191669264,16,1,1
659,0,1,5796,624191669280,16,1,1
660,0,1,5797,624191669296,16,1,1
661,0,1,5798,624191669312,16,1,1
662,0,1,5799,624191669328,16,1,1
663,0,1,5800,624191669344,16,1,1
664,0,1,5801,624191669360,16,1,1
665,0,1,5802,624191669376,16,1,1
666,0,1,5803,624191669392,16,1,1
667,0,1,5804,624191669408,16,1,1
668,0,1,5805,624191669424,16,1,1
669,0,1,5806,624191669440,16,1,1
670,0,1,5814,624191669456,16,1,1
671,0,1,5815,624191669472,16,1,1
672,0,1,5816,624191669488,16,1,1
673,0,1,5828,624191669504,16,1,1
674,0,1,5829,624191669520,16,1,1
675,0,1,5830,624191669536,16,1,1
676,0,1,5845,624191669504,16,1,1
677,0,1,5846,624191669520,16,1,1
678,0,1,5847,624191669536,16,1,1
679,0,1,5859,624191669504,16,1,1
680,0,1,5860,624191669520,16,1,1
681,0,1,5861,624191669536,16,1,1
682,0,1,5865,624191669432,8,1,1
683,0,1,5866,624191669440,16,1,1
684,0,1,5867,624191669456,16,1,1
685,0,1,5868,624191669472,16,1,1
686,0,1,5869,624191669488,16,1,1
687,0,1,5870,624191669504,16,1,1
688,0,1,5871,624191669520,16,1,1
689,0,1,5872,624191669536,16,1,1
690,0,1,5873,624191669552,16,1,1
691,0,1,5874,624191669568,16,1,1
692,0,1,5875,624191669504,16,1,1
693,0,1,5876,624191669520,16,1,1
694,0,1,5877,624191669536,16,1,1
695,0,1,5878,624191669552,16,1,1
696,0,1,5879,624191669568,16,1,1
697,0,1,5880,624191669504,16,1,1
698,0,1,5881,624191669520,16,1,1
699,0,1,5882,624191669536,16,1,1
700,0,1,5883,624191669552,16,1,1
701,0,1,5889,624191669504,16,1,1
702,0,1,5890,624191669520,16,1,1
703,0,1,5891,624191669536,16,1,1
704,0,1,5892,624191669552,16,1,1
705,0,1,5898,624191669504,16,1,1
706,0,1,5899,624191669520,16,1,1
707,0,1,5900,624191669536,16,1,1
708,0,1,5904,624191669548,4,1,1
709,0,1,5905,624191669552,16,1,1
710,0,1,5906,624191669568,16,1,1
711,0,1,5907,624191669584,16,1,1
712,0,1,5908,624191669628,4,1,1
713,0,1,5909,624191669632,16,1,1
714,0,1,5910,624191669648,16,1,1
715,0,1,5911,624191669664,16,1,1
716,0,1,5912,624191669680,16,1,1
717,0,1,5913,624191669696,16,1,1
718,0,1,5914,624191669712,16,1,1
719,0,1,5915,624191669728,16,1,1
720,0,1,5917,624191669568,16,1,1
721,0,1,5918,624191669584,16,1,1
722,0,1,5919,624191669600,16,1,1
723,0,1,5920,624191669616,16,1,1
724,0,1,5921,624191669632,16,1,1
725,0,1,5922,624191669648,16,1,1
726,0,1,5923,624191669664,16,1,1
727,0,1,5924,624191669680,16,1,1
728,0,1,5925,624191669696,16,1,1
729,0,1,5926,624191669712,16,1,1
730,0,1,5927,624191669728,16,1,1
731,0,1,5928,624191669744,16,1,1
732,0,1,5929,624191669760,16,1,1
733,0,1,5930,624191669776,16,1,1
734,0,1,5931,624191669792,16,1,1
735,0,1,5952,624191669808,16,1,1
736,0,1,5953,624191669824,16,1,1
737,0,1,5954,624191669840,16,1,1
738,0,1,5955,624191669076,12,1,1
739,0,1,5956,624191669088,16,1,1
740,0,1,5957,624191669104,16,1,1
741,0,1,5958,624191669120,16,1,1
742,0,1,5959,624191669136,16,1,1
743,0,1,5977,624191669156,12,1,1
744,0,1,5978,624191669168,16,1,1
745,0,1,5979,624191669184,16,1,1
746,0,1,5980,624191669200,16,1,1
747,0,2,5985,624191671460,12,1,1
748,0,2,5986,624191671472,16,1,1
749,0,3,5986,624191671460,12,1,1
750,0,2,5987,624191671488,16,1,1
751,0,3,5987,624191671472,16,1,1
752,0,3,5988,624191671488,16,1,1
753,0,2,5990,624191671500,4,1,1
754,0,2,5991,624191671504,16,1,1
755,0,3,5991,624191671500,4,1,1
756,0,2,5992,624191671520,16,1,1
757,0,3,5992,624191671504,16,1,1
758,0,1,5993,624191669164,4,1,1
759,0,2,5993,624191671536,16,1,1
760,0,3,5993,624191671520,16,1,1
761,0,1,5994,624191669168,16,1,1
762,0,2,5994,624191671552,16,1,1
763,0,3,5994,624191671536,16,1,1
764,0,1,5995,624191669184,16,1,1
765,0,2,5995,624191671568,16,1,1
766,0,3,5995,624191671552,16,1,1
767,0,1,5996,624191669200,16,1,1
768,0,2,5996,624191671584,16,1,1
769,0,3,5996,624191671568,16,1,1
770,0,2,5997,624191671600,16,1,1
771,0,3,5997,624191671584,16,1,1
772,0,2,5998,624191671616,16,1,1
773,0,3,5998,624191671600,16,1,1
774,0,2,5999,624191671632,16,1,1
775,0,3,5999,624191671616,16,1,1
776,0,1,6000,624191669812,12,1,1
777,0,2,6000,624191671648,16,1,1
778,0,3,6000,624191671632,16,1,1
779,0,1,6001,624191669824,16,1,1
780,0,2,6001,624191671664,16,1,1
781,0,3,6001,624191671648,16,1,1
782,0,1,6002,624191669840,16,1,1
783,0,2,6002,624191671680,16,1,1
784,0,3,6002,624191671664,16,1,1
785,0,1,6003,624191669856,16,1,1
786,0,2,6003,624191671696,16,1,1
787,0,3,6003,624191671680,16,1,1
788,0,1,6004,624191669076,12,1,1
789,0,3,6004,624191671696,16,1,1
790,0,1,6005,624191669088,16,1,1
791,0,1,6006,624191669104,16,1,1
792,0,1,6007,624191669120,16,1,1
793,0,1,6008,624191669136,16,1,1
794,0,1,6009,624191669152,16,1,1
795,0,1,6010,624191669168,16,1,1
796,0,1,6011,624191669156,12,1,1
797,0,2,6011,624191671712,16,1,1
798,0,1,6012,624191669168,16,1,1
799,0,2,6012,624191671728,16,1,1
800,0,3,6012,624191671712,16,1,1
801,0,1,6013,624191669184,16,1,1
802,0,2,6013,624191671744,16,1,1
803,0,3,6013,624191671728,16,1,1
804,0,1,6014,624191669200,16,1,1
805,0,2,6014,624191671760,16,1,1
806,0,3,6014,624191671744,16,1,1
807,0,1,6015,624191669216,16,1,1
808,0,3,6015,624191671760,16,1,1
809,0,1,6016,624191669232,16,1,1
810,0,1,6017,624191669164,4,1,1
811,0,1,6018,624191669168,16,1,1
812,0,1,6019,624191669184,16,1,1
813,0,1,6020,624191669200,16,1,1
814,0,1,6021,624191669216,16,1,1
815,0,1,6022,624191669232,16,1,1
816,0,2,6025,624191671732,12,1,1
817,0,2,6026,624191671744,16,1,1
818,0,3,6026,624191671732,12,1,1
819,0,1,6027,624191669288,8,1,1
820,0,2,6027,624191671760,16,1,1
821,0,3,6027,624191671744,16,1,1
822,0,1,6028,624191669296,16,1,1
823,0,2,6028,624191671776,16,1,1
824,0,3,6028,624191671760,16,1,1
825,0,1,6029,624191669312,16,1,1
826,0,3,6029,624191671776,16,1,1
827,0,1,6030,624191669328,16,1,1
828,0,2,6033,624191671732,12,1,1
829,0,2,6034,624191671744,16,1,1
830,0,3,6034,624191671732,12,1,1
831,0,2,6035,624191671760,16,1,1
832,0,3,6035,624191671744,16,1,1
833,0,2,6036,624191671776,16,1,1
834,0,3,6036,624191671760,16,1,1
835,0,3,6037,624191671776,16,1,1
836,0,2,6041,624191671732,12,1,1
837,0,2,6042,624191671744,16,1,1
838,0,3,6042,624191671732,12,1,1
839,0,2,6043,624191671760,16,1,1
840,0,3,6043,624191671744,16,1,1
841,0,2,6044,624191671776,16,1,1
842,0,3,6044,624191671760,16,1,1
843,0,2,6045,624191671792,16,1,1
844,0,3,6045,624191671776,16,1,1
845,0,1,6046,624191669344,16,1,1
846,0,3,6046,624191671792,16,1,1
847,0,1,6047,624191669360,16,1,1
848,0,1,6048,624191669376,16,1,1
849,0,1,6049,624191669392,16,1,1
850,0,1,6054,624191669208,8,1,1
851,0,1,6055,624191669216,16,1,1
852,0,1,6056,624191669232,16,1,1
853,0,1,6057,624191669248,16,1,1
854,0,1,6058,624191669288,8,1,1
855,0,1,6059,624191669296,16,1,1
856,0,1,6060,624191669312,16,1,1
857,0,1,6061,624191669328,16,1,1
858,0,1,6062,624191669344,16,1,1
859,0,1,6063,624191669360,16,1,1
860,0,1,6064,624191669376,16,1,1
861,0,1,6065,624191669392,16,1,1
862,0,1,6067,624191669228,4,1,1
863,0,1,6068,624191669232,16,1,1
864,0,1,6069,624191669248,16,1,1
865,0,1,6070,624191669264,16,1,1
866,0,1,6071,624191669280,16,1,1
867,0,1,6072,624191669296,16,1,1
868,0,1,6073,624191669312,16,1,1
869,0,1,6074,624191669328,16,1,1
870,0,1,6075,624191669344,16,1,1
871,0,1,6076,624191669360,16,1,1
872,0,1,6077,624191669376,16,1,1
873,0,1,6078,624191669392,16,1,1
874,0,1,6079,624191669408,16,1,1
875,0,1,6080,624191669424,16,1,1
876,0,1,6081,624191669440,16,1,1
877,0,1,6089,624191669456,16,1,1
878,0,1,6090,624191669472,16,1,1
879,0,1,6091,624191669488,16,1,1
880,0,1,6103,624191669504,16,1,1
881,0,1,6104,624191669520,16,1,1
882,0,1,6105,624191669536,16,1,1
883,0,1,6120,624191669504,16,1,1
884,0,1,6121,624191669520,16,1,1
885,0,1,6122,624191669536,16,1,1
886,0,1,6134,624191669504,16,1,1
887,0,1,6135,624191669520,16,1,1
888,0,1,6136,624191669536,16,1,1
889,0,1,6140,624191669432,8,1,1
890,0,1,6141,624191669440,16,1,1
891,0,1,6142,624191669456,16,1,1
892,0,1,6143,624191669472,16,1,1
893,0,1,6144,624191669488,16,1,1
894,0,1,6145,624191669504,16,1,1
895,0,1,6146,624191669520,16,1,1
896,0,1,6147,624191669536,16,1,1
897,0,1,6148,624191669552,16,1,1
898,0,1,6149,624191669568,16,1,1
899,0,1,6150,624191669504,16,1,1
900,0,1,6151,624191669520,16,1,1
901,0,1,6152,624191669536,16,1,1
902,0,1,6153,624191669552,16,1,1
903,0,1,6154,624191669568,16,1,1
904,0,1,6155,624191669584,16,1,1
905,0,1,6158,624191669628,4,1,1
906,0,1,6159,624191669632,16,1,1
907,0,1,6160,624191669648,16,1,1
908,0,1,6161,624191669664,16,1,1
909,0,1,6169,624191669680,16,1,1
910,0,1,6170,624191669696,16,1,1
911,0,1,6171,624191669712,16,1,1
912,0,1,6179,624191669548,4,1,1
913,0,1,6180,624191669552,16,1,1
914,0,1,6181,624191669568,16,1,1
915,0,1,6182,624191669584,16,1,1
916,0,1,6183,624191669628,4,1,1
917,0,1,6184,624191669632,16,1,1
918,0,1,6185,624191669648,16,1,1
919,0,1,6186,624191669664,16,1,1
920,0,1,6187,624191669680,16,1,1
921,0,1,6188,624191669696,16,1,1
922,0,1,6189,624191669712,16,1,1
923,0,1,6190,624191669728,16,1,1
924,0,1,6192,624191669568,16,1,1
925,0,1,6193,624191669584,16,1,1
926,0,1,6194,624191669600,16,1,1
927,0,1,6195,624191669616,16,1,1
928,0,1,6196,624191669632,16,1,1
929,0,1,6197,624191669648,16,1,1
930,0,1,6198,624191669664,16,1,1
931,0,1,6199,624191669680,16,1,1
932,0,1,6200,624191669696,16,1,1
933,0,1,6201,624191669712,16,1,1
934,0,1,6202,624191669728,16,1,1
935,0,1,6203,624191669744,16,1,1
936,0,1,6204,624191669760,16,1,1
937,0,1,6205,624191669776,16,1,1
938,0,1,6206,624191669792,16,1,1
939,0,1,6227,624191669808,16,1,1
940,0,1,6228,624191669824,16,1,1
941,0,1,6229,624191669840,16,1,1
942,0,1,6230,624191669076,12,1,1
943,0,1,6231,624191669088,16,1,1
944,0,1,6232,624191669104,16,1,1
945,0,1,6233,624191669120,16,1,1
946,0,1,6234,624191669136,16,1,1
947,0,1,6252,624191669156,12,1,1
948,0,1,6253,624191669168,16,1,1
949,0,1,6254,624191669184,16,1,1
950,0,1,6255,624191669200,16,1,1
951,0,1,6268,624191669164,4,1,1
952,0,1,6269,624191669168,16,1,1
953,0,1,6270,624191669184,16,1,1
954,0,1,6271,624191669200,16,1,1
955,0,1,6275,624191669812,12,1,1
956,0,1,6276,624191669824,16,1,1
957,0,1,6277,624191669840,16,1,1
958,0,1,6278,624191669856,16,1,1
959,0,1,6279,624191669076,12,1,1
960,0,1,6280,624191669088,16,1,1
961,0,1,6281,624191669104,16,1,1
962,0,1,6282,624191669120,16,1,1
963,0,1,6283,624191669136,16,1,1
964,0,1,6284,624191669152,16,1,1
965,0,1,6285,624191669168,16,1,1
966,0,1,6286,624191669156,12,1,1
967,0,1,6287,624191669168,16,1,1
968,0,1,6288,624191669184,16,1,1
969,0,1,6289,624191669200,16,1,1
970,0,1,6290,624191669216,16,1,1
971,0,1,6291,624191669232,16,1,1
972,0,1,6292,624191669164,4,1,1
973,0,1,6293,624191669168,16,1,1
974,0,1,6294,624191669184,16,1,1
975,0,1,6295,624191669200,16,1,1
976,0,1,6296,624191669216,16,1,1
977,0,1,6297,624191669232,16,1,1
978,0,1,6302,624191669288,8,1,1
979,0,1,6303,624191669296,16,1,1
980,0,1,6304,624191669312,16,1,1
981,0,1,6305,624191669328,16,1,1
982,0,1,6321,624191669344,16,1,1
983,0,1,6322,624191669360,16,1,1
984,0,1,6323,624191669376,16,1,1
985,0,1,6324,624191669392,16,1,1
986,0,1,6329,624191669208,8,1,1
987,0,1,6330,624191669216,16,1,1
988,0,1,6331,624191669232,16,1,1
989,0,1,6332,624191669248,16,1,1
990,0,1,6333,624191669288,8,1,1
991,0,1,6334,624191669296,16,1,1
992,0,1,6335,624191669312,16,1,1
993,0,1,6336,624191669328,16,1,1
994,0,1,6337,624191669344,16,1,1
995,0,1,6338,624191669360,16,1,1
996,0,1,6339,624191669376,16,1,1
997,0,1,6340,624191669392,16,1,1
998,0,1,6342,624191669228,4,1,1
999,0,1,6343,624191669232,16,1,1
1000,0,1,6344,624191669248,16,1,1
1001,0,1,6345,624191669264,16,1,1
1002,0,1,6346,624191669280,16,1,1
1003,0,1,6347,624191669296,16,1,1
1004,0,1,6348,624191669312,16,1,1
1005,0,1,6349,624191669328,16,1,1
1006,0,1,6350,624191669344,16,1,1
1007,0,1,6351,624191669360,16,1,1
1008,0,1,6352,624191669376,16,1,1
1009,0,1,6353,624191669392,16,1,1
1010,0,1,6354,624191669408,16,1,1
1011,0,1,6355,624191669424,16,1,1
1012,0,1,6356,624191669440,16,1,1
1013,0,2,6361,624191671732,12,1,1
1014,0,2,6362,624191671744,16,1,1
1015,0,3,6362,624191671732,12,1,1
1016,0,2,6363,624191671760,16,1,1
1017,0,3,6363,624191671744,16,1,1
1018,0,1,6364,624191669456,16,1,1
1019,0,3,6364,624191671760,16,1,1
1020,0,1,6365,624191669472,16,1,1
1021,0,1,6366,624191669488,16,1,1
1022,0,2,6366,624191671772,4,1,1
1023,0,2,6367,624191671776,16,1,1
1024,0,3,6367,624191671772,4,1,1
1025,0,2,6368,624191671792,16,1,1
1026,0,3,6368,624191671776,16,1,1
1027,0,2,6369,624191671808,16,0,1
1028,0,3,6369,624191671792,16,1,1
1029,0,2,6370,624191671936,128,0,1
1030,0,3,6370,624191671808,16,0,1
1031,0,2,6371,624191672064,128,0,1
1032,0,3,6371,624191671936,128,0,1
1033,0,2,6372,624191672192,128,0,1
1034,0,3,6372,624191672064,128,0,1
1035,0,3,6373,624191672192,128,0,1
1036,0,1,6378,624191669504,16,1,1
1037,0,1,6379,624191669520,16,1,1
1038,0,1,6380,624191669536,16,1,1
1039,0,1,6395,624191669504,16,1,1
1040,0,1,6396,624191669520,16,1,1
1041,0,1,6397,624191669536,16,1,1
1042,0,1,6409,624191669504,16,1,1
1043,0,1,6410,624191669520,16,1,1
1044,0,1,6411,624191669536,16,1,1
1045,0,1,6415,624191669432,8,1,1
1046,0,1,6416,624191669440,16,1,1
1047,0,1,6417,624191669456,16,1,1
1048,0,1,6418,624191669472,16,1,1
1049,0,1,6419,624191669488,16,1,1
1050,0,1,6420,624191669504,16,1,1
1051,0,1,6421,624191669520,16,1,1
1052,0,1,6422,624191669536,16,1,1
1053,0,1,6423,624191669552,16,1,1
1054,0,1,6424,624191669568,16,1,1
1055,0,1,6425,624191669504,16,1,1
1056,0,1,6426,624191669520,16,1,1
1057,0,1,6427,624191669536,16,1,1
1058,0,1,6428,624191669552,16,1,1
1059,0,1,6429,624191669568,16,1,1
1060,0,1,6430,624191669584,16,1,1
1061,0,1,6433,624191669628,4,1,1
1062,0,1,6434,624191669632,16,1,1
1063,0,1,6435,624191669648,16,1,1
1064,0,1,6436,624191669664,16,1,1
1065,0,1,6444,624191669680,16,1,1
1066,0,1,6445,624191669696,16,1,1
1067,0,1,6446,624191669712,16,1,1
1068,0,1,6454,624191669548,4,1,1
1069,0,1,6455,624191669552,16,1,1
1070,0,1,6456,624191669568,16,1,1
1071,0,1,6457,624191669584,16,1,1
1072,0,1,6458,624191669628,4,1,1
1073,0,1,6459,624191669632,16,1,1
1074,0,1,6460,624191669648,16,1,1
1075,0,1,6461,624191669664,16,1,1
1076,0,1,6462,624191669680,16,1,1
1077,0,1,6463,624191669696,16,1,1
1078,0,1,6464,624191669712,16,1,1
1079,0,1,6465,624191669728,16,1,1
1080,0,1,6467,624191669568,16,1,1
1081,0,1,6468,624191669584,16,1,1
1082,0,1,6469,624191669600,16,1,1
1083,0,1,6470,624191669616,16,1,1
1084,0,1,6471,624191669632,16,1,1
1085,0,1,6472,624191669648,16,1,1
1086,0,1,6473,624191669664,16,1,1
1087,0,1,6474,624191669680,16,1,1
1088,0,1,6475,624191669696,16,1,1
1089,0,1,6476,624191669712,16,1,1
1090,0,1,6477,624191669728,16,1,1
1091,0,1,6478,624191669744,16,1,1
1092,0,1,6479,624191669760,16,1,1
1093,0,1,6480,624191669776,16,1,1
1094,0,1,6481,624191669792,16,1,1
1095,0,1,6502,624191669808,16,1,1
1096,0,1,6503,624191669824,16,1,1
1097,0,1,6504,624191669840,16,1,1
1098,0,1,6505,624191669076,12,1,1
1099,0,1,6506,624191669088,16,1,1
1100,0,1,6507,624191669104,16,1,1
1101,0,1,6508,624191669120,16,1,1
1102,0,1,6509,624191669136,16,1,1
1103,0,1,6527,624191669156,12,1,1
1104,0,1,6528,624191669168,16,1,1
1105,0,1,6529,624191669184,16,1,1
1106,0,1,6530,624191669200,16,1,1
1107,0,1,6543,624191669164,4,1,1
1108,0,1,6544,624191669168,16,1,1
1109,0,1,6545,624191669184,16,1,1
1110,0,1,6546,624191669200,16,1,1
1111,0,1,6550,624191669812,12,1,1
1112,0,1,6551,624191669824,16,1,1
1113,0,1,6552,624191669840,16,1,1
1114,0,1,6553,624191669856,16,1,1
1115,0,1,6554,624191669076,12,1,1
1116,0,1,6555,624191669088,16,1,1
1117,0,1,6556,624191669104,16,1,1
1118,0,1,6557,624191669120,16,1,1
1119,0,1,6558,624191669136,16,1,1
1120,0,1,6559,624191669152,16,1,1
1121,0,1,6560,624191669168,16,1,1
1122,0,1,6561,624191669156,12,1,1
1123,0,1,6562,624191669168,16,1,1
1124,0,1,6563,624191669184,16,1,1
1125,0,1,6564,624191669200,16,1,1
1126,0,1,6565,624191669216,16,1,1
1127,0,1,6566,624191669232,16,1,1
1128,0,1,6567,624191669164,4,1,1
1129,0,1,6568,624191669168,16,1,1
1130,0,1,6569,624191669184,16,1,1
1131,0,1,6570,624191669200,16,1,1
1132,0,1,6571,624191669216,16,1,1
1133,0,1,6572,624191669232,16,1,1
1134,0,1,6577,624191669288,8,1,1
1135,0,1,6578,624191669296,16,1,1
1136,0,1,6579,624191669312,16,1,1
1137,0,1,6580,624191669328,16,1,1
1138,0,1,6596,624191669344,16,1,1
1139,0,1,6597,624191669360,16,1,1
1140,0,1,6598,624191669376,16,1,1
1141,0,1,6599,624191669392,16,1,1
1142,0,1,6604,624191669208,8,1,1
1143,0,1,6605,624191669216,16,1,1
1144,0,1,6606,624191669232,16,1,1
1145,0,1,6607,624191669248,16,1,1
1146,0,1,6608,624191669288,8,1,1
1147,0,1,6609,624191669296,16,1,1
1148,0,1,6610,624191669312,16,1,1
1149,0,1,6611,624191669328,16,1,1
1150,0,1,6612,624191669344,16,1,1
1151,0,1,6613,624191669360,16,1,1
1152,0,1,6614,624191669376,16,1,1
1153,0,1,6615,624191669392,16,1,1
1154,0,1,6617,624191669228,4,1,1
1155,0,1,6618,624191669232,16,1,1
1156,0,1,6619,624191669248,16,1,1
1157,0,1,6620,624191669264,16,1,1
1158,0,1,6621,624191669280,16,1,1
1159,0,1,6622,624191669296,16,1,1
1160,0,1,6623,624191669312,16,1,1
1161,0,1,6624,624191669328,16,1,1
1162,0,1,6625,624191669344,16,1,1
1163,0,1,6626,624191669360,16,1,1
1164,0,1,6627,624191669376,16,1,1
1165,0,1,6628,624191669392,16,1,1
1166,0,1,6629,624191669408,16,1,1
1167,0,1,6630,624191669424,16,1,1
1168,0,1,6631,624191669440,16,1,1
1169,0,1,6639,624191669456,16,1,1
1170,0,1,6640,624191669472,16,1,1
1171,0,1,6641,624191669488,16,1,1
1172,0,1,6653,624191669504,16,1,1
1173,0,1,6654,624191669520,16,1,1
1174,0,1,6655,624191669536,16,1,1
1175,0,1,6670,624191669504,16,1,1
1176,0,1,6671,624191669520,16,1,1
1177,0,1,6672,624191669536,16,1,1
1178,0,1,6684,624191669504,16,1,1
1179,0,1,6685,624191669520,16,1,1
1180,0,1,6686,624191669536,16,1,1
1181,0,1,6690,624191669432,8,1,1
1182,0,1,6691,624191669440,16,1,1
1183,0,1,6692,624191669456,16,1,1
1184,0,1,6693,624191669472,16,1,1
1185,0,1,6694,624191669488,16,1,1
1186,0,1,6695,624191669504,16,1,1
1187,0,1,6696,624191669520,16,1,1
1188,0,1,6697,624191669536,16,1,1
1189,0,1,6698,624191669552,16,1,1
1190,0,1,6699,624191669568,16,1,1
1191,0,1,6700,624191669504,16,1,1
1192,0,1,6701,624191669520,16,1,1
1193,0,1,6702,624191669536,16,1,1
1194,0,1,6703,624191669552,16,1,1
1195,0,1,6704,624191669568,16,1,1
1196,0,1,6705,624191669584,16,1,1
1197,0,1,6708,624191669628,4,1,1
1198,0,1,6709,624191669632,16,1,1
1199,0,1,6710,624191669648,16,1,1
1200,0,1,6711,624191669664,16,1,1
1201,0,1,6719,624191669680,16,1,1
1202,0,1,6720,624191669696,16,1,1
1203,0,1,6721,624191669712,16,1,1
1204,0,1,6729,624191669548,4,1,1
1205,0,1,6730,624191669552,16,1,1
1206,0,1,6731,624191669568,16,1,1
1207,0,1,6732,624191669584,16,1,1
1208,0,1,6733,624191669628,4,1,1
1209,0,1,6734,624191669632,16,1,1
1210,0,1,6735,624191669648,16,1,1
1211,0,1,6736,624191669664,16,1,1
1212,0,1,6737,624191669680,16,1,1
1213,0,1,6738,624191669696,16,1,1
1214,0,1,6739,624191669712,16,1,1
1215,0,1,6740,624191669728,16,1,1
1216,0,1,6742,624191669568,16,1,1
1217,0,1,6743,624191669584,16,1,1
1218,0,1,6744,624191669600,16,1,1
1219,0,1,6745,624191669616,16,1,1
1220,0,1,6746,624191669632,16,1,1
1221,0,1,6747,624191669648,16,1,1
1222,0,1,6748,624191669664,16,1,1
1223,0,1,6749,624191669680,16,1,1
1224,0,1,6750,624191669696,16,1,1
1225,0,1,6751,624191669712,16,1,1
1226,0,1,6752,624191669728,16,1,1
1227,0,1,6753,624191669744,16,1,1
1228,0,1,6754,624191669760,16,1,1
1229,0,1,6755,624191669776,16,1,1
1230,0,1,6756,624191669792,16,1,1
1231,0,1,6777,624191669808,16,1,1
1232,0,1,6778,624191669824,16,1,1
1233,0,1,6779,624191669840,16,1,1
1234,0,1,6780,624191669076,12,1,1
1235,0,1,6781,624191669088,16,1,1
1236,0,1,6782,624191669104,16,1,1
1237,0,1,6783,624191669120,16,1,1
1238,0,1,6784,624191669136,16,1,1
1239,0,1,6802,624191669156,12,1,1
1240,0,1,6803,624191669168,16,1,1
1241,0,1,6804,624191669184,16,1,1
1242,0,1,6805,624191669200,16,1,1
1243,0,1,6818,624191669164,4,1,1
1244,0,1,6819,624191669168,16,1,1
1245,0,1,6820,624191669184,16,1,1
1246,0,1,6821,624191669200,16,1,1
1247,0,1,6825,624191669812,12,1,1
1248,0,1,6826,624191669824,16,1,1
1249,0,1,6827,624191669840,16,1,1
1250,0,1,6828,624191669856,16,1,1
1251,0,1,6829,624191669076,12,1,1
1252,0,1,6830,624191669088,16,1,1
1253,0,1,6831,624191669104,16,1,1
1254,0,1,6832,624191669120,16,1,1
1255,0,1,6833,624191669136,16,1,1
1256,0,1,6834,624191669152,16,1,1
1257,0,1,6835,624191669168,16,1,1
1258,0,1,6836,624191669156,12,1,1
1259,0,1,6837,624191669168,16,1,1
1260,0,1,6838,624191669184,16,1,1
1261,0,1,6839,624191669200,16,1,1
1262,0,1,6840,624191669216,16,1,1
1263,0,1,6841,624191669232,16,1,1
1264,0,1,6842,624191669164,4,1,1
1265,0,1,6843,624191669168,16,1,1
1266,0,1,6844,624191669184,16,1,1
1267,0,1,6845,624191669200,16,1,1
1268,0,1,6846,624191669216,16,1,1
1269,0,1,6847,624191669232,16,1,1
1270,0,1,6852,624191669288,8,1,1
1271,0,1,6853,624191669296,16,1,1
1272,0,1,6854,624191669312,16,1,1
1273,0,1,6855,624191669328,16,1,1
1274,0,1,6871,624191669344,16,1,1
1275,0,1,6872,624191669360,16,1,1
1276,0,1,6873,624191669376,16,1,1
1277,0,1,6874,624191669392,16,1,1
1278,0,1,6879,624191669208,8,1,1
1279,0,1,6880,624191669216,16,1,1
1280,0,1,6881,624191669232,16,1,1
1281,0,1,6882,624191669248,16,1,1
1282,0,1,6883,624191669288,8,1,1
1283,0,1,6884,624191669296,16,1,1
1284,0,1,6885,624191669312,16,1,1
1285,0,1,6886,624191669328,16,1,1
1286,0,1,6887,624191669344,16,1,1
1287,0,1,6888,624191669360,16,1,1
1288,0,1,6889,624191669376,16,1,1
1289,0,1,6890,624191669392,16,1,1
1290,0,1,6892,624191669228,4,1,1
1291,0,1,6893,624191669232,16,1,1
1292,0,1,6894,624191669248,16,1,1
1293,0,1,6895,624191669264,16,1,1
1294,0,1,6896,624191669280,16,1,1
1295,0,1,6897,624191669296,16,1,1
1296,0,1,6898,624191669312,16,1,1
1297,0,1,6899,624191669328,16,1,1
1298,0,1,6900,624191669344,16,1,1
1299,0,1,6901,624191669360,16,1,1
1300,0,1,6902,624191669376,16,1,1
1301,0,1,6903,624191669392,16,1,1
1302,0,1,6904,624191669408,16,1,1
1303,0,1,6905,624191669424,16,1,1
1304,0,1,6906,624191669440,16,1,1
1305,0,1,6914,624191669456,16,1,1
1306,0,1,6915,624191669472,16,1,1
1307,0,1,6916,624191669488,16,1,1
1308,0,1,6928,624191669504,16,1,1
1309,0,1,6929,624191669520,16,1,1
1310,0,1,6930,624191669536,16,1,1
1311,0,1,6945,624191669504,16,1,1
1312,0,1,6946,624191669520,16,1,1
1313,0,1,6947,624191669536,16,1,1
1314,0,1,6959,624191669504,16,1,1
1315,0,1,6960,624191669520,16,1,1
1316,0,1,6961,624191669536,16,1,1
1317,0,1,6965,624191669432,8,1,1
1318,0,1,6966,624191669440,16,1,1
1319,0,1,6967,624191669456,16,1,1
1320,0,1,6968,624191669472,16,1,1
1321,0,1,6969,624191669488,16,1,1
1322,0,1,6970,624191669504,16,1,1
1323,0,1,6971,624191669520,16,1,1
1324,0,1,6972,624191669536,16,1,1
1325,0,1,6973,624191669552,16,1,1
1326,0,1,6974,624191669568,16,1,1
1327,0,1,6975,624191669504,16,1,1
1328,0,1,6976,624191669520,16,1,1
1329,0,1,6977,624191669536,16,1,1
1330,0,1,6978,624191669552,16,1,1
1331,0,1,6979,624191669568,16,1,1
1332,0,2,6979,624191671824,16,1,1
1333,0,1,6980,624191669584,16,1,1
1334,0,2,6980,624191671840,16,1,1
1335,0,2,6981,624191671856,16,1,1
1336,0,2,6982,624191671872,16,1,1
1337,0,1,6983,624191669628,4,1,1
1338,0,2,6983,624191671888,16,1,1
1339,0,1,6984,624191669632,16,1,1
1340,0,2,6984,624191671904,16,1,1
1341,0,1,6985,624191669648,16,1,1
1342,0,2,6985,624191671920,16,1,1
1343,0,1,6986,624191669664,16,1,1
1344,0,2,6986,624191671936,16,1,1
1345,0,2,6987,624191671952,16,1,1
1346,0,2,6988,624191671968,16,1,1
1347,0,2,6989,624191671984,16,1,1
1348,0,2,6990,624191672000,16,1,1
1349,0,2,6991,624191672016,16,1,1
1350,0,2,6992,624191672032,16,1,1
1351,0,2,6993,624191672048,16,1,1
1352,0,1,6994,624191669680,16,1,1
1353,0,1,6995,624191669696,16,1,1
1354,0,1,6996,624191669712,16,1,1
1355,0,2,7003,624191671452,4,1,1
1356,0,1,7004,624191669548,4,1,1
1357,0,2,7004,624191671456,16,1,1
1358,0,1,7005,624191669552,16,1,1
1359,0,2,7005,624191671472,16,1,1
1360,0,1,7006,624191669568,16,1,1
1361,0,2,7006,624191671488,16,1,1
1362,0,1,7007,624191669584,16,1,1
1363,0,1,7008,624191669628,4,1,1
1364,0,1,7009,624191669632,16,1,1
1365,0,1,7010,624191669648,16,1,1
1366,0,1,7011,624191669664,16,1,1
1367,0,1,7012,624191669680,16,1,1
1368,0,1,7013,624191669696,16,1,1
1369,0,2,7013,624191671504,16,1,1
1370,0,1,7014,624191669712,16,1,1
1371,0,2,7014,624191671520,16,1,1
1372,0,1,7015,624191669728,16,1,1
1373,0,2,7015,624191671536,16,1,1
1374,0,2,7016,624191671552,16,1,1
1375,0,1,7017,624191669568,16,1,1
1376,0,1,7018,624191669584,16,1,1
1377,0,1,7019,624191669600,16,1,1
1378,0,1,7020,624191669616,16,1,1
1379,0,1,7021,624191669632,16,1,1
1380,0,1,7022,624191669648,16,1,1
1381,0,1,7023,624191669664,16,1,1
1382,0,1,7024,624191669680,16,1,1
1383,0,1,7025,624191669696,16,1,1
1384,0,1,7026,624191669712,16,1,1
1385,0,1,7027,624191669728,16,1,1
1386,0,1,7028,624191669744,16,1,1
1387,0,1,7029,624191669760,16,1,1
1388,0,2,7029,624191671568,16,1,1
1389,0,1,7030,624191669776,16,1,1
1390,0,2,7030,624191671584,16,1,1
1391,0,1,7031,624191669792,16,1,1
1392,0,2,7031,624191671600,16,1,1
1393,0,2,7040,624191671616,16,1,1
1394,0,2,7041,624191671632,16,1,1
1395,0,2,7042,624191671648,16,1,1
1396,0,3,7050,624191671824,16,1,1
1397,0,3,7051,624191671840,16,1,1
1398,0,1,7052,624191669808,16,1,1
1399,0,2,7052,624191671664,16,1,1
1400,0,3,7052,624191671856,16,1,1
1401,0,1,7053,624191669824,16,1,1
1402,0,2,7053,624191671680,16,1,1
1403,0,3,7053,624191671872,16,1,1
1404,0,1,7054,624191669840,16,1,1
1405,0,2,7054,624191671696,16,1,1
1406,0,3,7054,624191671888,16,1,1
1407,0,1,7055,624191669076,12,1,1
1408,0,3,7055,624191671904,16,1,1
1409,0,1,7056,624191669088,16,1,1
1410,0,3,7056,624191671920,16,1,1
1411,0,1,7057,624191669104,16,1,1
1412,0,3,7057,624191671936,16,1,1
1413,0,1,7058,624191669120,16,1,1
1414,0,3,7058,624191671952,16,1,1
1415,0,1,7059,624191669136,16,1,1
1416,0,3,7059,624191671968,16,1,1
1417,0,3,7060,624191671984,16,1,1
1418,0,3,7061,624191672000,16,1,1
1419,0,3,7062,624191672016,16,1,1
1420,0,3,7063,624191672032,16,1,1
1421,0,2,7064,624191671712,16,1,1
1422,0,3,7064,624191672048,16,1,1
1423,0,2,7065,624191671728,16,1,1
1424,0,2,7066,624191671744,16,1,1
1425,0,2,7067,624191671760,16,1,1
1426,0,3,7074,624191671452,4,1,1
1427,0,3,7075,624191671456,16,1,1
1428,0,3,7076,624191671472,16,1,1
1429,0,1,7077,624191669156,12,1,1
1430,0,3,7077,624191671488,16,1,1
1431,0,1,7078,624191669168,16,1,1
1432,0,1,7079,624191669184,16,1,1
1433,0,2,7079,624191671732,12,1,1
1434,0,1,7080,624191669200,16,1,1
1435,0,2,7080,624191671744,16,1,1
1436,0,2,7081,624191671760,16,1,1
1437,0,2,7082,624191671776,16,1,1
1438,0,3,7084,624191671504,16,1,1
1439,0,3,7085,624191671520,16,1,1
1440,0,3,7086,624191671536,16,1,1
1441,0,2,7087,624191671732,12,1,1
1442,0,3,7087,624191671552,16,1,1
1443,0,2,7088,624191671744,16,1,1
1444,0,2,7089,624191671760,16,1,1
1445,0,2,7090,624191671776,16,1,1
1446,0,1,7093,624191669164,4,1,1
1447,0,1,7094,624191669168,16,1,1
1448,0,1,7095,624191669184,16,1,1
1449,0,2,7095,624191671732,12,1,1
1450,0,1,7096,624191669200,16,1,1
1451,0,2,7096,624191671744,16,1,1
1452,0,2,7097,624191671760,16,1,1
1453,0,2,7098,624191671776,16,1,1
1454,0,2,7099,624191671792,16,1,1
1455,0,1,7100,624191669812,12,1,1
1456,0,3,7100,624191671568,16,1,1
1457,0,1,7101,624191669824,16,1,1
1458,0,3,7101,624191671584,16,1,1
1459,0,1,7102,624191669840,16,1,1
1460,0,3,7102,624191671600,16,1,1
1461,0,1,7103,624191669856,16,1,1
1462,0,2,7103,624191671732,12,1,1
1463,0,1,7104,624191669076,12,1,1
1464,0,2,7104,624191671744,16,1,1
1465,0,1,7105,624191669088,16,1,1
1466,0,2,7105,624191671760,16,1,1
1467,0,1,7106,624191669104,16,1,1
1468,0,1,7107,624191669120,16,1,1
1469,0,1,7108,624191669136,16,1,1
1470,0,2,7108,624191671772,4,1,1
1471,0,1,7109,624191669152,16,1,1
1472,0,2,7109,624191671776,16,1,1
1473,0,1,7110,624191669168,16,1,1
1474,0,2,7110,624191671792,16,1,1
1475,0,1,7111,624191669156,12,1,1
1476,0,2,7111,624191671808,16,1,1
1477,0,3,7111,624191671616,16,1,1
1478,0,1,7112,624191669168,16,1,1
1479,0,2,7112,624191671824,16,1,1
1480,0,3,7112,624191671632,16,1,1
1481,0,1,7113,624191669184,16,1,1
1482,0,2,7113,624191671840,16,1,1
1483,0,3,7113,624191671648,16,1,1
1484,0,1,7114,624191669200,16,1,1
1485,0,2,7114,624191671856,16,1,1
1486,0,1,7115,624191669216,16,1,1
1487,0,2,7115,624191671872,16,1,1
1488,0,1,7116,624191669232,16,1,1
1489,0,2,7116,624191671888,16,1,1
1490,0,1,7117,624191669164,4,1,1
1491,0,2,7117,624191671904,16,1,1
1492,0,1,7118,624191669168,16,1,1
1493,0,2,7118,624191671920,16,1,1
1494,0,1,7119,624191669184,16,1,1
1495,0,2,7119,624191671936,16,1,1
1496,0,1,7120,624191669200,16,1,1
1497,0,2,7120,624191671952,16,1,1
1498,0,1,7121,624191669216,16,1,1
1499,0,2,7121,624191671968,16,1,1
1500,0,1,7122,624191669232,16,1,1
1501,0,2,7122,624191671984,16,1,1
1502,0,3,7123,624191671664,16,1,1
1503,0,3,7124,624191671680,16,1,1
1504,0,3,7125,624191671696,16,1,1
1505,0,1,7127,624191669288,8,1,1
1506,0,1,7128,624191669296,16,1,1
1507,0,1,7129,624191669312,16,1,1
1508,0,1,7130,624191669328,16,1,1
1509,0,2,7130,624191672000,16,1,1
1510,0,2,7131,624191672016,16,1,1
1511,0,2,7132,624191672032,16,1,1
1512,0,2,7133,624191672048,16,1,1
1513,0,3,7135,624191671712,16,1,1
1514,0,3,7136,624191671728,16,1,1
1515,0,3,7137,624191671744,16,1,1
1516,0,3,7138,624191671760,16,1,1
1517,0,1,7139,624191669152,16,1,1
1518,0,1,7140,624191669168,16,1,1
1519,0,1,7141,624191669184,16,1,1
1520,0,1,7142,624191669840,16,1,1
1521,0,1,7143,624191669856,16,1,1
1522,0,1,7144,624191669872,16,1,1
1523,0,2,7144,624191671452,4,1,1
1524,0,1,7145,624191669860,12,1,1
1525,0,2,7145,624191671456,16,1,1
1526,0,1,7146,624191669872,16,1,1
1527,0,2,7146,624191671472,16,1,1
1528,0,1,7147,624191669888,16,1,1
1529,0,2,7147,624191671488,16,1,1
1530,0,3,7150,624191671732,12,1,1
1531,0,1,7151,624191669856,16,1,1
1532,0,3,7151,624191671744,16,1,1
1533,0,1,7152,624191669872,16,1,1
1534,0,3,7152,624191671760,16,1,1
1535,0,1,7153,624191669888,16,1,1
1536,0,2,7153,624191671460,12,1,1
1537,0,3,7153,624191671776,16,1,1
1538,0,1,7154,624191669872,16,1,1
1539,0,2,7154,624191671472,16,1,1
1540,0,1,7155,624191669888,16,1,1
1541,0,2,7155,624191671488,16,1,1
1542,0,1,7156,624191669904,16,1,1
1543,0,2,7156,624191671504,16,1,1
1544,0,1,7157,624191669920,16,1,1
1545,0,1,7158,624191669936,16,1,1
1546,0,3,7158,624191671732,12,1,1
1547,0,1,7159,624191669952,16,1,1
1548,0,3,7159,624191671744,16,1,1
1549,0,1,7160,624191669972,12,1,1
1550,0,3,7160,624191671760,16,1,1
1551,0,1,7161,624191669984,16,1,1
1552,0,3,7161,624191671776,16,1,1
1553,0,1,7162,624191670000,16,1,1
1554,0,1,7163,624191669944,8,1,1
1555,0,1,7164,624191669952,16,1,1
1556,0,1,7165,624191669968,16,1,1
1557,0,2,7165,624191671460,12,1,1
1558,0,1,7166,624191669984,16,1,1
1559,0,2,7166,624191671472,16,1,1
1560,0,3,7166,624191671732,12,1,1
1561,0,1,7167,624191669972,12,1,1
1562,0,2,7167,624191671488,16,1,1
1563,0,3,7167,624191671744,16,1,1
1564,0,1,7168,624191669984,16,1,1
1565,0,2,7168,624191671504,16,1,1
1566,0,3,7168,624191671760,16,1,1
1567,0,1,7169,624191670000,16,1,1
1568,0,3,7169,624191671776,16,1,1
1569,0,1,7170,624191669944,8,1,1
1570,0,3,7170,624191671792,16,1,1
1571,0,1,7172,624191669984,16,1,1
1572,0,1,7173,624191670000,16,1,1
1573,0,1,7174,624191670016,16,1,1
1574,0,3,7174,624191671732,12,1,1
1575,0,1,7175,624191669944,8,1,1
1576,0,2,7175,624191671460,12,1,1
1577,0,3,7175,624191671744,16,1,1
1578,0,1,7176,624191669952,16,1,1
1579,0,2,7176,624191671472,16,1,1
1580,0,3,7176,624191671760,16,1,1
1581,0,1,7177,624191669968,16,1,1
1582,0,2,7177,624191671488,16,1,1
1583,0,1,7178,624191669984,16,1,1
1584,0,1,7179,624191669972,12,1,1
1585,0,3,7179,624191671772,4,1,1
1586,0,3,7180,624191671776,16,1,1
1587,0,1,7181,624191669996,4,1,1
1588,0,3,7181,624191671792,16,1,1
1589,0,1,7182,624191670000,16,1,1
1590,0,3,7182,624191671808,16,1,1
1591,0,1,7183,624191670016,16,1,1
1592,0,3,7183,624191671824,16,1,1
1593,0,1,7184,624191670032,16,1,1
1594,0,3,7184,624191671840,16,1,1
1595,0,1,7185,624191669940,12,1,1
1596,0,3,7185,624191671856,16,1,1
1597,0,1,7186,624191669952,16,1,1
1598,0,2,7186,624191671460,12,1,1
1599,0,3,7186,624191671872,16,1,1
1600,0,1,7187,624191669968,16,1,1
1601,0,2,7187,624191671472,16,1,1
1602,0,3,7187,624191671888,16,1,1
1603,0,1,7188,624191669984,16,1,1
1604,0,2,7188,624191671488,16,1,1
1605,0,3,7188,624191671904,16,1,1
1606,0,3,7189,624191671920,16,1,1
1607,0,1,7190,624191670008,8,1,1
1608,0,3,7190,624191671936,16,1,1
1609,0,1,7191,624191670016,16,1,1
1610,0,2,7191,624191671500,4,1,1
1611,0,3,7191,624191671952,16,1,1
1612,0,1,7192,624191670032,16,1,1
1613,0,2,7192,624191671504,16,1,1
1614,0,3,7192,624191671968,16,1,1
1615,0,1,7193,624191670048,16,1,1
1616,0,2,7193,624191671520,16,1,1
1617,0,3,7193,624191671984,16,1,1
1618,0,2,7194,624191671536,16,1,1
1619,0,2,7195,624191671552,16,1,1
1620,0,2,7196,624191671568,16,1,1
1621,0,2,7197,624191671584,16,1,1
1622,0,2,7198,624191671600,16,1,1
1623,0,2,7199,624191671616,16,1,1
1624,0,2,7200,624191671632,16,1,1
1625,0,2,7201,624191671648,16,1,1
1626,0,3,7201,624191672000,16,1,1
1627,0,2,7202,624191671664,16,1,1
1628,0,3,7202,624191672016,16,1,1
1629,0,2,7203,624191671680,16,1,1
1630,0,3,7203,624191672032,16,1,1
1631,0,2,7204,624191671696,16,1,1
1632,0,3,7204,624191672048,16,1,1
1633,0,2,7212,624191671712,16,1,1
1634,0,2,7213,624191671728,16,1,1
1635,0,2,7214,624191671744,16,1,1
1636,0,2,7215,624191671760,16,1,1
1637,0,3,7215,624191671452,4,1,1
1638,0,3,7216,624191671456,16,1,1
1639,0,3,7217,624191671472,16,1,1
1640,0,3,7218,624191671488,16,1,1
1641,0,3,7224,624191671460,12,1,1
1642,0,3,7225,624191671472,16,1,1
1643,0,2,7226,624191671732,12,1,1
1644,0,3,7226,624191671488,16,1,1
1645,0,2,7227,624191671744,16,1,1
1646,0,3,7227,624191671504,16,1,1
1647,0,2,7228,624191671760,16,1,1
1648,0,2,7229,624191671776,16,1,1
1649,0,2,7234,624191671732,12,1,1
1650,0,2,7235,624191671744,16,1,1
1651,0,2,7236,624191671760,16,1,1
1652,0,3,7236,624191671460,12,1,1
1653,0,2,7237,624191671776,16,1,1
1654,0,3,7237,624191671472,16,1,1
1655,0,3,7238,624191671488,16,1,1
1656,0,3,7239,624191671504,16,1,1
1657,0,2,7242,624191671732,12,1,1
1658,0,2,7243,624191671744,16,1,1
1659,0,2,7244,624191671760,16,1,1
1660,0,2,7245,624191671776,16,1,1
1661,0,2,7246,624191671792,16,1,1
1662,0,3,7246,624191671460,12,1,1
1663,0,3,7247,624191671472,16,1,1
1664,0,3,7248,624191671488,16,1,1
1665,0,2,7250,624191671732,12,1,1
1666,0,2,7251,624191671744,16,1,1
1667,0,2,7252,624191671760,16,1,1
1668,0,2,7255,624191671772,4,1,1
1669,0,2,7256,624191671776,16,1,1
1670,0,2,7257,624191671792,16,1,1
1671,0,3,7257,624191671460,12,1,1
1672,0,2,7258,624191671808,16,1,1
1673,0,3,7258,624191671472,16,1,1
1674,0,2,7259,624191671824,16,1,1
1675,0,3,7259,624191671488,16,1,1
1676,0,2,7260,624191671840,16,1,1
1677,0,2,7261,624191671856,16,1,1
1678,0,2,7262,624191671872,16,1,1
1679,0,3,7262,624191671500,4,1,1
1680,0,2,7263,624191671888,16,1,1
1681,0,3,7263,624191671504,16,1,1
1682,0,2,7264,624191671904,16,1,1
1683,0,3,7264,624191671520,16,1,1
1684,0,2,7265,624191671920,16,1,1
1685,0,3,7265,624191671536,16,1,1
1686,0,2,7266,624191671936,16,1,1
1687,0,3,7266,624191671552,16,1,1
1688,0,2,7267,624191671952,16,1,1
1689,0,3,7267,624191671568,16,1,1
1690,0,2,7268,624191671968,16,1,1
1691,0,3,7268,624191671584,16,1,1
1692,0,2,7269,624191671984,16,1,1
1693,0,3,7269,624191671600,16,1,1
1694,0,3,7270,624191671616,16,1,1
1695,0,3,7271,624191671632,16,1,1
1696,0,3,7272,624191671648,16,1,1
1697,0,3,7273,624191671664,16,1,1
1698,0,3,7274,624191671680,16,1,1
1699,0,3,7275,624191671696,16,1,1
1700,0,2,7277,624191672000,16,1,1
1701,0,2,7278,624191672016,16,1,1
1702,0,2,7279,624191672032,16,1,1
1703,0,2,7280,624191672048,16,1,1
1704,0,3,7283,624191671712,16,1,1
1705,0,3,7284,624191671728,16,1,1
1706,0,3,7285,624191671744,16,1,1
1707,0,3,7286,624191671760,16,1,1
1708,0,2,7291,624191671452,4,1,1
1709,0,2,7292,624191671456,16,1,1
1710,0,2,7293,624191671472,16,1,1
1711,0,2,7294,624191671488,16,1,1
1712,0,3,7297,624191671732,12,1,1
1713,0,3,7298,624191671744,16,1,1
1714,0,3,7299,624191671760,16,1,1
1715,0,2,7300,624191671460,12,1,1
1716,0,3,7300,624191671776,16,1,1
1717,0,2,7301,624191671472,16,1,1
1718,0,2,7302,624191671488,16,1,1
1719,0,2,7303,624191671504,16,1,1
1720,0,3,7305,624191671732,12,1,1
1721,0,3,7306,624191671744,16,1,1
1722,0,3,7307,624191671760,16,1,1
1723,0,3,7308,624191671776,16,1,1
1724,0,2,7312,624191671460,12,1,1
1725,0,2,7313,624191671472,16,1,1
1726,0,3,7313,624191671732,12,1,1
1727,0,2,7314,624191671488,16,1,1
1728,0,3,7314,624191671744,16,1,1
1729,0,2,7315,624191671504,16,1,1
1730,0,3,7315,624191671760,16,1,1
1731,0,3,7316,624191671776,16,1,1
1732,0,3,7317,624191671792,16,1,1
1733,0,3,7321,624191671732,12,1,1
1734,0,2,7322,624191671460,12,1,1
1735,0,3,7322,624191671744,16,1,1
1736,0,2,7323,624191671472,16,1,1
1737,0,3,7323,624191671760,16,1,1
1738,0,2,7324,624191671488,16,1,1
1739,0,3,7326,624191671772,4,1,1
1740,0,3,7327,624191671776,16,1,1
1741,0,3,7328,624191671792,16,1,1
1742,0,3,7329,624191671808,16,1,1
1743,0,3,7330,624191671824,16,1,1
1744,0,3,7331,624191671840,16,1,1
1745,0,3,7332,624191671856,16,1,1
1746,0,2,7333,624191671460,12,1,1
1747,0,3,7333,624191671872,16,1,1
1748,0,2,7334,624191671472,16,1,1
1749,0,3,7334,624191671888,16,1,1
1750,0,2,7335,624191671488,16,1,1
1751,0,3,7335,624191671904,16,1,1
1752,0,3,7336,624191671920,16,1,1
1753,0,3,7337,624191671936,16,1,1
1754,0,2,7338,624191671500,4,1,1
1755,0,3,7338,624191671952,16,1,1
1756,0,2,7339,624191671504,16,1,1
1757,0,3,7339,624191671968,16,1,1
1758,0,2,7340,624191671520,16,1,1
1759,0,3,7340,624191671984,16,1,1
1760,0,2,7341,624191671536,16,1,1
1761,0,2,7342,624191671552,16,1,1
1762,0,2,7343,624191671568,16,1,1
1763,0,2,7344,624191671584,16,1,1
1764,0,2,7345,624191671600,16,1,1
1765,0,2,7346,624191671616,16,1,1
1766,0,2,7347,624191671632,16,1,1
1767,0,2,7348,624191671648,16,1,1
1768,0,3,7348,624191672000,16,1,1
1769,0,2,7349,624191671664,16,1,1
1770,0,3,7349,624191672016,16,1,1
1771,0,2,7350,624191671680,16,1,1
1772,0,3,7350,624191672032,16,1,1
1773,0,2,7351,624191671696,16,1,1
1774,0,3,7351,624191672048,16,1,1
1775,0,2,7359,624191671712,16,1,1
1776,0,2,7360,624191671728,16,1,1
1777,0,2,7361,624191671744,16,1,1
1778,0,2,7362,624191671760,16,1,1
1779,0,3,7362,624191671452,4,1,1
1780,0,3,7363,624191671456,16,1,1
1781,0,3,7364,624191671472,16,1,1
1782,0,3,7365,624191671488,16,1,1
1783,0,3,7371,624191671460,12,1,1
1784,0,3,7372,624191671472,16,1,1
1785,0,2,7373,624191671732,12,1,1
1786,0,3,7373,624191671488,16,1,1
1787,0,2,7374,624191671744,16,1,1
1788,0,3,7374,624191671504,16,1,1
1789,0,2,7375,624191671760,16,1,1
1790,0,2,7376,624191671776,16,1,1
1791,0,1,7379,624191669940,12,1,1
1792,0,1,7380,624191669952,16,1,1
1793,0,1,7381,624191669968,16,1,1
1794,0,1,7382,624191669984,16,1,1
1795,0,1,7383,624191669972,12,1,1
1796,0,3,7383,624191671460,12,1,1
1797,0,1,7384,624191669984,16,1,1
1798,0,3,7384,624191671472,16,1,1
1799,0,1,7385,624191670000,16,1,1
1800,0,3,7385,624191671488,16,1,1
1801,0,1,7386,624191669944,8,1,1
1802,0,3,7386,624191671504,16,1,1
1803,0,1,7387,624191669952,16,1,1
1804,0,2,7387,624191671792,16,1,1
1805,0,1,7388,624191669968,16,1,1
1806,0,2,7388,624191671808,16,1,1
1807,0,1,7389,624191669984,16,1,1
1808,0,2,7389,624191671824,16,1,1
1809,0,1,7390,624191669972,12,1,1
1810,0,2,7390,624191671840,16,1,1
1811,0,1,7391,624191669984,16,1,1
1812,0,2,7391,624191671856,16,1,1
1813,0,1,7392,624191670000,16,1,1
1814,0,3,7393,624191671460,12,1,1
1815,0,1,7394,624191669984,16,1,1
1816,0,3,7394,624191671472,16,1,1
1817,0,1,7395,624191670000,16,1,1
1818,0,3,7395,624191671488,16,1,1
1819,0,1,7396,624191670016,16,1,1
1820,0,1,7397,624191669944,8,1,1
1821,0,1,7398,624191669952,16,1,1
1822,0,1,7399,624191669968,16,1,1
1823,0,1,7400,624191669984,16,1,1
1824,0,1,7401,624191670000,16,1,1
1825,0,2,7402,624191671772,4,1,1
1826,0,1,7403,624191669996,4,1,1
1827,0,2,7403,624191671776,16,1,1
1828,0,1,7404,624191670000,16,1,1
1829,0,2,7404,624191671792,16,1,1
1830,0,3,7404,624191671460,12,1,1
1831,0,1,7405,624191670016,16,1,1
1832,0,2,7405,624191671808,16,1,1
1833,0,3,7405,624191671472,16,1,1
1834,0,1,7406,624191670032,16,1,1
1835,0,2,7406,624191671824,16,1,1
1836,0,3,7406,624191671488,16,1,1
1837,0,1,7407,624191669940,12,1,1
1838,0,2,7407,624191671840,16,1,1
1839,0,1,7408,624191669952,16,1,1
1840,0,2,7408,624191671856,16,1,1
1841,0,1,7409,624191669968,16,1,1
1842,0,2,7409,624191671872,16,1,1
1843,0,3,7409,624191671500,4,1,1
1844,0,1,7410,624191669984,16,1,1
1845,0,2,7410,624191671888,16,1,1
1846,0,3,7410,624191671504,16,1,1
1847,0,2,7411,624191671904,16,1,1
1848,0,3,7411,624191671520,16,1,1
1849,0,1,7412,624191670008,8,1,1
1850,0,2,7412,624191671920,16,1,1
1851,0,3,7412,624191671536,16,1,1
1852,0,1,7413,624191670016,16,1,1
1853,0,2,7413,624191671936,16,1,1
1854,0,3,7413,624191671552,16,1,1
1855,0,1,7414,624191670032,16,1,1
1856,0,2,7414,624191671952,16,1,1
1857,0,3,7414,624191671568,16,1,1
1858,0,1,7415,624191670048,16,1,1
1859,0,2,7415,624191671968,16,1,1
1860,0,3,7415,624191671584,16,1,1
1861,0,2,7416,624191671984,16,1,1
1862,0,3,7416,624191671600,16,1,1
1863,0,3,7417,624191671616,16,1,1
1864,0,3,7418,624191671632,16,1,1
1865,0,3,7419,624191671648,16,1,1
1866,0,3,7420,624191671664,16,1,1
1867,0,3,7421,624191671680,16,1,1
1868,0,3,7422,624191671696,16,1,1
1869,0,1,7423,624191669940,12,1,1
1870,0,1,7424,624191669952,16,1,1
1871,0,2,7424,624191672000,16,1,1
1872,0,1,7425,624191669968,16,1,1
1873,0,2,7425,624191672016,16,1,1
1874,0,1,7426,624191669984,16,1,1
1875,0,2,7426,624191672032,16,1,1
1876,0,1,7427,624191670000,16,1,1
1877,0,2,7427,624191672048,16,1,1
1878,0,1,7428,624191670212,12,1,1
1879,0,1,7429,624191670224,16,1,1
1880,0,1,7430,624191670240,16,1,1
1881,0,3,7430,624191671712,16,1,1
1882,0,1,7431,624191670256,16,1,1
1883,0,3,7431,624191671728,16,1,1
1884,0,3,7432,624191671744,16,1,1
1885,0,1,7433,624191669972,12,1,1
1886,0,3,7433,624191671760,16,1,1
1887,0,1,7434,624191669984,16,1,1
1888,0,1,7435,624191670000,16,1,1
1889,0,1,7436,624191669944,8,1,1
1890,0,1,7437,624191669952,16,1,1
1891,0,1,7438,624191669968,16,1,1
1892,0,2,7438,624191671452,4,1,1
1893,0,1,7439,624191669984,16,1,1
1894,0,2,7439,624191671456,16,1,1
1895,0,1,7440,624191669972,12,1,1
1896,0,2,7440,624191671472,16,1,1
1897,0,2,7441,624191671488,16,1,1
1898,0,1,7442,624191669984,16,1,1
1899,0,1,7443,624191670000,16,1,1
1900,0,1,7444,624191670016,16,1,1
1901,0,3,7444,624191671732,12,1,1
1902,0,1,7445,624191669944,8,1,1
1903,0,3,7445,624191671744,16,1,1
1904,0,1,7446,624191669952,16,1,1
1905,0,3,7446,624191671760,16,1,1
1906,0,1,7447,624191669968,16,1,1
1907,0,2,7447,624191671460,12,1,1
1908,0,3,7447,624191671776,16,1,1
1909,0,1,7448,624191669984,16,1,1
1910,0,2,7448,624191671472,16,1,1
1911,0,1,7449,624191669972,12,1,1
1912,0,2,7449,624191671488,16,1,1
1913,0,2,7450,624191671504,16,1,1
1914,0,1,7451,624191669996,4,1,1
1915,0,1,7452,624191670000,16,1,1
1916,0,1,7453,624191670016,16,1,1
1917,0,1,7454,624191670032,16,1,1
1918,0,1,7455,624191669940,12,1,1
1919,0,1,7456,624191669952,16,1,1
1920,0,1,7457,624191669968,16,1,1
1921,0,1,7458,624191669984,16,1,1
1922,0,3,7458,624191671792,16,1,1
1923,0,3,7459,624191671808,16,1,1
1924,0,1,7460,624191670008,8,1,1
1925,0,3,7460,624191671824,16,1,1
1926,0,1,7461,624191670016,16,1,1
1927,0,3,7461,624191671840,16,1,1
1928,0,1,7462,624191670032,16,1,1
1929,0,3,7462,624191671856,16,1,1
1930,0,1,7463,624191670048,16,1,1
1931,0,2,7464,624191671520,16,1,1
1932,0,2,7465,624191671536,16,1,1
1933,0,2,7466,624191671552,16,1,1
1934,0,3,7473,624191671772,4,1,1
1935,0,3,7474,624191671776,16,1,1
1936,0,2,7475,624191671568,16,1,1
1937,0,3,7475,624191671792,16,1,1
1938,0,2,7476,624191671584,16,1,1
1939,0,3,7476,624191671808,16,1,1
1940,0,2,7477,624191671600,16,1,1
1941,0,3,7477,624191671824,16,1,1
1942,0,3,7478,624191671840,16,1,1
1943,0,3,7479,624191671856,16,1,1
1944,0,3,7480,624191671872,16,1,1
1945,0,3,7481,624191671888,16,1,1
1946,0,3,7482,624191671904,16,1,1
1947,0,3,7483,624191671920,16,1,1
1948,0,3,7484,624191671936,16,1,1
1949,0,2,7485,624191671500,4,1,1
1950,0,3,7485,624191671952,16,1,1
1951,0,2,7486,624191671504,16,1,1
1952,0,3,7486,624191671968,16,1,1
1953,0,2,7487,624191671520,16,1,1
1954,0,3,7487,624191671984,16,1,1
1955,0,2,7488,624191671536,16,1,1
1956,0,2,7489,624191671552,16,1,1
1957,0,2,7490,624191671568,16,1,1
1958,0,2,7491,624191671584,16,1,1
1959,0,2,7492,624191671600,16,1,1
1960,0,2,7493,624191671616,16,1,1
1961,0,2,7494,624191671632,16,1,1
1962,0,2,7495,624191671648,16,1,1
1963,0,3,7495,624191672000,16,1,1
1964,0,2,7496,624191671664,16,1,1
1965,0,3,7496,624191672016,16,1,1
1966,0,2,7497,624191671680,16,1,1
1967,0,3,7497,624191672032,16,1,1
1968,0,2,7498,624191671696,16,1,1
1969,0,3,7498,624191672048,16,1,1
1970,0,2,7506,624191671712,16,1,1
1971,0,2,7507,624191671728,16,1,1
1972,0,2,7508,624191671744,16,1,1
1973,0,2,7509,624191671760,16,1,1
1974,0,3,7509,624191671452,4,1,1
1975,0,3,7510,624191671456,16,1,1
1976,0,3,7511,624191671472,16,1,1
1977,0,3,7512,624191671488,16,1,1
1978,0,3,7518,624191671460,12,1,1
1979,0,3,7519,624191671472,16,1,1
1980,0,2,7520,624191671732,12,1,1
1981,0,3,7520,624191671488,16,1,1
1982,0,2,7521,624191671744,16,1,1
1983,0,3,7521,624191671504,16,1,1
1984,0,2,7522,624191671760,16,1,1
1985,0,2,7523,624191671776,16,1,1
1986,0,2,7534,624191671792,16,1,1
1987,0,2,7535,624191671808,16,1,1
1988,0,3,7535,624191671520,16,1,1
1989,0,2,7536,624191671824,16,1,1
1990,0,3,7536,624191671536,16,1,1
1991,0,2,7537,624191671840,16,1,1
1992,0,3,7537,624191671552,16,1,1
1993,0,2,7538,624191671856,16,1,1
1994,0,3,7546,624191671568,16,1,1
1995,0,3,7547,624191671584,16,1,1
1996,0,3,7548,624191671600,16,1,1
1997,0,2,7549,624191671772,4,1,1
1998,0,2,7550,624191671776,16,1,1
1999,0,2,7551,624191671792,16,1,1
2000,0,2,7552,624191671808,16,1,1
2001,0,2,7553,624191671824,16,1,1
2002,0,2,7554,624191671840,16,1,1
2003,0,2,7555,624191671856,16,1,1
2004,0,2,7556,624191671872,16,1,1
2005,0,3,7556,624191671500,4,1,1
2006,0,2,7557,624191671888,16,1,1
2007,0,3,7557,624191671504,16,1,1
2008,0,2,7558,624191671904,16,1,1
2009,0,3,7558,624191671520,16,1,1
2010,0,2,7559,624191671920,16,1,1
2011,0,3,7559,624191671536,16,1,1
2012,0,2,7560,624191671936,16,1,1
2013,0,3,7560,624191671552,16,1,1
2014,0,2,7561,624191671952,16,1,1
2015,0,3,7561,624191671568,16,1,1
2016,0,2,7562,624191671968,16,1,1
2017,0,3,7562,624191671584,16,1,1
2018,0,2,7563,624191671984,16,1,1
2019,0,3,7563,624191671600,16,1,1
2020,0,3,7564,624191671616,16,1,1
2021,0,3,7565,624191671632,16,1,1
2022,0,3,7566,624191671648,16,1,1
2023,0,3,7567,624191671664,16,1,1
2024,0,3,7568,624191671680,16,1,1
2025,0,3,7569,624191671696,16,1,1
2026,0,2,7571,624191672000,16,1,1
2027,0,2,7572,624191672016,16,1,1
2028,0,2,7573,624191672032,16,1,1
2029,0,2,7574,624191672048,16,1,1
2030,0,3,7577,624191671712,16,1,1
2031,0,3,7578,624191671728,16,1,1
2032,0,3,7579,624191671744,16,1,1
2033,0,3,7580,624191671760,16,1,1
2034,0,2,7585,624191671452,4,1,1
2035,0,2,7586,624191671456,16,1,1
2036,0,2,7587,624191671472,16,1,1
2037,0,2,7588,624191671488,16,1,1
2038,0,3,7591,624191671732,12,1,1
2039,0,3,7592,624191671744,16,1,1
2040,0,3,7593,624191671760,16,1,1
2041,0,2,7594,624191671460,12,1,1
2042,0,3,7594,624191671776,16,1,1
2043,0,2,7595,624191671472,16,1,1
2044,0,2,7596,624191671488,16,1,1
2045,0,2,7597,624191671504,16,1,1
2046,0,3,7605,624191671792,16,1,1
2047,0,3,7606,624191671808,16,1,1
2048,0,3,7607,624191671824,16,1,1
2049,0,3,7608,624191671840,16,1,1
2050,0,3,7609,624191671856,16,1,1
2051,0,2,7611,624191671520,16,1,1
2052,0,2,7612,624191671536,16,1,1
2053,0,2,7613,624191671552,16,1,1
2054,0,3,7620,624191671772,4,1,1
2055,0,3,7621,624191671776,16,1,1
2056,0,2,7622,624191671568,16,1,1
2057,0,3,7622,624191671792,16,1,1
2058,0,2,7623,624191671584,16,1,1
2059,0,3,7623,624191671808,16,1,1
2060,0,2,7624,624191671600,16,1,1
2061,0,3,7624,624191671824,16,1,1
2062,0,3,7625,624191671840,16,1,1
2063,0,3,7626,624191671856,16,1,1
2064,0,3,7627,624191671872,16,1,1
2065,0,3,7628,624191671888,16,1,1
2066,0,3,7629,624191671904,16,1,1
2067,0,3,7630,624191671920,16,1,1
2068,0,3,7631,624191671936,16,1,1
2069,0,2,7632,624191671500,4,1,1
2070,0,3,7632,624191671952,16,1,1
2071,0,2,7633,624191671504,16,1,1
2072,0,3,7633,624191671968,16,1,1
2073,0,2,7634,624191671520,16,1,1
2074,0,3,7634,624191671984,16,1,1
2075,0,2,7635,624191671536,16,1,1
2076,0,2,7636,624191671552,16,1,1
2077,0,1,7637,624191669940,12,1,1
2078,0,2,7637,624191671568,16,1,1
2079,0,1,7638,624191669952,16,1,1
2080,0,2,7638,624191671584,16,1,1
2081,0,1,7639,624191669968,16,1,1
2082,0,2,7639,624191671600,16,1,1
2083,0,1,7640,624191669984,16,1,1
2084,0,2,7640,624191671616,16,1,1
2085,0,1,7641,624191669972,12,1,1
2086,0,2,7641,624191671632,16,1,1
2087,0,1,7642,624191669984,16,1,1
2088,0,2,7642,624191671648,16,1,1
2089,0,3,7642,624191672000,16,1,1
2090,0,1,7643,624191670000,16,1,1
2091,0,2,7643,624191671664,16,1,1
2092,0,3,7643,624191672016,16,1,1
2093,0,1,7644,624191669944,8,1,1
2094,0,2,7644,624191671680,16,1,1
2095,0,3,7644,624191672032,16,1,1
2096,0,1,7645,624191669952,16,1,1
2097,0,2,7645,624191671696,16,1,1
2098,0,3,7645,624191672048,16,1,1
2099,0,1,7646,624191669968,16,1,1
2100,0,1,7647,624191669984,16,1,1
2101,0,1,7648,624191669972,12,1,1
2102,0,1,7649,624191669984,16,1,1
2103,0,1,7650,624191670000,16,1,1
2104,0,1,7652,624191669984,16,1,1
2105,0,1,7653,624191670000,16,1,1
2106,0,2,7653,624191671712,16,1,1
2107,0,1,7654,624191670016,16,1,1
2108,0,2,7654,624191671728,16,1,1
2109,0,1,7655,624191669944,8,1,1
2110,0,2,7655,624191671744,16,1,1
2111,0,1,7656,624191669952,16,1,1
2112,0,2,7656,624191671760,16,1,1
2113,0,3,7656,624191671452,4,1,1
2114,0,1,7657,624191669968,16,1,1
2115,0,3,7657,624191671456,16,1,1
2116,0,1,7658,624191669984,16,1,1
2117,0,3,7658,624191671472,16,1,1
2118,0,1,7659,624191669972,12,1,1
2119,0,3,7659,624191671488,16,1,1
2120,0,1,7661,624191669996,4,1,1
2121,0,1,7662,624191670000,16,1,1
2122,0,1,7663,624191670016,16,1,1
2123,0,1,7664,624191670032,16,1,1
2124,0,1,7665,624191669940,12,1,1
2125,0,3,7665,624191671460,12,1,1
2126,0,1,7666,624191669952,16,1,1
2127,0,3,7666,624191671472,16,1,1
2128,0,1,7667,624191669968,16,1,1
2129,0,2,7667,624191671732,12,1,1
2130,0,3,7667,624191671488,16,1,1
2131,0,1,7668,624191669984,16,1,1
2132,0,2,7668,624191671744,16,1,1
2133,0,3,7668,624191671504,16,1,1
2134,0,2,7669,624191671760,16,1,1
2135,0,1,7670,624191670008,8,1,1
2136,0,2,7670,624191671776,16,1,1
2137,0,1,7671,624191670016,16,1,1
2138,0,1,7672,624191670032,16,1,1
2139,0,1,7673,624191670048,16,1,1
2140,0,1,7681,624191669940,12,1,1
2141,0,2,7681,624191671792,16,1,1
2142,0,1,7682,624191669952,16,1,1
2143,0,2,7682,624191671808,16,1,1
2144,0,3,7682,624191671520,16,1,1
2145,0,1,7683,624191669968,16,1,1
2146,0,2,7683,624191671824,16,1,1
2147,0,3,7683,624191671536,16,1,1
2148,0,1,7684,624191669984,16,1,1
2149,0,2,7684,624191671840,16,1,1
2150,0,3,7684,624191671552,16,1,1
2151,0,1,7685,624191669972,12,1,1
2152,0,2,7685,624191671856,16,1,1
2153,0,1,7686,624191669984,16,1,1
2154,0,1,7687,624191670000,16,1,1
2155,0,1,7688,624191669944,8,1,1
2156,0,1,7689,624191669952,16,1,1
2157,0,1,7690,624191669968,16,1,1
2158,0,1,7691,624191669984,16,1,1
2159,0,1,7692,624191669972,12,1,1
2160,0,1,7693,624191669984,16,1,1
2161,0,3,7693,624191671568,16,1,1
2162,0,1,7694,624191670000,16,1,1
2163,0,3,7694,624191671584,16,1,1
2164,0,1,7695,624191669944,8,1,1
2165,0,3,7695,624191671600,16,1,1
2166,0,1,7696,624191669952,16,1,1
2167,0,2,7696,624191671772,4,1,1
2168,0,1,7697,624191669968,16,1,1
2169,0,2,7697,624191671776,16,1,1
2170,0,1,7698,624191669984,16,1,1
2171,0,2,7698,624191671792,16,1,1
2172,0,2,7699,624191671808,16,1,1
2173,0,1,7700,624191669968,16,1,1
2174,0,2,7700,624191671824,16,1,1
2175,0,1,7701,624191669984,16,1,1
2176,0,2,7701,624191671840,16,1,1
2177,0,1,7702,624191670000,16,1,1
2178,0,2,7702,624191671856,16,1,1
2179,0,1,7703,624191670212,12,1,1
2180,0,2,7703,624191671872,16,1,1
2181,0,3,7703,624191671500,4,1,1
2182,0,1,7704,624191670224,16,1,1
2183,0,2,7704,624191671888,16,1,1
2184,0,3,7704,624191671504,16,1,1
2185,0,1,7705,624191670240,16,1,1
2186,0,2,7705,624191671904,16,1,1
2187,0,3,7705,624191671520,16,1,1
2188,0,1,7706,624191670256,16,1,1
2189,0,2,7706,624191671920,16,1,1
2190,0,3,7706,624191671536,16,1,1
2191,0,1,7707,624191670272,16,0,1
2192,0,2,7707,624191671936,16,1,1
2193,0,3,7707,624191671552,16,1,1
2194,0,1,7708,624191670400,128,0,1
2195,0,2,7708,624191671952,16,1,1
2196,0,3,7708,624191671568,16,1,1
2197,0,1,7709,624191670528,128,0,1
2198,0,2,7709,624191671968,16,1,1
2199,0,3,7709,624191671584,16,1,1
2200,0,1,7710,624191670656,128,0,1
2201,0,2,7710,624191671984,16,1,1
2202,0,3,7710,624191671600,16,1,1
2203,0,3,7711,624191671616,16,1,1
2204,0,3,7712,624191671632,16,1,1
2205,0,3,7713,624191671648,16,1,1
2206,0,3,7714,624191671664,16,1,1
2207,0,3,7715,624191671680,16,1,1
2208,0,3,7716,624191671696,16,1,1
2209,0,2,7718,624191672000,16,1,1
2210,0,2,7719,624191672016,16,1,1
2211,0,2,7720,624191672032,16,1,1
2212,0,2,7721,624191672048,16,1,1
2213,0,3,7724,624191671712,16,1,1
2214,0,3,7725,624191671728,16,1,1
2215,0,3,7726,624191671744,16,1,1
2216,0,3,7727,624191671760,16,1,1
2217,0,2,7732,624191671452,4,1,1
2218,0,2,7733,624191671456,16,1,1
2219,0,2,7734,624191671472,16,1,1
2220,0,2,7735,624191671488,16,1,1
2221,0,3,7738,624191671732,12,1,1
2222,0,3,7739,624191671744,16,1,1
2223,0,3,7740,624191671760,16,1,1
2224,0,2,7741,624191671460,12,1,1
2225,0,3,7741,624191671776,16,1,1
2226,0,2,7742,624191671472,16,1,1
2227,0,2,7743,624191671488,16,1,1
2228,0,2,7744,624191671504,16,1,1
2229,0,3,7752,624191671792,16,1,1
2230,0,3,7753,624191671808,16,1,1
2231,0,3,7754,624191671824,16,1,1
2232,0,3,7755,624191671840,16,1,1
2233,0,3,7756,624191671856,16,1,1
2234,0,2,7758,624191671520,16,1,1
2235,0,2,7759,624191671536,16,1,1
2236,0,2,7760,624191671552,16,1,1
2237,0,3,7767,624191671772,4,1,1
2238,0,3,7768,624191671776,16,1,1
2239,0,2,7769,624191671568,16,1,1
2240,0,3,7769,624191671792,16,1,1
2241,0,2,7770,624191671584,16,1,1
2242,0,3,7770,624191671808,16,1,1
2243,0,2,7771,624191671600,16,1,1
2244,0,3,7771,624191671824,16,1,1
2245,0,3,7772,624191671840,16,1,1
2246,0,3,7773,624191671856,16,1,1
2247,0,3,7774,624191671872,16,1,1
2248,0,3,7775,624191671888,16,1,1
2249,0,3,7776,624191671904,16,1,1
2250,0,3,7777,624191671920,16,1,1
2251,0,3,7778,624191671936,16,1,1
2252,0,2,7779,624191671500,4,1,1
2253,0,3,7779,624191671952,16,1,1
2254,0,2,7780,624191671504,16,1,1
2255,0,3,7780,624191671968,16,1,1
2256,0,2,7781,624191671520,16,1,1
2257,0,3,7781,624191671984,16,1,1
2258,0,2,7782,624191671536,16,1,1
2259,0,2,7783,624191671552,16,1,1
2260,0,2,7784,624191671568,16,1,1
2261,0,2,7785,624191671584,16,1,1
2262,0,2,7786,624191671600,16,1,1
2263,0,2,7787,624191671616,16,1,1
2264,0,2,7788,624191671632,16,1,1
2265,0,2,7789,624191671648,16,1,1
2266,0,3,7789,624191672000,16,1,1
2267,0,2,7790,624191671664,16,1,1
2268,0,3,7790,624191672016,16,1,1
2269,0,2,7791,624191671680,16,1,1
2270,0,3,7791,624191672032,16,1,1
2271,0,2,7792,624191671696,16,1,1
2272,0,3,7792,624191672048,16,1,1
2273,0,2,7800,624191671712,16,1,1
2274,0,2,7801,624191671728,16,1,1
2275,0,2,7802,624191671744,16,1,1
2276,0,2,7803,624191671760,16,1,1
2277,0,3,7803,624191671452,4,1,1
2278,0,3,7804,624191671456,16,1,1
2279,0,3,7805,624191671472,16,1,1
2280,0,3,7806,624191671488,16,1,1
2281,0,3,7812,624191671460,12,1,1
2282,0,3,7813,624191671472,16,1,1
2283,0,2,7814,624191671732,12,1,1
2284,0,3,7814,624191671488,16,1,1
2285,0,2,7815,624191671744,16,1,1
2286,0,3,7815,624191671504,16,1,1
2287,0,2,7816,624191671760,16,1,1
2288,0,2,7817,624191671776,16,1,1
2289,0,2,7828,624191671792,16,1,1
2290,0,2,7829,624191671808,16,1,1
2291,0,3,7829,624191671520,16,1,1
2292,0,2,7830,624191671824,16,1,1
2293,0,3,7830,624191671536,16,1,1
2294,0,2,7831,624191671840,16,1,1
2295,0,3,7831,624191671552,16,1,1
2296,0,2,7832,624191671856,16,1,1
2297,0,3,7840,624191671568,16,1,1
2298,0,3,7841,624191671584,16,1,1
2299,0,3,7842,624191671600,16,1,1
2300,0,2,7843,624191671772,4,1,1
2301,0,2,7844,624191671776,16,1,1
2302,0,2,7845,624191671792,16,1,1
2303,0,2,7846,624191671808,16,1,1
2304,0,2,7847,624191671824,16,1,1
2305,0,2,7848,624191671840,16,1,1
2306,0,2,7849,624191671856,16,1,1
2307,0,2,7850,624191671872,16,1,1
2308,0,3,7850,624191671500,4,1,1
2309,0,2,7851,624191671888,16,1,1
2310,0,3,7851,624191671504,16,1,1
2311,0,2,7852,624191671904,16,1,1
2312,0,3,7852,624191671520,16,1,1
2313,0,2,7853,624191671920,16,1,1
2314,0,3,7853,624191671536,16,1,1
2315,0,2,7854,624191671936,16,1,1
2316,0,3,7854,624191671552,16,1,1
2317,0,2,7855,624191671952,16,1,1
2318,0,3,7855,624191671568,16,1,1
2319,0,2,7856,624191671968,16,1,1
2320,0,3,7856,624191671584,16,1,1
2321,0,2,7857,624191671984,16,1,1
2322,0,3,7857,624191671600,16,1,1
2323,0,3,7858,624191671616,16,1,1
2324,0,3,7859,624191671632,16,1,1
2325,0,3,7860,624191671648,16,1,1
2326,0,3,7861,624191671664,16,1,1
2327,0,3,7862,624191671680,16,1,1
2328,0,3,7863,624191671696,16,1,1
2329,0,2,7865,624191672000,16,1,1
2330,0,2,7866,624191672016,16,1,1
2331,0,2,7867,624191672032,16,1,1
2332,0,2,7868,624191672048,16,1,1
2333,0,3,7871,624191671712,16,1,1
2334,0,3,7872,624191671728,16,1,1
2335,0,3,7873,624191671744,16,1,1
2336,0,3,7874,624191671760,16,1,1
2337,0,2,7879,624191671452,4,1,1
2338,0,2,7880,624191671456,16,1,1
2339,0,2,7881,624191671472,16,1,1
2340,0,2,7882,624191671488,16,1,1
2341,0,3,7885,624191671732,12,1,1
2342,0,3,7886,624191671744,16,1,1
2343,0,3,7887,624191671760,16,1,1
2344,0,2,7888,624191671460,12,1,1
2345,0,3,7888,624191671776,16,1,1
2346,0,2,7889,624191671472,16,1,1
2347,0,2,7890,624191671488,16,1,1
2348,0,2,7891,624191671504,16,1,1
2349,0,3,7899,624191671792,16,1,1
2350,0,3,7900,624191671808,16,1,1
2351,0,3,7901,624191671824,16,1,1
2352,0,3,7902,624191671840,16,1,1
2353,0,3,7903,624191671856,16,1,1
2354,0,2,7905,624191671520,16,1,1
2355,0,2,7906,624191671536,16,1,1
2356,0,2,7907,624191671552,16,1,1
2357,0,3,7914,624191671772,4,1,1
2358,0,3,7915,624191671776,16,1,1
2359,0,2,7916,624191671568,16,1,1
2360,0,3,7916,624191671792,16,1,1
2361,0,2,7917,624191671584,16,1,1
2362,0,3,7917,624191671808,16,1,1
2363,0,2,7918,624191671600,16,1,1
2364,0,3,7918,624191671824,16,1,1
2365,0,3,7919,624191671840,16,1,1
2366,0,3,7920,624191671856,16,1,1
2367,0,3,7921,624191671872,16,1,1
2368,0,3,7922,624191671888,16,1,1
2369,0,3,7923,624191671904,16,1,1
2370,0,3,7924,624191671920,16,1,1
2371,0,3,7925,624191671936,16,1,1
2372,0,2,7926,624191671500,4,1,1
2373,0,3,7926,624191671952,16,1,1
2374,0,2,7927,624191671504,16,1,1
2375,0,3,7927,624191671968,16,1,1
2376,0,2,7928,624191671520,16,1,1
2377,0,3,7928,624191671984,16,1,1
2378,0,2,7929,624191671536,16,1,1
2379,0,2,7930,624191671552,16,1,1
2380,0,2,7931,624191671568,16,1,1
2381,0,2,7932,624191671584,16,1,1
2382,0,2,7933,624191671600,16,1,1
2383,0,2,7934,624191671616,16,1,1
2384,0,2,7935,624191671632,16,1,1
2385,0,2,7936,624191671648,16,1,1
2386,0,3,7936,624191672000,16,1,1
2387,0,2,7937,624191671664,16,1,1
2388,0,3,7937,624191672016,16,1,1
2389,0,2,7938,624191671680,16,1,1
2390,0,3,7938,624191672032,16,1,1
2391,0,2,7939,624191671696,16,1,1
2392,0,3,7939,624191672048,16,1,1
2393,0,2,7947,624191671712,16,1,1
2394,0,2,7948,624191671728,16,1,1
2395,0,2,7949,624191671744,16,1,1
2396,0,2,7950,624191671760,16,1,1
2397,0,3,7950,624191671452,4,1,1
2398,0,3,7951,624191671456,16,1,1
2399,0,3,7952,624191671472,16,1,1
2400,0,3,7953,624191671488,16,1,1
2401,0,3,7959,624191671460,12,1,1
2402,0,3,7960,624191671472,16,1,1
2403,0,2,7961,624191671732,12,1,1
2404,0,3,7961,624191671488,16,1,1
2405,0,2,7962,624191671744,16,1,1
2406,0,3,7962,624191671504,16,1,1
2407,0,2,7963,624191671760,16,1,1
2408,0,2,7964,624191671776,16,1,1
2409,0,2,7975,624191671792,16,1,1
2410,0,2,7976,624191671808,16,1,1
2411,0,3,7976,624191671520,16,1,1
2412,0,2,7977,624191671824,16,1,1
2413,0,3,7977,624191671536,16,1,1
2414,0,2,7978,624191671840,16,1,1
2415,0,3,7978,624191671552,16,1,1
2416,0,2,7979,624191671856,16,1,1
2417,0,3,7987,624191671568,16,1,1
2418,0,3,7988,624191671584,16,1,1
2419,0,3,7989,624191671600,16,1,1
2420,0,2,7990,624191671772,4,1,1
2421,0,2,7991,624191671776,16,1,1
2422,0,2,7992,624191671792,16,1,1
2423,0,2,7993,624191671808,16,1,1
2424,0,2,7994,624191671824,16,1,1
2425,0,2,7995,624191671840,16,1,1
2426,0,2,7996,624191671856,16,1,1
2427,0,2,7997,624191671872,16,1,1
2428,0,3,7997,624191671500,4,1,1
2429,0,2,7998,624191671888,16,1,1
2430,0,3,7998,624191671504,16,1,1
2431,0,2,7999,624191671904,16,1,1
2432,0,3,7999,624191671520,16,1,1
2433,0,2,8000,624191671920,16,1,1
2434,0,3,8000,624191671536,16,1,1
2435,0,2,8001,624191671936,16,1,1
2436,0,3,8001,624191671552,16,1,1
2437,0,2,8002,624191671952,16,1,1
2438,0,3,8002,624191671568,16,1,1
2439,0,2,8003,624191671968,16,1,1
2440,0,3,8003,624191671584,16,1,1
2441,0,2,8004,624191671984,16,1,1
2442,0,3,8004,624191671600,16,1,1
2443,0,3,8005,624191671616,16,1,1
2444,0,3,8006,624191671632,16,1,1
2445,0,3,8007,624191671648,16,1,1
2446,0,3,8008,624191671664,16,1,1
2447,0,3,8009,624191671680,16,1,1
2448,0,3,8010,624191671696,16,1,1
2449,0,2,8012,624191672000,16,1,1
2450,0,2,8013,624191672016,16,1,1
2451,0,2,8014,624191672032,16,1,1
2452,0,2,8015,624191672048,16,1,1
2453,0,3,8018,624191671712,16,1,1
2454,0,3,8019,624191671728,16,1,1
2455,0,3,8020,624191671744,16,1,1
2456,0,3,8021,624191671760,16,1,1
2457,0,2,8026,624191671452,4,1,1
2458,0,2,8027,624191671456,16,1,1
2459,0,2,8028,624191671472,16,1,1
2460,0,2,8029,624191671488,16,1,1
2461,0,3,8032,624191671732,12,1,1
2462,0,3,8033,624191671744,16,1,1
2463,0,3,8034,624191671760,16,1,1
2464,0,2,8035,624191671460,12,1,1
2465,0,3,8035,624191671776,16,1,1
2466,0,2,8036,624191671472,16,1,1
2467,0,2,8037,624191671488,16,1,1
2468,0,2,8038,624191671504,16,1,1
2469,0,3,8046,624191671792,16,1,1
2470,0,3,8047,624191671808,16,1,1
2471,0,3,8048,624191671824,16,1,1
2472,0,3,8049,624191671840,16,1,1
2473,0,3,8050,624191671856,16,1,1
2474,0,2,8052,624191671520,16,1,1
2475,0,2,8053,624191671536,16,1,1
2476,0,2,8054,624191671552,16,1,1
2477,0,2,8061,624191672060,4,1,1
2478,0,3,8061,624191671772,4,1,1
2479,0,2,8062,624191672064,16,1,1
2480,0,3,8062,624191671776,16,1,1
2481,0,2,8063,624191672080,16,1,1
2482,0,3,8063,624191671792,16,1,1
2483,0,2,8064,624191672096,16,1,1
2484,0,3,8064,624191671808,16,1,1
2485,0,2,8065,624191672080,16,1,1
2486,0,3,8065,624191671824,16,1,1
2487,0,2,8066,624191672096,16,1,1
2488,0,3,8066,624191671840,16,1,1
2489,0,2,8067,624191672112,16,1,1
2490,0,3,8067,624191671856,16,1,1
2491,0,3,8068,624191671872,16,1,1
2492,0,3,8069,624191671888,16,1,1
2493,0,2,8070,624191672076,4,1,1
2494,0,3,8070,624191671904,16,1,1
2495,0,2,8071,624191672080,16,1,1
2496,0,3,8071,624191671920,16,1,1
2497,0,2,8072,624191672096,16,1,1
2498,0,3,8072,624191671936,16,1,1
2499,0,2,8073,624191672092,4,1,1
2500,0,3,8073,624191671952,16,1,1
2501,0,2,8074,624191672096,16,1,1
2502,0,3,8074,624191671968,16,1,1
2503,0,2,8075,624191672112,16,1,1
2504,0,3,8075,624191671984,16,1,1
2505,0,2,8076,624191672128,16,1,1
2506,0,2,8077,624191672144,16,1,1
2507,0,2,8078,624191672160,16,1,1
2508,0,2,8079,624191672176,16,1,1
2509,0,2,8080,624191672192,16,1,1
2510,0,3,8083,624191672000,16,1,1
2511,0,3,8084,624191672016,16,1,1
2512,0,3,8085,624191672032,16,1,1
2513,0,3,8086,624191672048,16,1,1
2514,0,3,8097,624191671452,4,1,1
2515,0,3,8098,624191671456,16,1,1
2516,0,3,8099,624191671472,16,1,1
2517,0,3,8100,624191671488,16,1,1
2518,0,3,8106,624191671460,12,1,1
2519,0,3,8107,624191671472,16,1,1
2520,0,3,8108,624191671488,16,1,1
2521,0,3,8109,624191671504,16,1,1
2522,0,3,8123,624191671520,16,1,1
2523,0,3,8124,624191671536,16,1,1
2524,0,3,8125,624191671552,16,1,1
2525,0,3,8132,624191672060,4,1,1
2526,0,3,8133,624191672064,16,1,1
2527,0,3,8134,624191672080,16,1,1
2528,0,3,8135,624191672096,16,1,1
2529,0,3,8136,624191672080,16,1,1
2530,0,3,8137,624191672096,16,1,1
2531,0,3,8138,624191672112,16,1,1
2532,0,3,8141,624191672076,4,1,1
2533,0,3,8142,624191672080,16,1,1
2534,0,3,8143,624191672096,16,1,1
2535,0,3,8144,624191672092,4,1,1
2536,0,3,8145,624191672096,16,1,1
2537,0,3,8146,624191672112,16,1,1
2538,0,3,8147,624191672128,16,1,1
2539,0,3,8148,624191672144,16,1,1
2540,0,3,8149,624191672160,16,1,1
2541,0,3,8150,624191672176,16,1,1
2542,0,3,8151,624191672192,16,1,1
2543,0,1,8412,624191670288,16,1,1
2544,0,1,8413,624191670304,16,1,1
2545,0,1,8414,624191670320,16,1,1
2546,0,1,8415,624191670336,16,1,1
2547,0,1,8416,624191670352,16,1,1
