ExecInstrId,PredRegIndex,PredRegLenBits,PredRegValue
55800215113090,1,256,0x0000000000000000000000000000000000000000000000000000000000000000
55800215113091,1,256,0x1111111111111111111111111111111111111111111111111111111111111111
59098749996420,1,256,0x1111111111111111111111111111111111111111111111111111111111111111
55800215113098,1,256,0x1111111111111111111111111111111111111111111111111111111111111111
55800215113099,1,256,0x1111111111111111111111111111111111111111111111111111111111111111
59098749996428,1,256,0x1111111111111111111111111111111111111111111111111111111111111111
55800215113113,1,256,0x1111111111111111111111111111111111111111111111111111111111111111
55800215113114,1,256,0x1111111111111111111111111111111111111111111111111111111111111111
55800215113115,1,256,0x1111111111111111111111111111111111111111111111111111111111111111
59098749996444,1,256,0x1111111111111111111111111111111111111111111111111111111111111111
55800215113118,1,256,0x1111111111111111111111111111111111111111111111111111111111111111
55800215113119,1,256,0x1111111111111111111111111111111111111111111111111111111111111111
55800215113120,1,256,0x1111111111111111111111111111111111111111111111111111111111111111
59098749996449,1,256,0x1111111111111111111111111111111111111111111111111111111111111111
55800215113135,1,256,0x1111111111111111111111111111111111111111111111111111111111111111
55800215113136,1,256,0x1111111111111111111111111111111111111111111111111111111111111111
59098749996465,1,256,0x1111111111111111111111111111111111111111111111111111111111111111
55800215113143,1,256,0x1111111111111111111111111111111111111111111111111111111111111111
55800215113144,1,256,0x1111111111111111111111111111111111111111111111111111111111111111
59098749996473,1,256,0x1111111111111111111111111111111111111111111111111111111111111111
55800215113150,1,256,0x1111111111111111111111111111111111111111111111111111111111111111
55800215113151,1,256,0x1111111111111111111111111111111111111111111111111111111111111111
55800215113152,1,256,0x1111111111111111111111111111111111111111111111111111111111111111
59098749996481,1,256,0x1111111111111111111111111111111111111111111111111111111111111111
55800215113155,1,256,0x1111111111111111111111111111111111111111111111111111111111111111
55800215113156,1,256,0x1111111111111111111111111111111111111111111111111111111111111111
55800215113157,1,256,0x1111111111111111111111111111111111111111111111111111111111111111
59098749996486,1,256,0x1111111111111111111111111111111111111111111111111111111111111111
55800215113168,1,256,0x1111111111111111111111111111111111111111111111111111111111111111
55800215113169,1,256,0x1111111111111111111111111111111111111111111111111111111111111111
59098749996498,1,256,0x1111111111111111111111111111111111111111111111111111111111111111
55800215113177,1,256,0x1111111111111111111111111111111111111111111111111111111111111111
55800215113178,1,256,0x1111111111111111111111111111111111111111111111111111111111111111
59098749996507,1,256,0x1111111111111111111111111111111111111111111111111111111111111111
55525337206244,1,256,0x0000000000000000000000000000000000000000000000000000000000000000
55525337206245,1,256,0x1111111111111111111111111111111111111111111111111111111111111111
58823872089574,1,256,0x1111111111111111111111111111111111111111111111111111111111111111
55525337206248,1,256,0x1111111111111111111111111111111111111111111111111111111111111111
55525337206249,1,256,0x1111111111111111111111111111111111111111111111111111111111111111
58823872089578,1,256,0x1111111111111111111111111111111111111111111111111111111111111111
55525337206266,1,256,0x1111111111111111111111111111111111111111111111111111111111111111
55525337206267,1,256,0x1111111111111111111111111111111111111111111111111111111111111111
55525337206268,1,256,0x1111111111111111111111111111111111111111111111111111111111111111
58823872089597,1,256,0x1111111111111111111111111111111111111111111111111111111111111111
55525337206273,1,256,0x1111111111111111111111111111111111111111111111111111111111111111
55525337206274,1,256,0x1111111111111111111111111111111111111111111111111111111111111111
55525337206275,1,256,0x1111111111111111111111111111111111111111111111111111111111111111
58823872089604,1,256,0x1111111111111111111111111111111111111111111111111111111111111111
55525337206309,1,256,0x1111111111111111111111111111111111111111111111111111111111111111
55525337206310,1,256,0x1111111111111111111111111111111111111111111111111111111111111111
58823872089639,1,256,0x1111111111111111111111111111111111111111111111111111111111111111
55525337206314,1,256,0x1111111111111111111111111111111111111111111111111111111111111111
55525337206315,1,256,0x1111111111111111111111111111111111111111111111111111111111111111
58823872089644,1,256,0x1111111111111111111111111111111111111111111111111111111111111111
55525337206337,1,256,0x1111111111111111111111111111111111111111111111111111111111111111
55525337206338,1,256,0x1111111111111111111111111111111111111111111111111111111111111111
55525337206339,1,256,0x1111111111111111111111111111111111111111111111111111111111111111
58823872089668,1,256,0x1111111111111111111111111111111111111111111111111111111111111111
55525337206342,1,256,0x1111111111111111111111111111111111111111111111111111111111111111
55525337206343,1,256,0x1111111111111111111111111111111111111111111111111111111111111111
55525337206344,1,256,0x1111111111111111111111111111111111111111111111111111111111111111
58823872089673,1,256,0x1111111111111111111111111111111111111111111111111111111111111111
55525337206364,1,256,0x1111111111111111111111111111111111111111111111111111111111111111
55525337206365,1,256,0x1111111111111111111111111111111111111111111111111111111111111111
58823872089694,1,256,0x1111111111111111111111111111111111111111111111111111111111111111
55525337206369,1,256,0x1111111111111111111111111111111111111111111111111111111111111111
55525337206370,1,256,0x1111111111111111111111111111111111111111111111111111111111111111
58823872089699,1,256,0x1111111111111111111111111111111111111111111111111111111111111111
55525337208095,1,256,0x1111111111111111111111111111111111111111111111111111111111111111
55525337208096,1,256,0x1111111111111111111111111111111111111111111111111111111111111111
58823872091425,1,256,0x1111111111111111111111111111111111111111111111111111111111111111
55525337208104,1,256,0x1111111111111111111111111111111111111111111111111111111111111111
55525337208105,1,256,0x1111111111111111111111111111111111111111111111111111111111111111
58823872091434,1,256,0x1111111111111111111111111111111111111111111111111111111111111111
55800215115173,1,256,0x1111111111111111111111111111111111111111111111111111111111111111
55800215115174,1,256,0x1111111111111111111111111111111111111111111111111111111111111111
59098749998503,1,256,0x1111111111111111111111111111111111111111111111111111111111111111
55800215115181,1,256,0x1111111111111111111111111111111111111111111111111111111111111111
55800215115182,1,256,0x1111111111111111111111111111111111111111111111111111111111111111
59098749998511,1,256,0x1111111111111111111111111111111111111111111111111111111111111111
55525337209268,1,256,0x1111111111111111111111111111111111111111111111111111111111111111
55525337209269,1,256,0x1111111111111111111111111111111111111111111111111111111111111111
58823872092598,1,256,0x1111111111111111111111111111111111111111111111111111111111111111
55525337209272,1,256,0x1111111111111111111111111111111111111111111111111111111111111111
55525337209273,1,256,0x1111111111111111111111111111111111111111111111111111111111111111
58823872092602,1,256,0x1111111111111111111111111111111111111111111111111111111111111111
55525337209286,1,256,0x1111111111111111111111111111111111111111111111111111111111111111
55525337209287,1,256,0x1111111111111111111111111111111111111111111111111111111111111111
55525337209288,1,256,0x1111111111111111111111111111111111111111111111111111111111111111
58823872092617,1,256,0x1111111111111111111111111111111111111111111111111111111111111111
55525337209303,1,256,0x1111111111111111111111111111111111111111111111111111111111111111
55525337209304,1,256,0x1111111111111111111111111111111111111111111111111111111111111111
55525337209305,1,256,0x1111111111111111111111111111111111111111111111111111111111111111
58823872092634,1,256,0x1111111111111111111111111111111111111111111111111111111111111111
55525337209341,1,256,0x1111111111111111111111111111111111111111111111111111111111111111
55525337209342,1,256,0x1111111111111111111111111111111111111111111111111111111111111111
58823872092671,1,256,0x1111111111111111111111111111111111111111111111111111111111111111
55525337209346,1,256,0x1111111111111111111111111111111111111111111111111111111111111111
55525337209347,1,256,0x1111111111111111111111111111111111111111111111111111111111111111
58823872092676,1,256,0x1111111111111111111111111111111111111111111111111111111111111111
55525337209379,1,256,0x1111111111111111111111111111111111111111111111111111111111111111
55525337209380,1,256,0x1111111111111111111111111111111111111111111111111111111111111111
55525337209381,1,256,0x1111111111111111111111111111111111111111111111111111111111111111
58823872092710,1,256,0x1111111111111111111111111111111111111111111111111111111111111111
55525337209388,1,256,0x1111111111111111111111111111111111111111111111111111111111111111
55525337209389,1,256,0x1111111111111111111111111111111111111111111111111111111111111111
55525337209390,1,256,0x1111111111111111111111111111111111111111111111111111111111111111
58823872092719,1,256,0x1111111111111111111111111111111111111111111111111111111111111111
55525337209446,1,256,0x1111111111111111111111111111111111111111111111111111111111111111
55525337209447,1,256,0x1111111111111111111111111111111111111111111111111111111111111111
58823872092776,1,256,0x1111111111111111111111111111111111111111111111111111111111111111
55525337209463,1,256,0x1111111111111111111111111111111111111111111111111111111111111111
55525337209464,1,256,0x1111111111111111111111111111111111111111111111111111111111111111
58823872092793,1,256,0x1111111111111111111111111111111111111111111111111111111111111111
55525337209558,1,256,0x1111111111111111111111111111111111111111111111111111111111111111
55525337209559,1,256,0x1111111111111111111111111111111111111111111111111111111111111111
58823872092888,1,256,0x1111111111111111111111111111111111111111111111111111111111111111
55525337209563,1,256,0x1111111111111111111111111111111111111111111111111111111111111111
55525337209564,1,256,0x1111111111111111111111111111111111111111111111111111111111111111
58823872092893,1,256,0x1111111111111111111111111111111111111111111111111111111111111111
55800215116569,1,256,0x1111111111111111111111111111111111111111111111111111111111111111
55800215116570,1,256,0x1111111111111111111111111111111111111111111111111111111111111111
59098749999899,1,256,0x1111111111111111111111111111111111111111111111111111111111111111
55800215116574,1,256,0x1111111111111111111111111111111111111111111111111111111111111111
55800215116575,1,256,0x1111111111111111111111111111111111111111111111111111111111111111
59098749999904,1,256,0x1111111111111111111111111111111111111111111111111111111111111111
55800215116604,1,256,0x1111111111111111111111111111111111111111111111111111111111111111
55800215116605,1,256,0x1111111111111111111111111111111111111111111111111111111111111111
55800215116606,1,256,0x1111111111111111111111111111111111111111111111111111111111111111
59098749999935,1,256,0x1111111111111111111111111111111111111111111111111111111111111111
55800215116614,1,256,0x1111111111111111111111111111111111111111111111111111111111111111
55800215116615,1,256,0x1111111111111111111111111111111111111111111111111111111111111111
55800215116616,1,256,0x1111111111111111111111111111111111111111111111111111111111111111
59098749999945,1,256,0x1111111111111111111111111111111111111111111111111111111111111111
55800215116642,1,256,0x1111111111111111111111111111111111111111111111111111111111111111
55800215116643,1,256,0x1111111111111111111111111111111111111111111111111111111111111111
59098749999972,1,256,0x1111111111111111111111111111111111111111111111111111111111111111
55800215116648,1,256,0x1111111111111111111111111111111111111111111111111111111111111111
55800215116649,1,256,0x1111111111111111111111111111111111111111111111111111111111111111
59098749999978,1,256,0x1111111111111111111111111111111111111111111111111111111111111111
55800215116691,1,256,0x1111111111111111111111111111111111111111111111111111111111111111
55800215116692,1,256,0x1111111111111111111111111111111111111111111111111111111111111111
55800215116693,1,256,0x1111111111111111111111111111111111111111111111111111111111111111
59098750000022,1,256,0x1111111111111111111111111111111111111111111111111111111111111111
55800215116701,1,256,0x1111111111111111111111111111111111111111111111111111111111111111
55800215116702,1,256,0x1111111111111111111111111111111111111111111111111111111111111111
55800215116703,1,256,0x1111111111111111111111111111111111111111111111111111111111111111
59098750000032,1,256,0x1111111111111111111111111111111111111111111111111111111111111111
55800215116746,1,256,0x1111111111111111111111111111111111111111111111111111111111111111
55800215116747,1,256,0x1111111111111111111111111111111111111111111111111111111111111111
59098750000076,1,256,0x1111111111111111111111111111111111111111111111111111111111111111
55800215116760,1,256,0x1111111111111111111111111111111111111111111111111111111111111111
55800215116761,1,256,0x1111111111111111111111111111111111111111111111111111111111111111
59098750000090,1,256,0x1111111111111111111111111111111111111111111111111111111111111111
55800215116875,1,256,0x1111111111111111111111111111111111111111111111111111111111111111
55800215116876,1,256,0x1111111111111111111111111111111111111111111111111111111111111111
59098750000205,1,256,0x1111111111111111111111111111111111111111111111111111111111111111
55800215116885,1,256,0x1111111111111111111111111111111111111111111111111111111111111111
55800215116886,1,256,0x1111111111111111111111111111111111111111111111111111111111111111
59098750000215,1,256,0x1111111111111111111111111111111111111111111111111111111111111111
55525337210183,1,256,0x1111111111111111111111111111111111111111111111111111111111111111
55525337210184,1,256,0x1111111111111111111111111111111111111111111111111111111111111111
58823872093513,1,256,0x1111111111111111111111111111111111111111111111111111111111111111
55525337210196,1,256,0x1111111111111111111111111111111111111111111111111111111111111111
55525337210197,1,256,0x1111111111111111111111111111111111111111111111111111111111111111
58823872093526,1,256,0x1111111111111111111111111111111111111111111111111111111111111111
55525337210267,1,256,0x1111111111111111111111111111111111111111111111111111111111111111
55525337210268,1,256,0x1111111111111111111111111111111111111111111111111111111111111111
55525337210269,1,256,0x1111111111111111111111111111111111111111111111111111111111111111
58823872093598,1,256,0x1111111111111111111111111111111111111111111111111111111111111111
55525337210277,1,256,0x1111111111111111111111111111111111111111111111111111111111111111
55525337210278,1,256,0x1111111111111111111111111111111111111111111111111111111111111111
55525337210279,1,256,0x1111111111111111111111111111111111111111111111111111111111111111
58823872093608,1,256,0x1111111111111111111111111111111111111111111111111111111111111111
55525337210301,1,256,0x1111111111111111111111111111111111111111111111111111111111111111
55525337210302,1,256,0x1111111111111111111111111111111111111111111111111111111111111111
58823872093631,1,256,0x1111111111111111111111111111111111111111111111111111111111111111
55525337210311,1,256,0x1111111111111111111111111111111111111111111111111111111111111111
55525337210312,1,256,0x1111111111111111111111111111111111111111111111111111111111111111
58823872093641,1,256,0x1111111111111111111111111111111111111111111111111111111111111111
55525337210343,1,256,0x1111111111111111111111111111111111111111111111111111111111111111
55525337210344,1,256,0x1111111111111111111111111111111111111111111111111111111111111111
55525337210345,1,256,0x1111111111111111111111111111111111111111111111111111111111111111
58823872093674,1,256,0x1111111111111111111111111111111111111111111111111111111111111111
55525337210356,1,256,0x1111111111111111111111111111111111111111111111111111111111111111
55525337210357,1,256,0x1111111111111111111111111111111111111111111111111111111111111111
55525337210358,1,256,0x1111111111111111111111111111111111111111111111111111111111111111
58823872093687,1,256,0x1111111111111111111111111111111111111111111111111111111111111111
55525337210384,1,256,0x1111111111111111111111111111111111111111111111111111111111111111
55525337210385,1,256,0x1111111111111111111111111111111111111111111111111111111111111111
58823872093714,1,256,0x1111111111111111111111111111111111111111111111111111111111111111
55525337210390,1,256,0x1111111111111111111111111111111111111111111111111111111111111111
55525337210391,1,256,0x1111111111111111111111111111111111111111111111111111111111111111
58823872093720,1,256,0x1111111111111111111111111111111111111111111111111111111111111111
55525337210476,1,256,0x1111111111111111111111111111111111111111111111111111111111111111
55525337210477,1,256,0x1111111111111111111111111111111111111111111111111111111111111111
58823872093806,1,256,0x1111111111111111111111111111111111111111111111111111111111111111
55525337210485,1,256,0x1111111111111111111111111111111111111111111111111111111111111111
55525337210486,1,256,0x1111111111111111111111111111111111111111111111111111111111111111
58823872093815,1,256,0x1111111111111111111111111111111111111111111111111111111111111111
55800215117516,1,256,0x1111111111111111111111111111111111111111111111111111111111111111
55800215117517,1,256,0x1111111111111111111111111111111111111111111111111111111111111111
59098750000846,1,256,0x1111111111111111111111111111111111111111111111111111111111111111
55800215117529,1,256,0x1111111111111111111111111111111111111111111111111111111111111111
55800215117530,1,256,0x1111111111111111111111111111111111111111111111111111111111111111
59098750000859,1,256,0x1111111111111111111111111111111111111111111111111111111111111111
55800215117570,1,256,0x1111111111111111111111111111111111111111111111111111111111111111
55800215117571,1,256,0x1111111111111111111111111111111111111111111111111111111111111111
55800215117572,1,256,0x1111111111111111111111111111111111111111111111111111111111111111
59098750000901,1,256,0x1111111111111111111111111111111111111111111111111111111111111111
55800215117576,1,256,0x1111111111111111111111111111111111111111111111111111111111111111
55800215117577,1,256,0x1111111111111111111111111111111111111111111111111111111111111111
55800215117578,1,256,0x1111111111111111111111111111111111111111111111111111111111111111
59098750000907,1,256,0x1111111111111111111111111111111111111111111111111111111111111111
55800215117619,1,256,0x1111111111111111111111111111111111111111111111111111111111111111
55800215117620,1,256,0x1111111111111111111111111111111111111111111111111111111111111111
59098750000949,1,256,0x1111111111111111111111111111111111111111111111111111111111111111
55800215117625,1,256,0x1111111111111111111111111111111111111111111111111111111111111111
55800215117626,1,256,0x1111111111111111111111111111111111111111111111111111111111111111
59098750000955,1,256,0x1111111111111111111111111111111111111111111111111111111111111111
55800215117653,1,256,0x1111111111111111111111111111111111111111111111111111111111111111
55800215117654,1,256,0x1111111111111111111111111111111111111111111111111111111111111111
55800215117655,1,256,0x1111111111111111111111111111111111111111111111111111111111111111
59098750000984,1,256,0x1111111111111111111111111111111111111111111111111111111111111111
55800215117667,1,256,0x1111111111111111111111111111111111111111111111111111111111111111
55800215117668,1,256,0x1111111111111111111111111111111111111111111111111111111111111111
55800215117669,1,256,0x1111111111111111111111111111111111111111111111111111111111111111
59098750000998,1,256,0x1111111111111111111111111111111111111111111111111111111111111111
55800215117691,1,256,0x1111111111111111111111111111111111111111111111111111111111111111
55800215117692,1,256,0x1111111111111111111111111111111111111111111111111111111111111111
59098750001021,1,256,0x1111111111111111111111111111111111111111111111111111111111111111
55800215117697,1,256,0x1111111111111111111111111111111111111111111111111111111111111111
55800215117698,1,256,0x1111111111111111111111111111111111111111111111111111111111111111
59098750001027,1,256,0x1111111111111111111111111111111111111111111111111111111111111111
55800215117786,1,256,0x1111111111111111111111111111111111111111111111111111111111111111
55800215117787,1,256,0x1111111111111111111111111111111111111111111111111111111111111111
59098750001116,1,256,0x1111111111111111111111111111111111111111111111111111111111111111
55800215117796,1,256,0x1111111111111111111111111111111111111111111111111111111111111111
55800215117797,1,256,0x1111111111111111111111111111111111111111111111111111111111111111
59098750001126,1,256,0x1111111111111111111111111111111111111111111111111111111111111111
55525337211377,1,256,0x1111111111111111111111111111111111111111111111111111111111111111
55525337211378,1,256,0x1111111111111111111111111111111111111111111111111111111111111111
58823872094707,1,256,0x1111111111111111111111111111111111111111111111111111111111111111
55525337211381,1,256,0x1111111111111111111111111111111111111111111111111111111111111111
55525337211382,1,256,0x1111111111111111111111111111111111111111111111111111111111111111
58823872094711,1,256,0x1111111111111111111111111111111111111111111111111111111111111111
55525337211388,1,256,0x1111111111111111111111111111111111111111111111111111111111111111
55525337211389,1,256,0x1111111111111111111111111111111111111111111111111111111111111111
55525337211390,1,256,0x1111111111111111111111111111111111111111111111111111111111111111
58823872094719,1,256,0x1111111111111111111111111111111111111111111111111111111111111111
55525337211393,1,256,0x1111111111111111111111111111111111111111111111111111111111111111
55525337211394,1,256,0x1111111111111111111111111111111111111111111111111111111111111111
55525337211395,1,256,0x1111111111111111111111111111111111111111111111111111111111111111
58823872094724,1,256,0x1111111111111111111111111111111111111111111111111111111111111111
55525337211402,1,256,0x1111111111111111111111111111111111111111111111111111111111111111
55525337211403,1,256,0x1111111111111111111111111111111111111111111111111111111111111111
58823872094732,1,256,0x1111111111111111111111111111111111111111111111111111111111111111
55525337211407,1,256,0x1111111111111111111111111111111111111111111111111111111111111111
55525337211408,1,256,0x1111111111111111111111111111111111111111111111111111111111111111
58823872094737,1,256,0x1111111111111111111111111111111111111111111111111111111111111111
55525337211414,1,256,0x1111111111111111111111111111111111111111111111111111111111111111
55525337211415,1,256,0x1111111111111111111111111111111111111111111111111111111111111111
55525337211416,1,256,0x1111111111111111111111111111111111111111111111111111111111111111
58823872094745,1,256,0x1111111111111111111111111111111111111111111111111111111111111111
55525337211419,1,256,0x1111111111111111111111111111111111111111111111111111111111111111
55525337211420,1,256,0x1111111111111111111111111111111111111111111111111111111111111111
55525337211421,1,256,0x1111111111111111111111111111111111111111111111111111111111111111
58823872094750,1,256,0x1111111111111111111111111111111111111111111111111111111111111111
55525337211428,1,256,0x1111111111111111111111111111111111111111111111111111111111111111
55525337211429,1,256,0x1111111111111111111111111111111111111111111111111111111111111111
58823872094758,1,256,0x1111111111111111111111111111111111111111111111111111111111111111
55525337211433,1,256,0x1111111111111111111111111111111111111111111111111111111111111111
55525337211434,1,256,0x1111111111111111111111111111111111111111111111111111111111111111
58823872094763,1,256,0x1111111111111111111111111111111111111111111111111111111111111111
55525337211442,1,256,0x1111111111111111111111111111111111111111111111111111111111111111
55525337211443,1,256,0x1111111111111111111111111111111111111111111111111111111111111111
58823872094772,1,256,0x1111111111111111111111111111111111111111111111111111111111111111
55525337211447,1,256,0x1111111111111111111111111111111111111111111111111111111111111111
55525337211448,1,256,0x1111111111111111111111111111111111111111111111111111111111111111
58823872094777,1,256,0x1111111111111111111111111111111111111111111111111111111111111111
55800215118409,1,256,0x1111111111111111111111111111111111111111111111111111111111111111
55800215118410,1,256,0x1111111111111111111111111111111111111111111111111111111111111111
59098750001739,1,256,0x1111111111111111111111111111111111111111111111111111111111111111
55800215118414,1,256,0x1111111111111111111111111111111111111111111111111111111111111111
55800215118415,1,256,0x1111111111111111111111111111111111111111111111111111111111111111
59098750001744,1,256,0x1111111111111111111111111111111111111111111111111111111111111111
55800215118428,1,256,0x1111111111111111111111111111111111111111111111111111111111111111
55800215118429,1,256,0x1111111111111111111111111111111111111111111111111111111111111111
55800215118430,1,256,0x1111111111111111111111111111111111111111111111111111111111111111
59098750001759,1,256,0x1111111111111111111111111111111111111111111111111111111111111111
55800215118434,1,256,0x1111111111111111111111111111111111111111111111111111111111111111
55800215118435,1,256,0x1111111111111111111111111111111111111111111111111111111111111111
55800215118436,1,256,0x1111111111111111111111111111111111111111111111111111111111111111
59098750001765,1,256,0x1111111111111111111111111111111111111111111111111111111111111111
55800215118450,1,256,0x1111111111111111111111111111111111111111111111111111111111111111
55800215118451,1,256,0x1111111111111111111111111111111111111111111111111111111111111111
59098750001780,1,256,0x1111111111111111111111111111111111111111111111111111111111111111
55800215118456,1,256,0x1111111111111111111111111111111111111111111111111111111111111111
55800215118457,1,256,0x1111111111111111111111111111111111111111111111111111111111111111
59098750001786,1,256,0x1111111111111111111111111111111111111111111111111111111111111111
55800215118470,1,256,0x1111111111111111111111111111111111111111111111111111111111111111
55800215118471,1,256,0x1111111111111111111111111111111111111111111111111111111111111111
55800215118472,1,256,0x1111111111111111111111111111111111111111111111111111111111111111
59098750001801,1,256,0x1111111111111111111111111111111111111111111111111111111111111111
55800215118476,1,256,0x1111111111111111111111111111111111111111111111111111111111111111
55800215118477,1,256,0x1111111111111111111111111111111111111111111111111111111111111111
55800215118478,1,256,0x1111111111111111111111111111111111111111111111111111111111111111
59098750001807,1,256,0x1111111111111111111111111111111111111111111111111111111111111111
55800215118492,1,256,0x1111111111111111111111111111111111111111111111111111111111111111
55800215118493,1,256,0x1111111111111111111111111111111111111111111111111111111111111111
59098750001822,1,256,0x1111111111111111111111111111111111111111111111111111111111111111
55800215118498,1,256,0x1111111111111111111111111111111111111111111111111111111111111111
55800215118499,1,256,0x1111111111111111111111111111111111111111111111111111111111111111
59098750001828,1,256,0x1111111111111111111111111111111111111111111111111111111111111111
55800215118530,1,256,0x1111111111111111111111111111111111111111111111111111111111111111
55800215118531,1,256,0x1111111111111111111111111111111111111111111111111111111111111111
59098750001860,1,256,0x1111111111111111111111111111111111111111111111111111111111111111
55800215118536,1,256,0x1111111111111111111111111111111111111111111111111111111111111111
55800215118537,1,256,0x1111111111111111111111111111111111111111111111111111111111111111
59098750001866,1,256,0x1111111111111111111111111111111111111111111111111111111111111111
55525337211679,1,256,0x1111111111111111111111111111111111111111111111111111111111111111
55525337211680,1,256,0x1111111111111111111111111111111111111111111111111111111111111111
58823872095009,1,256,0x1111111111111111111111111111111111111111111111111111111111111111
55525337211684,1,256,0x1111111111111111111111111111111111111111111111111111111111111111
55525337211685,1,256,0x1111111111111111111111111111111111111111111111111111111111111111
58823872095014,1,256,0x1111111111111111111111111111111111111111111111111111111111111111
55525337211712,1,256,0x1111111111111111111111111111111111111111111111111111111111111111
55525337211713,1,256,0x1111111111111111111111111111111111111111111111111111111111111111
55525337211714,1,256,0x1111111111111111111111111111111111111111111111111111111111111111
58823872095043,1,256,0x1111111111111111111111111111111111111111111111111111111111111111
55525337211718,1,256,0x1111111111111111111111111111111111111111111111111111111111111111
55525337211719,1,256,0x1111111111111111111111111111111111111111111111111111111111111111
55525337211720,1,256,0x1111111111111111111111111111111111111111111111111111111111111111
58823872095049,1,256,0x1111111111111111111111111111111111111111111111111111111111111111
55525337211734,1,256,0x1111111111111111111111111111111111111111111111111111111111111111
55525337211735,1,256,0x1111111111111111111111111111111111111111111111111111111111111111
58823872095064,1,256,0x1111111111111111111111111111111111111111111111111111111111111111
55525337211740,1,256,0x1111111111111111111111111111111111111111111111111111111111111111
55525337211741,1,256,0x1111111111111111111111111111111111111111111111111111111111111111
58823872095070,1,256,0x1111111111111111111111111111111111111111111111111111111111111111
55525337211754,1,256,0x1111111111111111111111111111111111111111111111111111111111111111
55525337211755,1,256,0x1111111111111111111111111111111111111111111111111111111111111111
55525337211756,1,256,0x1111111111111111111111111111111111111111111111111111111111111111
58823872095085,1,256,0x1111111111111111111111111111111111111111111111111111111111111111
55525337211760,1,256,0x1111111111111111111111111111111111111111111111111111111111111111
55525337211761,1,256,0x1111111111111111111111111111111111111111111111111111111111111111
55525337211762,1,256,0x1111111111111111111111111111111111111111111111111111111111111111
58823872095091,1,256,0x1111111111111111111111111111111111111111111111111111111111111111
55525337211776,1,256,0x1111111111111111111111111111111111111111111111111111111111111111
55525337211777,1,256,0x1111111111111111111111111111111111111111111111111111111111111111
58823872095106,1,256,0x1111111111111111111111111111111111111111111111111111111111111111
55525337211782,1,256,0x1111111111111111111111111111111111111111111111111111111111111111
55525337211783,1,256,0x1111111111111111111111111111111111111111111111111111111111111111
58823872095112,1,256,0x1111111111111111111111111111111111111111111111111111111111111111
55525337211801,1,256,0x1111111111111111111111111111111111111111111111111111111111111111
55525337211802,1,256,0x1111111111111111111111111111111111111111111111111111111111111111
58823872095131,1,256,0x1111111111111111111111111111111111111111111111111111111111111111
55525337211806,1,256,0x1111111111111111111111111111111111111111111111111111111111111111
55525337211807,1,256,0x1111111111111111111111111111111111111111111111111111111111111111
58823872095136,1,256,0x1111111111111111111111111111111111111111111111111111111111111111
55800215118768,1,256,0x1111111111111111111111111111111111111111111111111111111111111111
55800215118769,1,256,0x1111111111111111111111111111111111111111111111111111111111111111
59098750002098,1,256,0x1111111111111111111111111111111111111111111111111111111111111111
55800215118773,1,256,0x1111111111111111111111111111111111111111111111111111111111111111
55800215118774,1,256,0x1111111111111111111111111111111111111111111111111111111111111111
59098750002103,1,256,0x1111111111111111111111111111111111111111111111111111111111111111
55800215118787,1,256,0x1111111111111111111111111111111111111111111111111111111111111111
55800215118788,1,256,0x1111111111111111111111111111111111111111111111111111111111111111
55800215118789,1,256,0x1111111111111111111111111111111111111111111111111111111111111111
59098750002118,1,256,0x1111111111111111111111111111111111111111111111111111111111111111
55800215118793,1,256,0x1111111111111111111111111111111111111111111111111111111111111111
55800215118794,1,256,0x1111111111111111111111111111111111111111111111111111111111111111
55800215118795,1,256,0x1111111111111111111111111111111111111111111111111111111111111111
59098750002124,1,256,0x1111111111111111111111111111111111111111111111111111111111111111
55800215118809,1,256,0x1111111111111111111111111111111111111111111111111111111111111111
55800215118810,1,256,0x1111111111111111111111111111111111111111111111111111111111111111
59098750002139,1,256,0x1111111111111111111111111111111111111111111111111111111111111111
55800215118815,1,256,0x1111111111111111111111111111111111111111111111111111111111111111
55800215118816,1,256,0x1111111111111111111111111111111111111111111111111111111111111111
59098750002145,1,256,0x1111111111111111111111111111111111111111111111111111111111111111
55800215118829,1,256,0x1111111111111111111111111111111111111111111111111111111111111111
55800215118830,1,256,0x1111111111111111111111111111111111111111111111111111111111111111
55800215118831,1,256,0x1111111111111111111111111111111111111111111111111111111111111111
59098750002160,1,256,0x1111111111111111111111111111111111111111111111111111111111111111
55800215118835,1,256,0x1111111111111111111111111111111111111111111111111111111111111111
55800215118836,1,256,0x1111111111111111111111111111111111111111111111111111111111111111
55800215118837,1,256,0x1111111111111111111111111111111111111111111111111111111111111111
59098750002166,1,256,0x1111111111111111111111111111111111111111111111111111111111111111
55800215118851,1,256,0x1111111111111111111111111111111111111111111111111111111111111111
55800215118852,1,256,0x1111111111111111111111111111111111111111111111111111111111111111
59098750002181,1,256,0x1111111111111111111111111111111111111111111111111111111111111111
55800215118857,1,256,0x1111111111111111111111111111111111111111111111111111111111111111
55800215118858,1,256,0x1111111111111111111111111111111111111111111111111111111111111111
59098750002187,1,256,0x1111111111111111111111111111111111111111111111111111111111111111
55800215118889,1,256,0x1111111111111111111111111111111111111111111111111111111111111111
55800215118890,1,256,0x1111111111111111111111111111111111111111111111111111111111111111
59098750002219,1,256,0x1111111111111111111111111111111111111111111111111111111111111111
55800215118895,1,256,0x1111111111111111111111111111111111111111111111111111111111111111
55800215118896,1,256,0x1111111111111111111111111111111111111111111111111111111111111111
59098750002225,1,256,0x1111111111111111111111111111111111111111111111111111111111111111
55525337212100,1,256,0x1111111111111111111111111111111111111111111111111111111111111111
55525337212101,1,256,0x1111111111111111111111111111111111111111111111111111111111111111
58823872095430,1,256,0x1111111111111111111111111111111111111111111111111111111111111111
55525337212104,1,256,0x1111111111111111111111111111111111111111111111111111111111111111
55525337212105,1,256,0x1111111111111111111111111111111111111111111111111111111111111111
58823872095434,1,256,0x1111111111111111111111111111111111111111111111111111111111111111
55525337212111,1,256,0x1111111111111111111111111111111111111111111111111111111111111111
55525337212112,1,256,0x1111111111111111111111111111111111111111111111111111111111111111
55525337212113,1,256,0x1111111111111111111111111111111111111111111111111111111111111111
58823872095442,1,256,0x1111111111111111111111111111111111111111111111111111111111111111
55525337212116,1,256,0x1111111111111111111111111111111111111111111111111111111111111111
55525337212117,1,256,0x1111111111111111111111111111111111111111111111111111111111111111
55525337212118,1,256,0x1111111111111111111111111111111111111111111111111111111111111111
58823872095447,1,256,0x1111111111111111111111111111111111111111111111111111111111111111
55525337212125,1,256,0x1111111111111111111111111111111111111111111111111111111111111111
55525337212126,1,256,0x1111111111111111111111111111111111111111111111111111111111111111
58823872095455,1,256,0x1111111111111111111111111111111111111111111111111111111111111111
55525337212130,1,256,0x1111111111111111111111111111111111111111111111111111111111111111
55525337212131,1,256,0x1111111111111111111111111111111111111111111111111111111111111111
58823872095460,1,256,0x1111111111111111111111111111111111111111111111111111111111111111
55525337212137,1,256,0x1111111111111111111111111111111111111111111111111111111111111111
55525337212138,1,256,0x1111111111111111111111111111111111111111111111111111111111111111
55525337212139,1,256,0x1111111111111111111111111111111111111111111111111111111111111111
58823872095468,1,256,0x1111111111111111111111111111111111111111111111111111111111111111
55525337212142,1,256,0x1111111111111111111111111111111111111111111111111111111111111111
55525337212143,1,256,0x1111111111111111111111111111111111111111111111111111111111111111
55525337212144,1,256,0x1111111111111111111111111111111111111111111111111111111111111111
58823872095473,1,256,0x1111111111111111111111111111111111111111111111111111111111111111
55525337212151,1,256,0x1111111111111111111111111111111111111111111111111111111111111111
55525337212152,1,256,0x1111111111111111111111111111111111111111111111111111111111111111
58823872095481,1,256,0x1111111111111111111111111111111111111111111111111111111111111111
55525337212156,1,256,0x1111111111111111111111111111111111111111111111111111111111111111
55525337212157,1,256,0x1111111111111111111111111111111111111111111111111111111111111111
58823872095486,1,256,0x1111111111111111111111111111111111111111111111111111111111111111
55525337212165,1,256,0x1111111111111111111111111111111111111111111111111111111111111111
55525337212166,1,256,0x1111111111111111111111111111111111111111111111111111111111111111
58823872095495,1,256,0x1111111111111111111111111111111111111111111111111111111111111111
55525337212170,1,256,0x1111111111111111111111111111111111111111111111111111111111111111
55525337212171,1,256,0x1111111111111111111111111111111111111111111111111111111111111111
58823872095500,1,256,0x1111111111111111111111111111111111111111111111111111111111111111
55800215119140,1,256,0x1111111111111111111111111111111111111111111111111111111111111111
55800215119141,1,256,0x1111111111111111111111111111111111111111111111111111111111111111
59098750002470,1,256,0x1111111111111111111111111111111111111111111111111111111111111111
55800215119145,1,256,0x1111111111111111111111111111111111111111111111111111111111111111
55800215119146,1,256,0x1111111111111111111111111111111111111111111111111111111111111111
59098750002475,1,256,0x1111111111111111111111111111111111111111111111111111111111111111
55800215119159,1,256,0x1111111111111111111111111111111111111111111111111111111111111111
55800215119160,1,256,0x1111111111111111111111111111111111111111111111111111111111111111
55800215119161,1,256,0x1111111111111111111111111111111111111111111111111111111111111111
59098750002490,1,256,0x1111111111111111111111111111111111111111111111111111111111111111
55800215119165,1,256,0x1111111111111111111111111111111111111111111111111111111111111111
55800215119166,1,256,0x1111111111111111111111111111111111111111111111111111111111111111
55800215119167,1,256,0x1111111111111111111111111111111111111111111111111111111111111111
59098750002496,1,256,0x1111111111111111111111111111111111111111111111111111111111111111
55800215119181,1,256,0x1111111111111111111111111111111111111111111111111111111111111111
55800215119182,1,256,0x1111111111111111111111111111111111111111111111111111111111111111
59098750002511,1,256,0x1111111111111111111111111111111111111111111111111111111111111111
55800215119187,1,256,0x1111111111111111111111111111111111111111111111111111111111111111
55800215119188,1,256,0x1111111111111111111111111111111111111111111111111111111111111111
59098750002517,1,256,0x1111111111111111111111111111111111111111111111111111111111111111
55800215119201,1,256,0x1111111111111111111111111111111111111111111111111111111111111111
55800215119202,1,256,0x1111111111111111111111111111111111111111111111111111111111111111
55800215119203,1,256,0x1111111111111111111111111111111111111111111111111111111111111111
59098750002532,1,256,0x1111111111111111111111111111111111111111111111111111111111111111
55800215119207,1,256,0x1111111111111111111111111111111111111111111111111111111111111111
55800215119208,1,256,0x1111111111111111111111111111111111111111111111111111111111111111
55800215119209,1,256,0x1111111111111111111111111111111111111111111111111111111111111111
59098750002538,1,256,0x1111111111111111111111111111111111111111111111111111111111111111
55800215119223,1,256,0x1111111111111111111111111111111111111111111111111111111111111111
55800215119224,1,256,0x1111111111111111111111111111111111111111111111111111111111111111
59098750002553,1,256,0x1111111111111111111111111111111111111111111111111111111111111111
55800215119229,1,256,0x1111111111111111111111111111111111111111111111111111111111111111
55800215119230,1,256,0x1111111111111111111111111111111111111111111111111111111111111111
59098750002559,1,256,0x1111111111111111111111111111111111111111111111111111111111111111
55800215119261,1,256,0x1111111111111111111111111111111111111111111111111111111111111111
55800215119262,1,256,0x1111111111111111111111111111111111111111111111111111111111111111
59098750002591,1,256,0x1111111111111111111111111111111111111111111111111111111111111111
55800215119267,1,256,0x1111111111111111111111111111111111111111111111111111111111111111
55800215119268,1,256,0x1111111111111111111111111111111111111111111111111111111111111111
59098750002597,1,256,0x1111111111111111111111111111111111111111111111111111111111111111
55525337212394,1,256,0x1111111111111111111111111111111111111111111111111111111111111111
55525337212395,1,256,0x1111111111111111111111111111111111111111111111111111111111111111
58823872095724,1,256,0x1111111111111111111111111111111111111111111111111111111111111111
55525337212399,1,256,0x1111111111111111111111111111111111111111111111111111111111111111
55525337212400,1,256,0x1111111111111111111111111111111111111111111111111111111111111111
58823872095729,1,256,0x1111111111111111111111111111111111111111111111111111111111111111
55525337212427,1,256,0x1111111111111111111111111111111111111111111111111111111111111111
55525337212428,1,256,0x1111111111111111111111111111111111111111111111111111111111111111
55525337212429,1,256,0x1111111111111111111111111111111111111111111111111111111111111111
58823872095758,1,256,0x1111111111111111111111111111111111111111111111111111111111111111
55525337212433,1,256,0x1111111111111111111111111111111111111111111111111111111111111111
55525337212434,1,256,0x1111111111111111111111111111111111111111111111111111111111111111
55525337212435,1,256,0x1111111111111111111111111111111111111111111111111111111111111111
58823872095764,1,256,0x1111111111111111111111111111111111111111111111111111111111111111
55525337212449,1,256,0x1111111111111111111111111111111111111111111111111111111111111111
55525337212450,1,256,0x1111111111111111111111111111111111111111111111111111111111111111
58823872095779,1,256,0x1111111111111111111111111111111111111111111111111111111111111111
55525337212455,1,256,0x1111111111111111111111111111111111111111111111111111111111111111
55525337212456,1,256,0x1111111111111111111111111111111111111111111111111111111111111111
58823872095785,1,256,0x1111111111111111111111111111111111111111111111111111111111111111
55525337212469,1,256,0x1111111111111111111111111111111111111111111111111111111111111111
55525337212470,1,256,0x1111111111111111111111111111111111111111111111111111111111111111
55525337212471,1,256,0x1111111111111111111111111111111111111111111111111111111111111111
58823872095800,1,256,0x1111111111111111111111111111111111111111111111111111111111111111
55525337212475,1,256,0x1111111111111111111111111111111111111111111111111111111111111111
55525337212476,1,256,0x1111111111111111111111111111111111111111111111111111111111111111
55525337212477,1,256,0x1111111111111111111111111111111111111111111111111111111111111111
58823872095806,1,256,0x1111111111111111111111111111111111111111111111111111111111111111
55525337212491,1,256,0x1111111111111111111111111111111111111111111111111111111111111111
55525337212492,1,256,0x1111111111111111111111111111111111111111111111111111111111111111
58823872095821,1,256,0x1111111111111111111111111111111111111111111111111111111111111111
55525337212497,1,256,0x1111111111111111111111111111111111111111111111111111111111111111
55525337212498,1,256,0x1111111111111111111111111111111111111111111111111111111111111111
58823872095827,1,256,0x1111111111111111111111111111111111111111111111111111111111111111
55525337212524,1,256,0x1111111111111111111111111111111111111111111111111111111111111111
55525337212525,1,256,0x1111111111111111111111111111111111111111111111111111111111111111
58823872095854,1,256,0x1111111111111111111111111111111111111111111111111111111111111111
55525337212529,1,256,0x1111111111111111111111111111111111111111111111111111111111111111
55525337212530,1,256,0x1111111111111111111111111111111111111111111111111111111111111111
58823872095859,1,256,0x1111111111111111111111111111111111111111111111111111111111111111
55800215119492,1,256,0x1111111111111111111111111111111111111111111111111111111111111111
55800215119493,1,256,0x1111111111111111111111111111111111111111111111111111111111111111
59098750002822,1,256,0x1111111111111111111111111111111111111111111111111111111111111111
55800215119497,1,256,0x1111111111111111111111111111111111111111111111111111111111111111
55800215119498,1,256,0x1111111111111111111111111111111111111111111111111111111111111111
59098750002827,1,256,0x1111111111111111111111111111111111111111111111111111111111111111
55800215119525,1,256,0x1111111111111111111111111111111111111111111111111111111111111111
55800215119526,1,256,0x1111111111111111111111111111111111111111111111111111111111111111
55800215119527,1,256,0x1111111111111111111111111111111111111111111111111111111111111111
59098750002856,1,256,0x1111111111111111111111111111111111111111111111111111111111111111
55800215119531,1,256,0x1111111111111111111111111111111111111111111111111111111111111111
55800215119532,1,256,0x1111111111111111111111111111111111111111111111111111111111111111
55800215119533,1,256,0x1111111111111111111111111111111111111111111111111111111111111111
59098750002862,1,256,0x1111111111111111111111111111111111111111111111111111111111111111
55800215119547,1,256,0x1111111111111111111111111111111111111111111111111111111111111111
55800215119548,1,256,0x1111111111111111111111111111111111111111111111111111111111111111
59098750002877,1,256,0x1111111111111111111111111111111111111111111111111111111111111111
55800215119553,1,256,0x1111111111111111111111111111111111111111111111111111111111111111
55800215119554,1,256,0x1111111111111111111111111111111111111111111111111111111111111111
59098750002883,1,256,0x1111111111111111111111111111111111111111111111111111111111111111
55800215119567,1,256,0x1111111111111111111111111111111111111111111111111111111111111111
55800215119568,1,256,0x1111111111111111111111111111111111111111111111111111111111111111
55800215119569,1,256,0x1111111111111111111111111111111111111111111111111111111111111111
59098750002898,1,256,0x1111111111111111111111111111111111111111111111111111111111111111
55800215119573,1,256,0x1111111111111111111111111111111111111111111111111111111111111111
55800215119574,1,256,0x1111111111111111111111111111111111111111111111111111111111111111
55800215119575,1,256,0x1111111111111111111111111111111111111111111111111111111111111111
59098750002904,1,256,0x1111111111111111111111111111111111111111111111111111111111111111
55800215119589,1,256,0x1111111111111111111111111111111111111111111111111111111111111111
55800215119590,1,256,0x1111111111111111111111111111111111111111111111111111111111111111
59098750002919,1,256,0x1111111111111111111111111111111111111111111111111111111111111111
55800215119595,1,256,0x1111111111111111111111111111111111111111111111111111111111111111
55800215119596,1,256,0x1111111111111111111111111111111111111111111111111111111111111111
59098750002925,1,256,0x1111111111111111111111111111111111111111111111111111111111111111
55800215119627,1,256,0x1111111111111111111111111111111111111111111111111111111111111111
55800215119628,1,256,0x1111111111111111111111111111111111111111111111111111111111111111
59098750002957,1,256,0x1111111111111111111111111111111111111111111111111111111111111111
55800215119633,1,256,0x1111111111111111111111111111111111111111111111111111111111111111
55800215119634,1,256,0x1111111111111111111111111111111111111111111111111111111111111111
59098750002963,1,256,0x1111111111111111111111111111111111111111111111111111111111111111
55525337212830,1,256,0x1111111111111111111111111111111111111111111111111111111111111111
55525337212831,1,256,0x1111111111111111111111111111111111111111111111111111111111111111
58823872096160,1,256,0x1111111111111111111111111111111111111111111111111111111111111111
55525337212834,1,256,0x1111111111111111111111111111111111111111111111111111111111111111
55525337212835,1,256,0x1111111111111111111111111111111111111111111111111111111111111111
58823872096164,1,256,0x1111111111111111111111111111111111111111111111111111111111111111
55525337212841,1,256,0x1111111111111111111111111111111111111111111111111111111111111111
55525337212842,1,256,0x1111111111111111111111111111111111111111111111111111111111111111
55525337212843,1,256,0x1111111111111111111111111111111111111111111111111111111111111111
58823872096172,1,256,0x1111111111111111111111111111111111111111111111111111111111111111
55525337212846,1,256,0x1111111111111111111111111111111111111111111111111111111111111111
55525337212847,1,256,0x1111111111111111111111111111111111111111111111111111111111111111
55525337212848,1,256,0x1111111111111111111111111111111111111111111111111111111111111111
58823872096177,1,256,0x1111111111111111111111111111111111111111111111111111111111111111
55525337212855,1,256,0x1111111111111111111111111111111111111111111111111111111111111111
55525337212856,1,256,0x1111111111111111111111111111111111111111111111111111111111111111
58823872096185,1,256,0x1111111111111111111111111111111111111111111111111111111111111111
55525337212860,1,256,0x1111111111111111111111111111111111111111111111111111111111111111
55525337212861,1,256,0x1111111111111111111111111111111111111111111111111111111111111111
58823872096190,1,256,0x1111111111111111111111111111111111111111111111111111111111111111
55525337212867,1,256,0x1111111111111111111111111111111111111111111111111111111111111111
55525337212868,1,256,0x1111111111111111111111111111111111111111111111111111111111111111
55525337212869,1,256,0x1111111111111111111111111111111111111111111111111111111111111111
58823872096198,1,256,0x1111111111111111111111111111111111111111111111111111111111111111
55525337212872,1,256,0x1111111111111111111111111111111111111111111111111111111111111111
55525337212873,1,256,0x1111111111111111111111111111111111111111111111111111111111111111
55525337212874,1,256,0x1111111111111111111111111111111111111111111111111111111111111111
58823872096203,1,256,0x1111111111111111111111111111111111111111111111111111111111111111
55525337212881,1,256,0x1111111111111111111111111111111111111111111111111111111111111111
55525337212882,1,256,0x1111111111111111111111111111111111111111111111111111111111111111
58823872096211,1,256,0x1111111111111111111111111111111111111111111111111111111111111111
55525337212886,1,256,0x1111111111111111111111111111111111111111111111111111111111111111
55525337212887,1,256,0x1111111111111111111111111111111111111111111111111111111111111111
58823872096216,1,256,0x1111111111111111111111111111111111111111111111111111111111111111
55525337212895,1,256,0x1111111111111111111111111111111111111111111111111111111111111111
55525337212896,1,256,0x1111111111111111111111111111111111111111111111111111111111111111
58823872096225,1,256,0x1111111111111111111111111111111111111111111111111111111111111111
55525337212900,1,256,0x1111111111111111111111111111111111111111111111111111111111111111
55525337212901,1,256,0x1111111111111111111111111111111111111111111111111111111111111111
58823872096230,1,256,0x1111111111111111111111111111111111111111111111111111111111111111
55800215119862,1,256,0x1111111111111111111111111111111111111111111111111111111111111111
55800215119863,1,256,0x1111111111111111111111111111111111111111111111111111111111111111
59098750003192,1,256,0x1111111111111111111111111111111111111111111111111111111111111111
55800215119867,1,256,0x1111111111111111111111111111111111111111111111111111111111111111
55800215119868,1,256,0x1111111111111111111111111111111111111111111111111111111111111111
59098750003197,1,256,0x1111111111111111111111111111111111111111111111111111111111111111
55800215119881,1,256,0x1111111111111111111111111111111111111111111111111111111111111111
55800215119882,1,256,0x1111111111111111111111111111111111111111111111111111111111111111
55800215119883,1,256,0x1111111111111111111111111111111111111111111111111111111111111111
59098750003212,1,256,0x1111111111111111111111111111111111111111111111111111111111111111
55800215119887,1,256,0x1111111111111111111111111111111111111111111111111111111111111111
55800215119888,1,256,0x1111111111111111111111111111111111111111111111111111111111111111
55800215119889,1,256,0x1111111111111111111111111111111111111111111111111111111111111111
59098750003218,1,256,0x1111111111111111111111111111111111111111111111111111111111111111
55800215119903,1,256,0x1111111111111111111111111111111111111111111111111111111111111111
55800215119904,1,256,0x1111111111111111111111111111111111111111111111111111111111111111
59098750003233,1,256,0x1111111111111111111111111111111111111111111111111111111111111111
55800215119909,1,256,0x1111111111111111111111111111111111111111111111111111111111111111
55800215119910,1,256,0x1111111111111111111111111111111111111111111111111111111111111111
59098750003239,1,256,0x1111111111111111111111111111111111111111111111111111111111111111
55800215119923,1,256,0x1111111111111111111111111111111111111111111111111111111111111111
55800215119924,1,256,0x1111111111111111111111111111111111111111111111111111111111111111
55800215119925,1,256,0x1111111111111111111111111111111111111111111111111111111111111111
59098750003254,1,256,0x1111111111111111111111111111111111111111111111111111111111111111
55800215119929,1,256,0x1111111111111111111111111111111111111111111111111111111111111111
55800215119930,1,256,0x1111111111111111111111111111111111111111111111111111111111111111
55800215119931,1,256,0x1111111111111111111111111111111111111111111111111111111111111111
59098750003260,1,256,0x1111111111111111111111111111111111111111111111111111111111111111
55800215119945,1,256,0x1111111111111111111111111111111111111111111111111111111111111111
55800215119946,1,256,0x1111111111111111111111111111111111111111111111111111111111111111
59098750003275,1,256,0x1111111111111111111111111111111111111111111111111111111111111111
55800215119951,1,256,0x1111111111111111111111111111111111111111111111111111111111111111
55800215119952,1,256,0x1111111111111111111111111111111111111111111111111111111111111111
59098750003281,1,256,0x1111111111111111111111111111111111111111111111111111111111111111
55800215119983,1,256,0x1111111111111111111111111111111111111111111111111111111111111111
55800215119984,1,256,0x1111111111111111111111111111111111111111111111111111111111111111
59098750003313,1,256,0x1111111111111111111111111111111111111111111111111111111111111111
55800215119989,1,256,0x1111111111111111111111111111111111111111111111111111111111111111
55800215119990,1,256,0x1111111111111111111111111111111111111111111111111111111111111111
59098750003319,1,256,0x1111111111111111111111111111111111111111111111111111111111111111
