ExecInstrId,SprName,SprValue
1374389534859,CTRL,1001000000000008
1374389534896,CTRL,1001000000000008
1374389534911,CTRL,1001000000000008
1374389534913,CTRL,1001000000000008
1374389534915,CTRL,1001000000000008
1374389534918,CTRL,1001000000000008
1374389534919,CTRL,1001000000000008
1374389534921,CTRL,1001000000000008
1374389534923,CTRL,1001000000000008
1374389534925,CTRL,1001000000000008
1374389534926,CTRL,1001000000000008
1374389534928,CTRL,1001000000000008
1374389534930,CTRL,1001000000000008
1374389534932,CTRL,1001000000000008
1374389534934,CTRL,1001000000000008
1374389534936,CTRL,1001000000000008
1374389534938,CTRL,1001000000000008
1374389534941,CTRL,1001000000000008
1374389534943,CTRL,1001000000000008
1374389534946,CTRL,1001000000000008
1374389534949,CTRL,1001000000000008
1374389534950,CTRL,1001000000000008
1374389534951,CTRL,1001000000000008
1374389534955,CONDITION_FLAG,0
1374389534957,CTRL,1001000000000008
1374389534960,CONDITION_FLAG,0
1374389534962,CONDITION_FLAG,0
1374389534965,CONDITION_FLAG,0
1374389534966,CTRL,1001000000000008
1374389534979,CTRL,1001000000000008
1374389534984,CTRL,1001000000000008
1374389534988,CTRL,1001000000000008
1374389534991,CTRL,1001000000000008
1374389535122,CTRL,1001000000000008
1374389535123,CTRL,1001000000000008
1374389535124,CTRL,1001000000000008
1374389535129,CTRL,1001000000000008
1374389535131,CTRL,1001000000000008
1374389535148,CTRL,1001000000000008
1374389535154,CTRL,1001000000000008
1374389535156,CTRL,1001000000000008
1374389535170,CTRL,1001000000000008
1374389535171,CTRL,1001000000000008
1374389535179,CTRL,1001000000000008
1374389535194,CTRL,1001000000000008
1374389535196,CTRL,1001000000000008
1374389535221,CTRL,1001000000000008
1374389535229,CTRL,1001000000000008
1374389535230,CTRL,1001000000000008
1374389535237,CTRL,1001000000000008
1374389535257,CTRL,1001000000000008
1374389535260,CTRL,1001000000000008
1374389535265,CTRL,1001000000000008
1374389535284,CTRL,1001000000000008
1374389535290,CTRL,1001000000000008
1374389535291,CTRL,1001000000000008
1374389535292,CTRL,1001000000000008
1374389535297,CONDITION_FLAG,0
1374389535299,CTRL,1001000000000008
1374389535300,CTRL,1001000000000008
6871947674182,CONDITION_FLAG,0
1374389535447,CTRL,1001000000000008
1374389535451,CTRL,1001000000000008
6871947674333,CONDITION_FLAG,0
1374389535461,CTRL,1001000000000008
1374389535462,CTRL,1001000000000008
1374389535465,CTRL,1001000000000008
1374389535466,CTRL,1001000000000008
1374389535471,CTRL,1001000000000008
1374389535475,CTRL,1001000000000008
1374389535477,CTRL,1001000000000008
1374389535478,CTRL,1001000000000008
1374389535481,CTRL,1001000000000008
1374389535482,CTRL,1001000000000008
1374389535484,CTRL,1001000000000008
1374389535488,CONDITION_FLAG,1
1374389535489,CTRL,1001000000000008
1374389535490,CTRL,1001000000000008
1374389535491,CTRL,1001000000000008
1374389535493,CTRL,1001000000000008
1374389535494,CTRL,1001000000000008
6871947674376,CONDITION_FLAG,0
1374389535623,CTRL,1001000000000008
1374389535625,CTRL,1001000000000008
1374389535627,CTRL,1001000000000008
1374389535628,CTRL,1001000000000008
1374389535629,CTRL,1001000000000008
1374389535630,CTRL,1001000000000008
1374389535631,CTRL,1001000000000008
1374389535635,CONDITION_FLAG,0
1374389535636,CTRL,1001000000000008
1374389535638,CTRL,1001000000000008
1374389535639,CTRL,1001000000000008
1374389535640,CTRL,1001000000000008
1374389535641,CTRL,1001000000000008
1374389535646,CONDITION_FLAG,0
1374389535648,CTRL,1001000000000008
1374389535649,CTRL,1001000000000008
6871947674531,CONDITION_FLAG,0
1374389535697,CTRL,1001000000000008
1374389535698,CTRL,1001000000000008
6871947674580,CONDITION_FLAG,0
1374389535701,CTRL,1001000000000008
1374389535702,CTRL,1001000000000008
1374389535705,CTRL,1001000000000008
1374389535706,CTRL,1001000000000008
1374389535711,CTRL,1001000000000008
1374389535715,CTRL,1001000000000008
1374389535717,CTRL,1001000000000008
1374389535718,CTRL,1001000000000008
1374389535721,CTRL,1001000000000008
1374389535722,CTRL,1001000000000008
1374389535723,CTRL,1001000000000008
1374389535724,CTRL,1001000000000008
1374389535728,CONDITION_FLAG,1
1374389535729,CTRL,1001000000000008
1374389535730,CTRL,1001000000000008
1374389535733,CTRL,1001000000000008
1374389535734,CTRL,1001000000000008
1374389535735,CTRL,1001000000000008
1374389535736,CTRL,1001000000000008
1374389535737,CTRL,1001000000000008
1374389535738,CTRL,1001000000000008
1374389535740,CTRL,1001000000000008
1374389535741,CTRL,1001000000000008
1374389535743,CTRL,1001000000000008
1374389535744,CTRL,1001000000000008
6871947674626,CONDITION_FLAG,0
1374389535774,CTRL,1001000000000008
1374389535776,CTRL,1001000000000008
1374389535778,CTRL,1001000000000008
1374389535779,CTRL,1001000000000008
1374389535781,CTRL,1001000000000008
1374389535782,CTRL,1001000000000008
1374389535787,CONDITION_FLAG,0
1374389535788,CTRL,1001000000000008
1374389535789,CTRL,1001000000000008
1374389535793,CTRL,1001000000000008
1374389535794,CTRL,1001000000000008
1374389535795,CTRL,1001000000000008
1374389535796,CTRL,1001000000000008
1374389535798,CTRL,1001000000000008
6871947674679,CONDITION_FLAG,1
1374389535800,CTRL,1001000000000008
1374389535801,CTRL,1001000000000008
1374389535802,CTRL,1001000000000008
1374389535807,CONDITION_FLAG,1
1374389535809,CTRL,1001000000000008
1374389535810,CTRL,1001000000000008
6871947674692,CONDITION_FLAG,1
1374389535858,CTRL,1001000000000008
1374389535859,CTRL,1001000000000008
6871947674741,CONDITION_FLAG,0
1374389535862,CTRL,1001000000000008
1374389535863,CTRL,1001000000000008
1374389535866,CTRL,1001000000000008
1374389535867,CTRL,1001000000000008
1374389535872,CTRL,1001000000000008
1374389535876,CTRL,1001000000000008
1374389535878,CTRL,1001000000000008
1374389535879,CTRL,1001000000000008
1374389535882,CTRL,1001000000000008
1374389535883,CTRL,1001000000000008
1374389535885,CTRL,1001000000000008
1374389535889,CONDITION_FLAG,1
1374389535890,CTRL,1001000000000008
1374389535891,CTRL,1001000000000008
1374389535892,CTRL,1001000000000008
1374389535894,CTRL,1001000000000008
1374389535895,CTRL,1001000000000008
6871947674777,CONDITION_FLAG,1
1374389535943,CTRL,1001000000000008
1374389535945,CTRL,1001000000000008
1374389535947,CTRL,1001000000000008
1374389535948,CTRL,1001000000000008
1374389535949,CTRL,1001000000000008
1374389535950,CTRL,1001000000000008
1374389535951,CTRL,1001000000000008
1374389535955,CONDITION_FLAG,0
1374389535956,CTRL,1001000000000008
1374389535958,CTRL,1001000000000008
1374389535959,CTRL,1001000000000008
1374389535960,CTRL,1001000000000008
1374389535961,CTRL,1001000000000008
1374389535966,CONDITION_FLAG,1
1374389535968,CTRL,1001000000000008
1374389535969,CTRL,1001000000000008
6871947674851,CONDITION_FLAG,1
1374389536017,CTRL,1001000000000008
1374389536018,CTRL,1001000000000008
6871947674900,CONDITION_FLAG,0
1374389536021,CTRL,1001000000000008
1374389536022,CTRL,1001000000000008
1374389536025,CTRL,1001000000000008
1374389536026,CTRL,1001000000000008
1374389536031,CTRL,1001000000000008
1374389536035,CTRL,1001000000000008
1374389536037,CTRL,1001000000000008
1374389536038,CTRL,1001000000000008
1374389536041,CTRL,1001000000000008
1374389536042,CTRL,1001000000000008
1374389536043,CTRL,1001000000000008
1374389536044,CTRL,1001000000000008
1374389536048,CONDITION_FLAG,1
1374389536049,CTRL,1001000000000008
1374389536050,CTRL,1001000000000008
1374389536053,CTRL,1001000000000008
1374389536054,CTRL,1001000000000008
1374389536055,CTRL,1001000000000008
1374389536056,CTRL,1001000000000008
1374389536057,CTRL,1001000000000008
1374389536058,CTRL,1001000000000008
1374389536060,CTRL,1001000000000008
1374389536061,CTRL,1001000000000008
1374389536063,CTRL,1001000000000008
1374389536064,CTRL,1001000000000008
6871947674946,CONDITION_FLAG,1
1374389536110,CTRL,1001000000000008
1374389536112,CTRL,1001000000000008
1374389536114,CTRL,1001000000000008
1374389536115,CTRL,1001000000000008
1374389536117,CTRL,1001000000000008
1374389536118,CTRL,1001000000000008
1374389536123,CONDITION_FLAG,0
1374389536124,CTRL,1001000000000008
1374389536125,CTRL,1001000000000008
1374389536129,CTRL,1001000000000008
1374389536130,CTRL,1001000000000008
1374389536131,CTRL,1001000000000008
1374389536132,CTRL,1001000000000008
1374389536134,CTRL,1001000000000008
6871947675015,CONDITION_FLAG,1
1374389536136,CTRL,1001000000000008
1374389536137,CTRL,1001000000000008
1374389536138,CTRL,1001000000000008
1374389536143,CONDITION_FLAG,1
1374389536145,CTRL,1001000000000008
1374389536146,CTRL,1001000000000008
6871947675028,CONDITION_FLAG,0
1374389536196,CTRL,1001000000000008
1374389536197,CTRL,1001000000000008
6871947675079,CONDITION_FLAG,0
1374389536235,CTRL,1001000000000008
1374389536237,CTRL,1001000000000008
1374389536239,CTRL,1001000000000008
1374389536240,CTRL,1001000000000008
1374389536241,CTRL,1001000000000008
1374389536242,CTRL,1001000000000008
1374389536245,CTRL,1001000000000008
1374389536246,CTRL,1001000000000008
1374389536251,CTRL,1001000000000008
1374389536255,CTRL,1001000000000008
1374389536257,CTRL,1001000000000008
1374389536258,CTRL,1001000000000008
1374389536261,CTRL,1001000000000008
1374389536262,CTRL,1001000000000008
1374389536264,CTRL,1001000000000008
1374389536268,CONDITION_FLAG,0
1374389536269,CTRL,1001000000000008
1374389536270,CTRL,1001000000000008
1374389536271,CTRL,1001000000000008
1374389536273,CTRL,1001000000000008
1374389536274,CTRL,1001000000000008
6871947675156,CONDITION_FLAG,0
1374389536322,CTRL,1001000000000008
1374389536324,CTRL,1001000000000008
1374389536326,CTRL,1001000000000008
1374389536327,CTRL,1001000000000008
1374389536328,CTRL,1001000000000008
1374389536329,CTRL,1001000000000008
1374389536330,CTRL,1001000000000008
1374389536334,CONDITION_FLAG,0
1374389536335,CTRL,1001000000000008
1374389536337,CTRL,1001000000000008
1374389536338,CTRL,1001000000000008
1374389536339,CTRL,1001000000000008
1374389536340,CTRL,1001000000000008
1374389536345,CONDITION_FLAG,0
1374389536347,CTRL,1001000000000008
1374389536348,CTRL,1001000000000008
6871947675230,CONDITION_FLAG,0
1374389536396,CTRL,1001000000000008
1374389536397,CTRL,1001000000000008
6871947675279,CONDITION_FLAG,0
1374389536409,CTRL,1001000000000008
1374389536411,CTRL,1001000000000008
1374389536413,CTRL,1001000000000008
1374389536414,CTRL,1001000000000008
1374389536415,CTRL,1001000000000008
1374389536416,CTRL,1001000000000008
1374389536419,CTRL,1001000000000008
1374389536420,CTRL,1001000000000008
1374389536425,CTRL,1001000000000008
1374389536429,CTRL,1001000000000008
1374389536431,CTRL,1001000000000008
1374389536432,CTRL,1001000000000008
1374389536435,CTRL,1001000000000008
1374389536436,CTRL,1001000000000008
1374389536437,CTRL,1001000000000008
1374389536438,CTRL,1001000000000008
1374389536442,CONDITION_FLAG,0
1374389536443,CTRL,1001000000000008
1374389536444,CTRL,1001000000000008
1374389536447,CTRL,1001000000000008
1374389536448,CTRL,1001000000000008
1374389536449,CTRL,1001000000000008
1374389536450,CTRL,1001000000000008
1374389536451,CTRL,1001000000000008
1374389536452,CTRL,1001000000000008
1374389536454,CTRL,1001000000000008
1374389536455,CTRL,1001000000000008
1374389536457,CTRL,1001000000000008
1374389536458,CTRL,1001000000000008
6871947675340,CONDITION_FLAG,0
1374389536504,CTRL,1001000000000008
1374389536506,CTRL,1001000000000008
1374389536508,CTRL,1001000000000008
1374389536509,CTRL,1001000000000008
1374389536511,CTRL,1001000000000008
1374389536512,CTRL,1001000000000008
1374389536517,CONDITION_FLAG,0
1374389536518,CTRL,1001000000000008
1374389536519,CTRL,1001000000000008
1374389536523,CTRL,1001000000000008
1374389536524,CTRL,1001000000000008
1374389536525,CTRL,1001000000000008
1374389536526,CTRL,1001000000000008
1374389536528,CTRL,1001000000000008
6871947675409,CONDITION_FLAG,1
1374389536530,CTRL,1001000000000008
1374389536531,CTRL,1001000000000008
1374389536532,CTRL,1001000000000008
1374389536537,CONDITION_FLAG,1
1374389536539,CTRL,1001000000000008
1374389536540,CTRL,1001000000000008
6871947675422,CONDITION_FLAG,1
1374389536588,CTRL,1001000000000008
1374389536589,CTRL,1001000000000008
6871947675471,CONDITION_FLAG,0
1374389536627,CTRL,1001000000000008
1374389536629,CTRL,1001000000000008
1374389536631,CTRL,1001000000000008
1374389536632,CTRL,1001000000000008
1374389536633,CTRL,1001000000000008
1374389536634,CTRL,1001000000000008
1374389536637,CTRL,1001000000000008
1374389536638,CTRL,1001000000000008
1374389536643,CTRL,1001000000000008
1374389536647,CTRL,1001000000000008
1374389536649,CTRL,1001000000000008
1374389536650,CTRL,1001000000000008
1374389536653,CTRL,1001000000000008
1374389536654,CTRL,1001000000000008
1374389536656,CTRL,1001000000000008
1374389536660,CONDITION_FLAG,0
1374389536661,CTRL,1001000000000008
1374389536662,CTRL,1001000000000008
1374389536663,CTRL,1001000000000008
1374389536665,CTRL,1001000000000008
1374389536666,CTRL,1001000000000008
6871947675548,CONDITION_FLAG,1
1374389536714,CTRL,1001000000000008
1374389536716,CTRL,1001000000000008
1374389536718,CTRL,1001000000000008
1374389536719,CTRL,1001000000000008
1374389536720,CTRL,1001000000000008
1374389536721,CTRL,1001000000000008
1374389536722,CTRL,1001000000000008
1374389536726,CONDITION_FLAG,0
1374389536727,CTRL,1001000000000008
1374389536729,CTRL,1001000000000008
1374389536730,CTRL,1001000000000008
1374389536731,CTRL,1001000000000008
1374389536732,CTRL,1001000000000008
1374389536737,CONDITION_FLAG,1
1374389536739,CTRL,1001000000000008
1374389536740,CTRL,1001000000000008
6871947675622,CONDITION_FLAG,1
1374389536788,CTRL,1001000000000008
1374389536789,CTRL,1001000000000008
6871947675671,CONDITION_FLAG,0
1374389536826,CTRL,1001000000000008
1374389536828,CTRL,1001000000000008
1374389536830,CTRL,1001000000000008
1374389536831,CTRL,1001000000000008
1374389536832,CTRL,1001000000000008
1374389536833,CTRL,1001000000000008
1374389536836,CTRL,1001000000000008
1374389536837,CTRL,1001000000000008
1374389536842,CTRL,1001000000000008
1374389536846,CTRL,1001000000000008
1374389536848,CTRL,1001000000000008
1374389536849,CTRL,1001000000000008
1374389536852,CTRL,1001000000000008
1374389536853,CTRL,1001000000000008
1374389536854,CTRL,1001000000000008
1374389536855,CTRL,1001000000000008
1374389536859,CONDITION_FLAG,0
1374389536860,CTRL,1001000000000008
1374389536861,CTRL,1001000000000008
1374389536864,CTRL,1001000000000008
1374389536865,CTRL,1001000000000008
1374389536866,CTRL,1001000000000008
1374389536867,CTRL,1001000000000008
1374389536868,CTRL,1001000000000008
1374389536869,CTRL,1001000000000008
1374389536871,CTRL,1001000000000008
1374389536872,CTRL,1001000000000008
1374389536874,CTRL,1001000000000008
1374389536875,CTRL,1001000000000008
6871947675757,CONDITION_FLAG,1
1374389537011,CTRL,1001000000000008
1374389537013,CTRL,1001000000000008
1374389537023,CTRL,1001000000000008
1374389537024,CTRL,1001000000000008
1374389537050,CTRL,1001000000000008
1374389537051,CTRL,1001000000000008
1374389537060,CONDITION_FLAG,0
1374389537061,CTRL,1001000000000008
1374389537062,CTRL,1001000000000008
1374389537066,CTRL,1001000000000008
1374389537067,CTRL,1001000000000008
1374389537068,CTRL,1001000000000008
1374389537069,CTRL,1001000000000008
1374389537071,CTRL,1001000000000008
6871947675952,CONDITION_FLAG,1
1374389537073,CTRL,1001000000000008
1374389537074,CTRL,1001000000000008
1374389537075,CTRL,1001000000000008
1374389537092,CONDITION_FLAG,1
1374389537094,CTRL,1001000000000008
1374389537095,CTRL,1001000000000008
6871947675985,CONDITION_FLAG,0
1374389537223,CTRL,1001000000000008
1374389537224,CTRL,1001000000000008
6871947676106,CONDITION_FLAG,0
1374389537262,CTRL,1001000000000008
1374389537264,CTRL,1001000000000008
1374389537266,CTRL,1001000000000008
1374389537267,CTRL,1001000000000008
1374389537268,CTRL,1001000000000008
1374389537269,CTRL,1001000000000008
1374389537272,CTRL,1001000000000008
1374389537273,CTRL,1001000000000008
1374389537278,CTRL,1001000000000008
1374389537282,CTRL,1001000000000008
1374389537284,CTRL,1001000000000008
1374389537285,CTRL,1001000000000008
1374389537288,CTRL,1001000000000008
1374389537289,CTRL,1001000000000008
1374389537291,CTRL,1001000000000008
1374389537295,CONDITION_FLAG,0
1374389537296,CTRL,1001000000000008
1374389537297,CTRL,1001000000000008
1374389537298,CTRL,1001000000000008
1374389537300,CTRL,1001000000000008
1374389537301,CTRL,1001000000000008
6871947676183,CONDITION_FLAG,0
1374389537349,CTRL,1001000000000008
1374389537351,CTRL,1001000000000008
1374389537353,CTRL,1001000000000008
1374389537354,CTRL,1001000000000008
1374389537355,CTRL,1001000000000008
1374389537356,CTRL,1001000000000008
1374389537357,CTRL,1001000000000008
1374389537361,CONDITION_FLAG,0
1374389537362,CTRL,1001000000000008
1374389537364,CTRL,1001000000000008
1374389537365,CTRL,1001000000000008
1374389537366,CTRL,1001000000000008
1374389537367,CTRL,1001000000000008
1374389537372,CONDITION_FLAG,0
1374389537374,CTRL,1001000000000008
1374389537375,CTRL,1001000000000008
6871947676257,CONDITION_FLAG,0
1374389537420,CTRL,1001000000000008
1374389537421,CTRL,1001000000000008
6871947676303,CONDITION_FLAG,0
1374389537458,CTRL,1001000000000008
1374389537460,CTRL,1001000000000008
1374389537462,CTRL,1001000000000008
1374389537463,CTRL,1001000000000008
1374389537464,CTRL,1001000000000008
1374389537465,CTRL,1001000000000008
1374389537468,CTRL,1001000000000008
1374389537469,CTRL,1001000000000008
1374389537474,CTRL,1001000000000008
1374389537478,CTRL,1001000000000008
1374389537480,CTRL,1001000000000008
1374389537481,CTRL,1001000000000008
1374389537484,CTRL,1001000000000008
1374389537485,CTRL,1001000000000008
1374389537486,CTRL,1001000000000008
1374389537487,CTRL,1001000000000008
1374389537491,CONDITION_FLAG,0
1374389537492,CTRL,1001000000000008
1374389537493,CTRL,1001000000000008
1374389537496,CTRL,1001000000000008
1374389537497,CTRL,1001000000000008
1374389537498,CTRL,1001000000000008
1374389537499,CTRL,1001000000000008
1374389537500,CTRL,1001000000000008
1374389537501,CTRL,1001000000000008
1374389537503,CTRL,1001000000000008
1374389537504,CTRL,1001000000000008
1374389537506,CTRL,1001000000000008
1374389537507,CTRL,1001000000000008
6871947676389,CONDITION_FLAG,0
1374389537553,CTRL,1001000000000008
1374389537555,CTRL,1001000000000008
1374389537557,CTRL,1001000000000008
1374389537558,CTRL,1001000000000008
1374389537560,CTRL,1001000000000008
1374389537561,CTRL,1001000000000008
1374389537566,CONDITION_FLAG,0
1374389537567,CTRL,1001000000000008
1374389537568,CTRL,1001000000000008
1374389537572,CTRL,1001000000000008
1374389537573,CTRL,1001000000000008
1374389537574,CTRL,1001000000000008
1374389537575,CTRL,1001000000000008
1374389537577,CTRL,1001000000000008
6871947676458,CONDITION_FLAG,1
1374389537579,CTRL,1001000000000008
1374389537580,CTRL,1001000000000008
1374389537581,CTRL,1001000000000008
1374389537586,CONDITION_FLAG,1
1374389537588,CTRL,1001000000000008
1374389537589,CTRL,1001000000000008
6871947676471,CONDITION_FLAG,1
1374389537639,CTRL,1001000000000008
1374389537640,CTRL,1001000000000008
6871947676522,CONDITION_FLAG,0
1374389537678,CTRL,1001000000000008
1374389537680,CTRL,1001000000000008
1374389537682,CTRL,1001000000000008
1374389537683,CTRL,1001000000000008
1374389537684,CTRL,1001000000000008
1374389537685,CTRL,1001000000000008
1374389537688,CTRL,1001000000000008
1374389537689,CTRL,1001000000000008
1374389537694,CTRL,1001000000000008
1374389537698,CTRL,1001000000000008
1374389537700,CTRL,1001000000000008
1374389537701,CTRL,1001000000000008
1374389537704,CTRL,1001000000000008
1374389537705,CTRL,1001000000000008
1374389537707,CTRL,1001000000000008
1374389537711,CONDITION_FLAG,0
1374389537712,CTRL,1001000000000008
1374389537713,CTRL,1001000000000008
1374389537714,CTRL,1001000000000008
1374389537716,CTRL,1001000000000008
1374389537717,CTRL,1001000000000008
6871947676599,CONDITION_FLAG,1
1374389537803,CTRL,1001000000000008
1374389537805,CTRL,1001000000000008
1374389537807,CTRL,1001000000000008
1374389537808,CTRL,1001000000000008
1374389537809,CTRL,1001000000000008
1374389537810,CTRL,1001000000000008
1374389537811,CTRL,1001000000000008
1374389537815,CONDITION_FLAG,0
1374389537816,CTRL,1001000000000008
1374389537818,CTRL,1001000000000008
1374389537819,CTRL,1001000000000008
1374389537820,CTRL,1001000000000008
1374389537821,CTRL,1001000000000008
1374389537826,CONDITION_FLAG,1
1374389537828,CTRL,1001000000000008
1374389537829,CTRL,1001000000000008
6871947676711,CONDITION_FLAG,1
1374389537874,CTRL,1001000000000008
1374389537875,CTRL,1001000000000008
6871947676757,CONDITION_FLAG,0
1374389537912,CTRL,1001000000000008
1374389537914,CTRL,1001000000000008
1374389537916,CTRL,1001000000000008
1374389537917,CTRL,1001000000000008
1374389537918,CTRL,1001000000000008
1374389537919,CTRL,1001000000000008
1374389537922,CTRL,1001000000000008
1374389537923,CTRL,1001000000000008
1374389537928,CTRL,1001000000000008
1374389537932,CTRL,1001000000000008
1374389537934,CTRL,1001000000000008
1374389537935,CTRL,1001000000000008
1374389537938,CTRL,1001000000000008
1374389537939,CTRL,1001000000000008
1374389537940,CTRL,1001000000000008
1374389537941,CTRL,1001000000000008
1374389537945,CONDITION_FLAG,0
1374389537946,CTRL,1001000000000008
1374389537947,CTRL,1001000000000008
1374389537950,CTRL,1001000000000008
1374389537951,CTRL,1001000000000008
1374389537952,CTRL,1001000000000008
1374389537953,CTRL,1001000000000008
1374389537954,CTRL,1001000000000008
1374389537955,CTRL,1001000000000008
1374389537957,CTRL,1001000000000008
1374389537958,CTRL,1001000000000008
1374389537960,CTRL,1001000000000008
1374389537961,CTRL,1001000000000008
6871947676843,CONDITION_FLAG,1
1374389538007,CTRL,1001000000000008
1374389538009,CTRL,1001000000000008
1374389538011,CTRL,1001000000000008
1374389538012,CTRL,1001000000000008
1374389538014,CTRL,1001000000000008
1374389538015,CTRL,1001000000000008
1374389538020,CONDITION_FLAG,0
1374389538021,CTRL,1001000000000008
1374389538022,CTRL,1001000000000008
1374389538026,CTRL,1001000000000008
1374389538027,CTRL,1001000000000008
1374389538028,CTRL,1001000000000008
1374389538029,CTRL,1001000000000008
1374389538031,CTRL,1001000000000008
6871947676912,CONDITION_FLAG,1
1374389538033,CTRL,1001000000000008
1374389538034,CTRL,1001000000000008
1374389538035,CTRL,1001000000000008
1374389538040,CONDITION_FLAG,1
1374389538042,CTRL,1001000000000008
1374389538043,CTRL,1001000000000008
6871947676925,CONDITION_FLAG,0
1374389538093,CTRL,1001000000000008
1374389538094,CTRL,1001000000000008
6871947676976,CONDITION_FLAG,0
1374389538132,CTRL,1001000000000008
1374389538134,CTRL,1001000000000008
1374389538136,CTRL,1001000000000008
1374389538137,CTRL,1001000000000008
1374389538138,CTRL,1001000000000008
1374389538139,CTRL,1001000000000008
1374389538142,CTRL,1001000000000008
1374389538143,CTRL,1001000000000008
1374389538148,CTRL,1001000000000008
1374389538152,CTRL,1001000000000008
1374389538154,CTRL,1001000000000008
1374389538155,CTRL,1001000000000008
1374389538158,CTRL,1001000000000008
1374389538159,CTRL,1001000000000008
1374389538161,CTRL,1001000000000008
1374389538165,CONDITION_FLAG,0
1374389538166,CTRL,1001000000000008
1374389538167,CTRL,1001000000000008
1374389538168,CTRL,1001000000000008
1374389538170,CTRL,1001000000000008
1374389538171,CTRL,1001000000000008
6871947677053,CONDITION_FLAG,0
1374389538302,CTRL,1001000000000008
1374389538309,CTRL,1001000000000008
1374389538311,CTRL,1001000000000008
1374389538312,CTRL,1001000000000008
1374389538314,CTRL,1001000000000008
1374389538315,CTRL,1001000000000008
1374389538316,CTRL,1001000000000008
1374389538320,CONDITION_FLAG,0
1374389538321,CTRL,1001000000000008
1374389538323,CTRL,1001000000000008
1374389538324,CTRL,1001000000000008
1374389538325,CTRL,1001000000000008
1374389538326,CTRL,1001000000000008
1374389538333,CONDITION_FLAG,0
1374389538335,CTRL,1001000000000008
1374389538336,CTRL,1001000000000008
6871947677218,CONDITION_FLAG,0
1374389538418,CTRL,1001000000000008
1374389538419,CTRL,1001000000000008
6871947677301,CONDITION_FLAG,0
1374389538456,CTRL,1001000000000008
1374389538458,CTRL,1001000000000008
1374389538460,CTRL,1001000000000008
1374389538461,CTRL,1001000000000008
1374389538462,CTRL,1001000000000008
1374389538463,CTRL,1001000000000008
1374389538466,CTRL,1001000000000008
1374389538467,CTRL,1001000000000008
1374389538472,CTRL,1001000000000008
1374389538476,CTRL,1001000000000008
1374389538478,CTRL,1001000000000008
1374389538479,CTRL,1001000000000008
1374389538482,CTRL,1001000000000008
1374389538483,CTRL,1001000000000008
1374389538484,CTRL,1001000000000008
1374389538485,CTRL,1001000000000008
1374389538489,CONDITION_FLAG,0
1374389538490,CTRL,1001000000000008
1374389538491,CTRL,1001000000000008
1374389538494,CTRL,1001000000000008
1374389538495,CTRL,1001000000000008
1374389538496,CTRL,1001000000000008
1374389538497,CTRL,1001000000000008
1374389538498,CTRL,1001000000000008
1374389538499,CTRL,1001000000000008
1374389538501,CTRL,1001000000000008
1374389538502,CTRL,1001000000000008
1374389538504,CTRL,1001000000000008
1374389538505,CTRL,1001000000000008
6871947677387,CONDITION_FLAG,0
1374389538551,CTRL,1001000000000008
1374389538553,CTRL,1001000000000008
1374389538555,CTRL,1001000000000008
1374389538556,CTRL,1001000000000008
1374389538558,CTRL,1001000000000008
1374389538559,CTRL,1001000000000008
1374389538564,CONDITION_FLAG,0
1374389538565,CTRL,1001000000000008
1374389538566,CTRL,1001000000000008
1374389538570,CTRL,1001000000000008
1374389538571,CTRL,1001000000000008
1374389538572,CTRL,1001000000000008
1374389538573,CTRL,1001000000000008
1374389538575,CTRL,1001000000000008
6871947677456,CONDITION_FLAG,1
1374389538577,CTRL,1001000000000008
1374389538578,CTRL,1001000000000008
1374389538579,CTRL,1001000000000008
1374389538584,CONDITION_FLAG,1
1374389538586,CTRL,1001000000000008
1374389538587,CTRL,1001000000000008
6871947677469,CONDITION_FLAG,1
1374389538637,CTRL,1001000000000008
1374389538638,CTRL,1001000000000008
6871947677520,CONDITION_FLAG,0
1374389538676,CTRL,1001000000000008
1374389538678,CTRL,1001000000000008
1374389538680,CTRL,1001000000000008
1374389538681,CTRL,1001000000000008
1374389538682,CTRL,1001000000000008
1374389538683,CTRL,1001000000000008
1374389538686,CTRL,1001000000000008
1374389538687,CTRL,1001000000000008
1374389538692,CTRL,1001000000000008
1374389538696,CTRL,1001000000000008
1374389538698,CTRL,1001000000000008
1374389538699,CTRL,1001000000000008
1374389538702,CTRL,1001000000000008
1374389538703,CTRL,1001000000000008
1374389538705,CTRL,1001000000000008
1374389538709,CONDITION_FLAG,0
1374389538710,CTRL,1001000000000008
1374389538711,CTRL,1001000000000008
1374389538712,CTRL,1001000000000008
1374389538714,CTRL,1001000000000008
1374389538715,CTRL,1001000000000008
6871947677597,CONDITION_FLAG,1
1374389538763,CTRL,1001000000000008
1374389538765,CTRL,1001000000000008
1374389538767,CTRL,1001000000000008
1374389538768,CTRL,1001000000000008
1374389538769,CTRL,1001000000000008
1374389538770,CTRL,1001000000000008
1374389538771,CTRL,1001000000000008
1374389538775,CONDITION_FLAG,0
1374389538776,CTRL,1001000000000008
1374389538778,CTRL,1001000000000008
1374389538779,CTRL,1001000000000008
1374389538780,CTRL,1001000000000008
1374389538781,CTRL,1001000000000008
1374389538786,CONDITION_FLAG,1
1374389538788,CTRL,1001000000000008
1374389538789,CTRL,1001000000000008
6871947677671,CONDITION_FLAG,1
1374389538902,CTRL,1001000000000008
1374389538903,CTRL,1001000000000008
6871947677785,CONDITION_FLAG,0
1374389538964,CTRL,1001000000000008
1374389538966,CTRL,1001000000000008
1374389538968,CTRL,1001000000000008
1374389538969,CTRL,1001000000000008
1374389538970,CTRL,1001000000000008
1374389538971,CTRL,1001000000000008
1374389538974,CTRL,1001000000000008
1374389538975,CTRL,1001000000000008
1374389538980,CTRL,1001000000000008
1374389538984,CTRL,1001000000000008
1374389538986,CTRL,1001000000000008
1374389538987,CTRL,1001000000000008
1374389538990,CTRL,1001000000000008
1374389538991,CTRL,1001000000000008
1374389538992,CTRL,1001000000000008
1374389538993,CTRL,1001000000000008
1374389538997,CONDITION_FLAG,0
1374389538998,CTRL,1001000000000008
1374389538999,CTRL,1001000000000008
1374389539002,CTRL,1001000000000008
1374389539003,CTRL,1001000000000008
1374389539004,CTRL,1001000000000008
1374389539005,CTRL,1001000000000008
1374389539006,CTRL,1001000000000008
1374389539011,CTRL,1001000000000008
1374389539013,CTRL,1001000000000008
1374389539014,CTRL,1001000000000008
1374389539020,CTRL,1001000000000008
1374389539021,CTRL,1001000000000008
6871947677931,CONDITION_FLAG,1
1374389539232,CTRL,1001000000000008
1374389539234,CTRL,1001000000000008
1374389539240,CTRL,1001000000000008
1374389539241,CTRL,1001000000000008
1374389539254,CTRL,1001000000000008
1374389539255,CTRL,1001000000000008
1374389539264,CONDITION_FLAG,0
1374389539268,CTRL,1001000000000008
1374389539269,CTRL,1001000000000008
1374389539273,CTRL,1001000000000008
1374389539274,CTRL,1001000000000008
1374389539275,CTRL,1001000000000008
1374389539276,CTRL,1001000000000008
1374389539278,CTRL,1001000000000008
6871947678159,CONDITION_FLAG,0
1374389539435,CTRL,1001000000000008
6871947678318,CONDITION_FLAG,0
1374389539468,CTRL,1001000000000008
1374389539469,CTRL,1001000000000008
6871947678351,CONDITION_FLAG,0
1374389539497,CTRL,1001000000000008
6871947678379,CONDITION_FLAG,0
1374389539532,CTRL,1001000000000008
6871947678414,CONDITION_FLAG,0
1374389539566,CTRL,1001000000000008
6871947678452,CONDITION_FLAG,0
1374389539622,CTRL,1001000000000008
1374389540239,CTRL,1001000000000008
1374389540240,CTRL,1001000000000008
6871947679125,CONDITION_FLAG,0
1374389540249,CTRL,1001000000000008
6871947679131,CONDITION_FLAG,1
1374389540305,CTRL,1001000000000008
6871947679187,CONDITION_FLAG,0
1374389540323,CTRL,1001000000000008
6871947679209,CONDITION_FLAG,0
1374389540388,CTRL,1001000000000008
1374389540455,CTRL,1001000000000008
1374389540456,CTRL,1001000000000008
6871947679341,CONDITION_FLAG,0
1374389540501,CTRL,1001000000000008
6871947679383,CONDITION_FLAG,1
1374389540525,CTRL,1001000000000008
6871947679407,CONDITION_FLAG,0
1374389540564,CTRL,1001000000000008
6871947679446,CONDITION_FLAG,0
1374389540582,CTRL,1001000000000008
1374389541147,CTRL,1001000000000008
1374389541148,CTRL,1001000000000008
6871947680037,CONDITION_FLAG,0
1374389541170,CTRL,1001000000000008
6871947680052,CONDITION_FLAG,1
1374389541217,CTRL,1001000000000008
6871947680099,CONDITION_FLAG,0
1374389541253,CTRL,1001000000000008
6871947680135,CONDITION_FLAG,0
1374389541289,CTRL,1001000000000008
1374389541310,CTRL,1001000000000008
1374389541311,CTRL,1001000000000008
6871947680205,CONDITION_FLAG,0
1374389541356,CTRL,1001000000000008
6871947680238,CONDITION_FLAG,1
1374389541365,CTRL,1001000000000008
6871947680250,CONDITION_FLAG,1
1374389541442,CTRL,1001000000000008
1374389541455,CTRL,1001000000000008
1374389541464,CTRL,1001000000000008
1374389543393,CTRL,1001000000000008
1374389543399,CTRL,1001000000000008
1649267441747,CTRL,1001000000000008
1649267441779,CONDITION_FLAG,0
1649267441781,CONDITION_FLAG,0
1649267441966,CTRL,1001000000000008
1649267441972,CONDITION_FLAG,0
1649267441979,CTRL,1001000000000008
1649267441980,CTRL,1001000000000008
1649267441986,CTRL,1001000000000008
1649267442095,CTRL,1001000000000008
1649267442101,CTRL,1001000000000008
1649267442103,CTRL,1001000000000008
1649267442106,CTRL,1001000000000008
1649267442107,CTRL,1001000000000008
1649267442109,CTRL,1001000000000008
1649267442111,CTRL,1001000000000008
1649267442117,CTRL,1001000000000008
1649267442119,CTRL,1001000000000008
1649267442125,CTRL,1001000000000008
1649267442127,CTRL,1001000000000008
1649267442128,CTRL,1001000000000008
1649267442133,CTRL,1001000000000008
1649267442134,CTRL,1001000000000008
1649267442135,CTRL,1001000000000008
1649267442169,CTRL,1001000000000008
1649267442172,CTRL,1001000000000008
1649267442177,CTRL,1001000000000008
1649267442178,CTRL,1001000000000008
1649267442186,CTRL,1001000000000008
1649267442187,CTRL,1001000000000008
1649267442188,CTRL,1001000000000008
1649267442216,CTRL,1001000000000008
1649267442221,CTRL,1001000000000008
1649267442222,CTRL,1001000000000008
1649267442223,CTRL,1001000000000008
1649267442224,CTRL,1001000000000008
1649267442229,CTRL,1001000000000008
1649267442230,CTRL,1001000000000008
1649267442264,CTRL,1001000000000008
1649267442265,CTRL,1001000000000008
1649267442266,CTRL,1001000000000008
1649267442267,CTRL,1001000000000008
1649267442268,CTRL,1001000000000008
1649267442277,CTRL,1001000000000008
1649267442278,CTRL,1001000000000008
1649267442279,CTRL,1001000000000008
1649267442280,CTRL,1001000000000008
1649267442281,CTRL,1001000000000008
1649267442282,CTRL,1001000000000008
1649267442283,CTRL,1001000000000008
1649267442454,CTRL,1001000000000008
1649267442456,CTRL,1001000000000008
1649267442464,CTRL,1001000000000008
1649267442465,CTRL,1001000000000008
1649267442466,CTRL,1001000000000008
1649267442467,CTRL,1001000000000008
1649267442468,CTRL,1001000000000008
1649267442469,CTRL,1001000000000008
1649267442471,CTRL,1001000000000008
1649267442472,CTRL,1001000000000008
1649267442473,CTRL,1001000000000008
1649267442475,CTRL,1001000000000008
1649267442478,CTRL,1001000000000008
1649267442499,CTRL,1001000000000008
1649267442500,CTRL,1001000000000008
1649267442504,CTRL,1001000000000008
1649267442507,CTRL,1001000000000008
1649267442512,CONDITION_FLAG,0
7146825581394,CONDITION_FLAG,0
1649267443874,CTRL,1001000000000008
1649267443875,CTRL,1001000000000008
1649267443876,CTRL,1001000000000008
1649267443878,CTRL,1001000000000008
1649267443880,CTRL,1001000000000008
1649267443882,CTRL,1001000000000008
1649267443883,CTRL,1001000000000008
4947802327241,LOOP_SIZE_OUTTOUB,200001
1649267443915,CTRL,1001000000000008
1649267443916,CTRL,1001000000000008
1649267443925,CTRL,1001000000000008
1649267443931,CONDITION_FLAG,0
1649267443932,CTRL,1001000000000008
1649267443933,CTRL,1001000000000008
1649267443934,CTRL,1001000000000008
1649267443940,CTRL,1001000000000008
1649267443947,CONDITION_FLAG,0
1649267443948,CTRL,1001000000000008
1649267443949,CTRL,1001000000000008
1649267443950,CTRL,1001000000000008
1649267443979,CTRL,1001000000000008
1649267444023,CTRL,1001000000000008
1649267444028,CTRL,1001000000000008
1649267444031,CTRL,1001000000000008
1649267444050,CONDITION_FLAG,0
7146825582932,CONDITION_FLAG,0
1649267444698,CTRL,1001000000000008
1649267444699,CTRL,1001000000000008
1649267444700,CTRL,1001000000000008
1649267444702,CTRL,1001000000000008
1649267444703,CTRL,1001000000000008
1649267445763,CTRL,1001000000000008
1649267445766,CTRL,1001000000000008
1649267445767,CTRL,1001000000000008
1649267445770,CTRL,1001000000000008
1649267445774,CONDITION_FLAG,0
1649267445775,CTRL,1001000000000008
1649267445776,CTRL,1001000000000008
1649267445781,CTRL,1001000000000008
1649267445782,CTRL,1001000000000008
1649267445783,CTRL,1001000000000008
1649267445784,CTRL,1001000000000008
1649267445789,CTRL,1001000000000008
1649267445790,CTRL,1001000000000008
1649267445792,CTRL,1001000000000008
1649267445797,CTRL,1001000000000008
1649267445802,CTRL,1001000000000008
1649267445803,CONDITION_FLAG,0
1649267445804,CTRL,1001000000000008
1649267445805,CTRL,1001000000000008
1649267445806,CTRL,1001000000000008
1649267445818,CTRL,1001000000000008
1649267445819,CTRL,1001000000000008
1649267445820,CTRL,1001000000000008
1649267445826,CTRL,1001000000000008
7146825584707,CONDITION_FLAG,1
1649267445840,CTRL,1001000000000008
1649267445842,CTRL,1001000000000008
1649267445845,CTRL,1001000000000008
1649267445854,CONDITION_FLAG,1
7146825584736,CONDITION_FLAG,1
1649267445857,CTRL,1001000000000008
1649267445879,CTRL,1001000000000008
1649267445880,CTRL,1001000000000008
1649267445882,CTRL,1001000000000008
1649267445887,CTRL,1001000000000008
1649267445889,CTRL,1001000000000008
1649267445890,CTRL,1001000000000008
4947802329279,LOOP_SIZE_OUTTOUB,200001
1649267445953,CTRL,1001000000000008
1649267445954,CTRL,1001000000000008
1649267445961,CTRL,1001000000000008
1649267445967,CONDITION_FLAG,1
1649267445968,CTRL,1001000000000008
1649267445969,CTRL,1001000000000008
1649267445970,CTRL,1001000000000008
1649267445972,CTRL,1001000000000008
1649267445975,CONDITION_FLAG,1
1649267445976,CTRL,1001000000000008
1649267445977,CTRL,1001000000000008
1649267445978,CTRL,1001000000000008
1649267446005,CTRL,1001000000000008
1649267446078,CTRL,1001000000000008
1649267446082,CTRL,1001000000000008
1649267446085,CTRL,1001000000000008
1649267446090,CONDITION_FLAG,1
7146825584972,CONDITION_FLAG,1
1649267446226,CTRL,1001000000000008
1649267446227,CTRL,1001000000000008
1649267446228,CTRL,1001000000000008
1649267446229,CTRL,1001000000000008
1649267446230,CTRL,1001000000000008
1649267446263,CTRL,1001000000000008
1649267446272,CTRL,1001000000000008
1649267446273,CTRL,1001000000000008
1649267446276,CTRL,1001000000000008
1649267446279,CONDITION_FLAG,0
1649267446280,CTRL,1001000000000008
1649267446281,CTRL,1001000000000008
1649267446283,CTRL,1001000000000008
1649267446284,CTRL,1001000000000008
1649267446285,CTRL,1001000000000008
1649267446286,CTRL,1001000000000008
1649267446291,CTRL,1001000000000008
1649267446292,CTRL,1001000000000008
1649267446294,CTRL,1001000000000008
1649267446299,CTRL,1001000000000008
1649267446308,CTRL,1001000000000008
1649267446309,CONDITION_FLAG,1
1649267446310,CTRL,1001000000000008
1649267446314,CTRL,1001000000000008
1649267446315,CTRL,1001000000000008
1649267446353,CTRL,1001000000000008
1649267446354,CTRL,1001000000000008
1649267446355,CTRL,1001000000000008
1649267446361,CTRL,1001000000000008
7146825585242,CONDITION_FLAG,1
1649267446383,CTRL,1001000000000008
1649267446387,CTRL,1001000000000008
1649267446390,CTRL,1001000000000008
1649267446395,CONDITION_FLAG,1
7146825585277,CONDITION_FLAG,0
1649267446573,CTRL,1001000000000008
1649267446578,CTRL,1001000000000008
1649267446579,CTRL,1001000000000008
1649267446581,CTRL,1001000000000008
1649267446586,CTRL,1001000000000008
1649267446588,CTRL,1001000000000008
1649267446589,CTRL,1001000000000008
1649267446604,CTRL,1001000000000008
1649267446605,CTRL,1001000000000008
1649267446608,CTRL,1001000000000008
1649267446610,CONDITION_FLAG,0
1649267446611,CTRL,1001000000000008
1649267446612,CTRL,1001000000000008
1649267446613,CTRL,1001000000000008
1649267446615,CTRL,1001000000000008
1649267446618,CONDITION_FLAG,0
1649267446619,CTRL,1001000000000008
1649267446620,CTRL,1001000000000008
1649267446621,CTRL,1001000000000008
1649267446639,CTRL,1001000000000008
1649267446656,CTRL,1001000000000008
1649267446657,CTRL,1001000000000008
1649267446660,CTRL,1001000000000008
1649267446665,CONDITION_FLAG,0
7146825585547,CONDITION_FLAG,0
1649267446752,CTRL,1001000000000008
1649267446753,CTRL,1001000000000008
1649267446754,CTRL,1001000000000008
1649267446755,CTRL,1001000000000008
1649267446756,CTRL,1001000000000008
1649267446780,CTRL,1001000000000008
1649267446783,CTRL,1001000000000008
1649267446784,CTRL,1001000000000008
1649267446787,CTRL,1001000000000008
1649267446791,CONDITION_FLAG,0
1649267446792,CTRL,1001000000000008
1649267446793,CTRL,1001000000000008
1649267446798,CTRL,1001000000000008
1649267446799,CTRL,1001000000000008
1649267446800,CTRL,1001000000000008
1649267446801,CTRL,1001000000000008
1649267446806,CTRL,1001000000000008
1649267446807,CTRL,1001000000000008
1649267446809,CTRL,1001000000000008
1649267446814,CTRL,1001000000000008
1649267446823,CTRL,1001000000000008
1649267446824,CONDITION_FLAG,0
1649267446825,CTRL,1001000000000008
1649267446830,CTRL,1001000000000008
1649267446831,CTRL,1001000000000008
1649267446875,CTRL,1001000000000008
1649267446876,CTRL,1001000000000008
1649267446877,CTRL,1001000000000008
1649267446883,CTRL,1001000000000008
7146825585764,CONDITION_FLAG,1
1649267446900,CTRL,1001000000000008
1649267446901,CTRL,1001000000000008
1649267446904,CTRL,1001000000000008
1649267446909,CONDITION_FLAG,1
7146825585791,CONDITION_FLAG,1
1649267447037,CTRL,1001000000000008
1649267447042,CTRL,1001000000000008
1649267447043,CTRL,1001000000000008
1649267447045,CTRL,1001000000000008
1649267447050,CTRL,1001000000000008
1649267447052,CTRL,1001000000000008
1649267447053,CTRL,1001000000000008
1649267447076,CTRL,1001000000000008
1649267447077,CTRL,1001000000000008
1649267447085,CTRL,1001000000000008
1649267447087,CONDITION_FLAG,1
1649267447088,CTRL,1001000000000008
1649267447089,CTRL,1001000000000008
1649267447090,CTRL,1001000000000008
1649267447092,CTRL,1001000000000008
1649267447095,CONDITION_FLAG,1
1649267447096,CTRL,1001000000000008
1649267447097,CTRL,1001000000000008
1649267447098,CTRL,1001000000000008
1649267447117,CTRL,1001000000000008
6047313956921,LOOP_SIZE_UBTOOUT,200001
6047313956921,CTRL,1001000000000008
4947802329930,LOOP_SIZE_OUTTOUB,200001
1649267447134,CTRL,1001000000000008
1649267447135,CTRL,1001000000000008
1649267447138,CTRL,1001000000000008
1649267447143,CONDITION_FLAG,1
7146825586025,CONDITION_FLAG,1
1649267447269,CTRL,1001000000000008
1649267447270,CTRL,1001000000000008
1649267447271,CTRL,1001000000000008
1649267447274,CTRL,1001000000000008
1649267447275,CTRL,1001000000000008
1649267447302,CTRL,1001000000000008
1649267447309,CTRL,1001000000000008
1649267447310,CTRL,1001000000000008
1649267447313,CTRL,1001000000000008
1649267447317,CONDITION_FLAG,0
1649267447318,CTRL,1001000000000008
1649267447319,CTRL,1001000000000008
1649267447324,CTRL,1001000000000008
1649267447325,CTRL,1001000000000008
1649267447326,CTRL,1001000000000008
1649267447327,CTRL,1001000000000008
1649267447334,CTRL,1001000000000008
1649267447335,CTRL,1001000000000008
1649267447337,CTRL,1001000000000008
1649267447343,CTRL,1001000000000008
1649267447352,CTRL,1001000000000008
1649267447353,CONDITION_FLAG,1
1649267447354,CTRL,1001000000000008
1649267447359,CTRL,1001000000000008
1649267447360,CTRL,1001000000000008
1649267447412,CTRL,1001000000000008
1649267447413,CTRL,1001000000000008
1649267447414,CTRL,1001000000000008
1649267447420,CTRL,1001000000000008
7146825586301,CONDITION_FLAG,1
1649267447457,CTRL,1001000000000008
1649267447458,CTRL,1001000000000008
1649267447461,CTRL,1001000000000008
1649267447466,CONDITION_FLAG,1
7146825586348,CONDITION_FLAG,0
1649267447610,CTRL,1001000000000008
1649267447615,CTRL,1001000000000008
1649267447616,CTRL,1001000000000008
1649267447618,CTRL,1001000000000008
1649267447623,CTRL,1001000000000008
1649267447625,CTRL,1001000000000008
1649267447626,CTRL,1001000000000008
1649267447641,CTRL,1001000000000008
1649267447642,CTRL,1001000000000008
1649267447645,CTRL,1001000000000008
1649267447647,CONDITION_FLAG,0
1649267447648,CTRL,1001000000000008
1649267447649,CTRL,1001000000000008
1649267447650,CTRL,1001000000000008
1649267447652,CTRL,1001000000000008
1649267447655,CONDITION_FLAG,0
1649267447656,CTRL,1001000000000008
1649267447657,CTRL,1001000000000008
1649267447658,CTRL,1001000000000008
1649267447676,CTRL,1001000000000008
1649267447693,CTRL,1001000000000008
1649267447694,CTRL,1001000000000008
1649267447697,CTRL,1001000000000008
1649267447702,CONDITION_FLAG,0
7146825586584,CONDITION_FLAG,0
1649267447793,CTRL,1001000000000008
1649267447794,CTRL,1001000000000008
1649267447795,CTRL,1001000000000008
1649267447796,CTRL,1001000000000008
1649267447797,CTRL,1001000000000008
1649267447811,CTRL,1001000000000008
1649267447814,CTRL,1001000000000008
1649267447815,CTRL,1001000000000008
1649267447818,CTRL,1001000000000008
1649267447822,CONDITION_FLAG,0
1649267447823,CTRL,1001000000000008
1649267447824,CTRL,1001000000000008
1649267447829,CTRL,1001000000000008
1649267447830,CTRL,1001000000000008
1649267447831,CTRL,1001000000000008
1649267447832,CTRL,1001000000000008
1649267447837,CTRL,1001000000000008
1649267447838,CTRL,1001000000000008
1649267447840,CTRL,1001000000000008
1649267447845,CTRL,1001000000000008
1649267447854,CTRL,1001000000000008
1649267447855,CONDITION_FLAG,0
1649267447856,CTRL,1001000000000008
1649267447861,CTRL,1001000000000008
1649267447862,CTRL,1001000000000008
1649267447906,CTRL,1001000000000008
1649267447907,CTRL,1001000000000008
1649267447908,CTRL,1001000000000008
1649267447914,CTRL,1001000000000008
7146825586795,CONDITION_FLAG,1
1649267447931,CTRL,1001000000000008
1649267447932,CTRL,1001000000000008
1649267447935,CTRL,1001000000000008
1649267447940,CONDITION_FLAG,1
7146825586822,CONDITION_FLAG,1
1649267448062,CTRL,1001000000000008
1649267448067,CTRL,1001000000000008
1649267448068,CTRL,1001000000000008
1649267448070,CTRL,1001000000000008
1649267448075,CTRL,1001000000000008
1649267448077,CTRL,1001000000000008
1649267448078,CTRL,1001000000000008
1649267448096,CTRL,1001000000000008
1649267448097,CTRL,1001000000000008
1649267448104,CTRL,1001000000000008
1649267448106,CONDITION_FLAG,1
1649267448107,CTRL,1001000000000008
1649267448108,CTRL,1001000000000008
1649267448109,CTRL,1001000000000008
1649267448111,CTRL,1001000000000008
1649267448117,CONDITION_FLAG,1
1649267448118,CTRL,1001000000000008
1649267448119,CTRL,1001000000000008
1649267448120,CTRL,1001000000000008
1649267448140,CTRL,1001000000000008
1649267448167,CTRL,1001000000000008
1649267448168,CTRL,1001000000000008
1649267448171,CTRL,1001000000000008
1649267448182,CONDITION_FLAG,1
7146825587064,CONDITION_FLAG,1
1649267448351,CTRL,1001000000000008
1649267448352,CTRL,1001000000000008
1649267448353,CTRL,1001000000000008
1649267448359,CTRL,1001000000000008
1649267448360,CTRL,1001000000000008
1649267448381,CTRL,1001000000000008
1649267448384,CTRL,1001000000000008
1649267448385,CTRL,1001000000000008
1649267448391,CTRL,1001000000000008
1649267448401,CONDITION_FLAG,0
1649267448402,CTRL,1001000000000008
1649267448403,CTRL,1001000000000008
1649267448412,CTRL,1001000000000008
1649267448413,CTRL,1001000000000008
1649267448414,CTRL,1001000000000008
1649267448415,CTRL,1001000000000008
1649267448429,CTRL,1001000000000008
1649267448430,CTRL,1001000000000008
1649267448432,CTRL,1001000000000008
1649267448442,CTRL,1001000000000008
1649267448452,CTRL,1001000000000008
1649267448453,CONDITION_FLAG,1
1649267448454,CTRL,1001000000000008
1649267448459,CTRL,1001000000000008
1649267448460,CTRL,1001000000000008
1649267448504,CTRL,1001000000000008
1649267448505,CTRL,1001000000000008
1649267448506,CTRL,1001000000000008
1649267448512,CTRL,1001000000000008
7146825587393,CONDITION_FLAG,1
1649267448542,CTRL,1001000000000008
1649267448543,CTRL,1001000000000008
1649267448546,CTRL,1001000000000008
1649267448551,CONDITION_FLAG,1
7146825587433,CONDITION_FLAG,0
1649267448770,CTRL,1001000000000008
1649267448781,CTRL,1001000000000008
1649267448782,CTRL,1001000000000008
1649267448784,CTRL,1001000000000008
1649267448795,CTRL,1001000000000008
1649267448797,CTRL,1001000000000008
1649267448798,CTRL,1001000000000008
1649267448817,CTRL,1001000000000008
1649267448818,CTRL,1001000000000008
1649267448822,CTRL,1001000000000008
1649267448825,CONDITION_FLAG,0
1649267448826,CTRL,1001000000000008
1649267448827,CTRL,1001000000000008
1649267448828,CTRL,1001000000000008
1649267448831,CTRL,1001000000000008
1649267448835,CONDITION_FLAG,0
1649267448836,CTRL,1001000000000008
1649267448837,CTRL,1001000000000008
1649267448838,CTRL,1001000000000008
1649267448859,CTRL,1001000000000008
1649267448885,CTRL,1001000000000008
1649267448887,CTRL,1001000000000008
1649267448890,CTRL,1001000000000008
1649267448900,CONDITION_FLAG,0
7146825587782,CONDITION_FLAG,0
1649267449067,CTRL,1001000000000008
1649267449068,CTRL,1001000000000008
1649267449069,CTRL,1001000000000008
1649267449071,CTRL,1001000000000008
1649267449072,CTRL,1001000000000008
1649267449089,CTRL,1001000000000008
1649267449093,CTRL,1001000000000008
1649267449094,CTRL,1001000000000008
1649267449098,CTRL,1001000000000008
1649267449103,CONDITION_FLAG,0
1649267449104,CTRL,1001000000000008
1649267449105,CTRL,1001000000000008
6047313957456,LOOP_SIZE_UBTOOUT,200001
6047313957456,CTRL,1001000000000008
1649267449111,CTRL,1001000000000008
4947802330402,LOOP_SIZE_OUTTOUB,200001
1649267449112,CTRL,1001000000000008
1649267449113,CTRL,1001000000000008
1649267449114,CTRL,1001000000000008
1649267449120,CTRL,1001000000000008
1649267449121,CTRL,1001000000000008
1649267449123,CTRL,1001000000000008
1649267449129,CTRL,1001000000000008
1649267449142,CTRL,1001000000000008
1649267449143,CONDITION_FLAG,0
1649267449144,CTRL,1001000000000008
1649267449150,CTRL,1001000000000008
1649267449151,CTRL,1001000000000008
1649267449218,CTRL,1001000000000008
1649267449219,CTRL,1001000000000008
1649267449220,CTRL,1001000000000008
1649267449230,CTRL,1001000000000008
7146825588111,CONDITION_FLAG,1
1649267449274,CTRL,1001000000000008
1649267449281,CTRL,1001000000000008
1649267449284,CTRL,1001000000000008
1649267449297,CONDITION_FLAG,1
7146825588179,CONDITION_FLAG,1
1649267449485,CTRL,1001000000000008
1649267449491,CTRL,1001000000000008
1649267449492,CTRL,1001000000000008
1649267449494,CTRL,1001000000000008
1649267449500,CTRL,1001000000000008
1649267449502,CTRL,1001000000000008
1649267449503,CTRL,1001000000000008
1649267449521,CTRL,1001000000000008
1649267449522,CTRL,1001000000000008
1649267449526,CTRL,1001000000000008
1649267449529,CONDITION_FLAG,1
1649267449530,CTRL,1001000000000008
1649267449531,CTRL,1001000000000008
1649267449532,CTRL,1001000000000008
1649267449538,CTRL,1001000000000008
1649267449542,CONDITION_FLAG,1
1649267449543,CTRL,1001000000000008
1649267449544,CTRL,1001000000000008
1649267449545,CTRL,1001000000000008
1649267449575,CTRL,1001000000000008
1649267449615,CTRL,1001000000000008
1649267449618,CTRL,1001000000000008
1649267449621,CTRL,1001000000000008
1649267449628,CONDITION_FLAG,1
7146825588510,CONDITION_FLAG,1
1649267449799,CTRL,1001000000000008
1649267449800,CTRL,1001000000000008
1649267449801,CTRL,1001000000000008
1649267449806,CTRL,1001000000000008
1649267449807,CTRL,1001000000000008
1649267449834,CTRL,1001000000000008
1649267449838,CTRL,1001000000000008
1649267449839,CTRL,1001000000000008
1649267449843,CTRL,1001000000000008
1649267449848,CONDITION_FLAG,0
1649267449849,CTRL,1001000000000008
1649267449850,CTRL,1001000000000008
1649267449856,CTRL,1001000000000008
1649267449857,CTRL,1001000000000008
1649267449858,CTRL,1001000000000008
1649267449859,CTRL,1001000000000008
1649267449866,CTRL,1001000000000008
1649267449867,CTRL,1001000000000008
1649267449869,CTRL,1001000000000008
1649267449876,CTRL,1001000000000008
1649267449887,CTRL,1001000000000008
1649267449888,CONDITION_FLAG,1
1649267449889,CTRL,1001000000000008
1649267449896,CTRL,1001000000000008
1649267449897,CTRL,1001000000000008
1649267449961,CTRL,1001000000000008
1649267449962,CTRL,1001000000000008
1649267449963,CTRL,1001000000000008
1649267449973,CTRL,1001000000000008
7146825588854,CONDITION_FLAG,0
1649267450125,CTRL,1001000000000008
7146825589010,CONDITION_FLAG,0
6047313957978,LOOP_SIZE_UBTOOUT,200001
6047313957978,CTRL,1001000000000008
4947802330967,LOOP_SIZE_OUTTOUB,200001
1649267450190,CTRL,1001000000000008
1649267450197,CTRL,1001000000000008
1649267450206,CTRL,1001000000000008
1649267450220,CTRL,1001000000000008
6047313958515,LOOP_SIZE_UBTOOUT,200001
6047313958515,CTRL,1001000000000008
4947802331422,LOOP_SIZE_OUTTOUB,200001
6047313959009,LOOP_SIZE_UBTOOUT,200001
6047313959009,CTRL,1001000000000008
4947802332143,LOOP_SIZE_OUTTOUB,200001
6047313959607,LOOP_SIZE_UBTOOUT,200001
6047313959607,CTRL,1001000000000008
4947802332847,LOOP_SIZE_OUTTOUB,200001
6047313960321,LOOP_SIZE_UBTOOUT,200001
6047313960321,CTRL,1001000000000008
6047313961064,LOOP_SIZE_UBTOOUT,200001
6047313961064,CTRL,1001000000000008
1924145348627,CTRL,1001000000000008
1924145348659,CONDITION_FLAG,0
1924145348661,CONDITION_FLAG,0
1924145348882,CTRL,1001000000000008
1924145348888,CONDITION_FLAG,0
1924145348895,CTRL,1001000000000008
1924145348896,CTRL,1001000000000008
1924145348902,CTRL,1001000000000008
1924145348951,CTRL,1001000000000008
1924145348953,CTRL,1001000000000008
1924145348955,CTRL,1001000000000008
1924145348958,CTRL,1001000000000008
1924145348959,CTRL,1001000000000008
1924145348961,CTRL,1001000000000008
1924145348963,CTRL,1001000000000008
1924145348965,CTRL,1001000000000008
1924145348967,CTRL,1001000000000008
1924145348969,CTRL,1001000000000008
1924145348971,CTRL,1001000000000008
1924145348972,CTRL,1001000000000008
1924145348973,CTRL,1001000000000008
1924145348974,CTRL,1001000000000008
1924145348975,CTRL,1001000000000008
1924145348981,CTRL,1001000000000008
1924145348984,CTRL,1001000000000008
1924145348985,CTRL,1001000000000008
1924145348986,CTRL,1001000000000008
1924145348990,CTRL,1001000000000008
1924145348991,CTRL,1001000000000008
1924145348992,CTRL,1001000000000008
1924145349000,CTRL,1001000000000008
1924145349001,CTRL,1001000000000008
1924145349002,CTRL,1001000000000008
1924145349003,CTRL,1001000000000008
1924145349004,CTRL,1001000000000008
1924145349005,CTRL,1001000000000008
1924145349006,CTRL,1001000000000008
1924145349095,CTRL,1001000000000008
1924145349096,CTRL,1001000000000008
1924145349097,CTRL,1001000000000008
1924145349098,CTRL,1001000000000008
1924145349099,CTRL,1001000000000008
1924145349136,CTRL,1001000000000008
1924145349137,CTRL,1001000000000008
1924145349138,CTRL,1001000000000008
1924145349139,CTRL,1001000000000008
1924145349140,CTRL,1001000000000008
1924145349141,CTRL,1001000000000008
1924145349142,CTRL,1001000000000008
1924145349264,CTRL,1001000000000008
1924145349266,CTRL,1001000000000008
1924145349270,CTRL,1001000000000008
1924145349271,CTRL,1001000000000008
1924145349272,CTRL,1001000000000008
1924145349273,CTRL,1001000000000008
1924145349274,CTRL,1001000000000008
1924145349275,CTRL,1001000000000008
1924145349277,CTRL,1001000000000008
1924145349278,CTRL,1001000000000008
1924145349279,CTRL,1001000000000008
1924145349281,CTRL,1001000000000008
1924145349284,CTRL,1001000000000008
1924145349301,CTRL,1001000000000008
1924145349302,CTRL,1001000000000008
1924145349303,CTRL,1001000000000008
1924145349306,CTRL,1001000000000008
1924145349311,CONDITION_FLAG,0
7421703488193,CONDITION_FLAG,0
1924145350823,CTRL,1001000000000008
1924145350828,CTRL,1001000000000008
1924145350829,CTRL,1001000000000008
1924145350831,CTRL,1001000000000008
1924145350837,CTRL,1001000000000008
1924145350839,CTRL,1001000000000008
1924145350840,CTRL,1001000000000008
5222680234199,LOOP_SIZE_OUTTOUB,200001
1924145350873,CTRL,1001000000000008
1924145350874,CTRL,1001000000000008
1924145350881,CTRL,1001000000000008
1924145350887,CONDITION_FLAG,0
1924145350888,CTRL,1001000000000008
1924145350889,CTRL,1001000000000008
1924145350890,CTRL,1001000000000008
1924145350896,CTRL,1001000000000008
1924145350906,CONDITION_FLAG,0
1924145350907,CTRL,1001000000000008
1924145350908,CTRL,1001000000000008
1924145350909,CTRL,1001000000000008
1924145350935,CTRL,1001000000000008
1924145350979,CTRL,1001000000000008
1924145350988,CTRL,1001000000000008
1924145350991,CTRL,1001000000000008
1924145351001,CONDITION_FLAG,0
7421703489883,CONDITION_FLAG,0
1924145351651,CTRL,1001000000000008
1924145351652,CTRL,1001000000000008
1924145351653,CTRL,1001000000000008
1924145351654,CTRL,1001000000000008
1924145351655,CTRL,1001000000000008
1924145352938,CTRL,1001000000000008
1924145352946,CTRL,1001000000000008
1924145352947,CTRL,1001000000000008
1924145352954,CTRL,1001000000000008
1924145352961,CONDITION_FLAG,0
1924145352962,CTRL,1001000000000008
1924145352963,CTRL,1001000000000008
1924145352967,CTRL,1001000000000008
1924145352968,CTRL,1001000000000008
1924145352969,CTRL,1001000000000008
1924145352970,CTRL,1001000000000008
1924145352975,CTRL,1001000000000008
1924145352976,CTRL,1001000000000008
1924145352978,CTRL,1001000000000008
1924145352983,CTRL,1001000000000008
1924145352992,CTRL,1001000000000008
1924145352993,CONDITION_FLAG,0
1924145352994,CTRL,1001000000000008
1924145352999,CTRL,1001000000000008
1924145353000,CTRL,1001000000000008
1924145353012,CTRL,1001000000000008
1924145353013,CTRL,1001000000000008
1924145353014,CTRL,1001000000000008
1924145353024,CTRL,1001000000000008
7421703491905,CONDITION_FLAG,1
1924145353037,CTRL,1001000000000008
1924145353038,CTRL,1001000000000008
1924145353041,CTRL,1001000000000008
1924145353049,CONDITION_FLAG,1
7421703491931,CONDITION_FLAG,1
1924145353052,CTRL,1001000000000008
1924145353073,CTRL,1001000000000008
1924145353074,CTRL,1001000000000008
1924145353076,CTRL,1001000000000008
1924145353077,CTRL,1001000000000008
1924145353079,CTRL,1001000000000008
1924145353080,CTRL,1001000000000008
5222680236451,LOOP_SIZE_OUTTOUB,200001
1924145353125,CTRL,1001000000000008
1924145353126,CTRL,1001000000000008
1924145353133,CTRL,1001000000000008
1924145353135,CONDITION_FLAG,1
1924145353136,CTRL,1001000000000008
1924145353137,CTRL,1001000000000008
1924145353138,CTRL,1001000000000008
1924145353185,CTRL,1001000000000008
1924145353196,CONDITION_FLAG,1
1924145353197,CTRL,1001000000000008
1924145353198,CTRL,1001000000000008
1924145353199,CTRL,1001000000000008
1924145353271,CTRL,1001000000000008
1924145353310,CTRL,1001000000000008
1924145353311,CTRL,1001000000000008
1924145353314,CTRL,1001000000000008
1924145353319,CONDITION_FLAG,1
7421703492201,CONDITION_FLAG,1
1924145353451,CTRL,1001000000000008
1924145353452,CTRL,1001000000000008
1924145353453,CTRL,1001000000000008
1924145353455,CTRL,1001000000000008
1924145353456,CTRL,1001000000000008
1924145353472,CTRL,1001000000000008
1924145353478,CTRL,1001000000000008
1924145353479,CTRL,1001000000000008
1924145353489,CTRL,1001000000000008
1924145353496,CONDITION_FLAG,0
1924145353497,CTRL,1001000000000008
1924145353498,CTRL,1001000000000008
1924145353502,CTRL,1001000000000008
1924145353503,CTRL,1001000000000008
1924145353504,CTRL,1001000000000008
1924145353505,CTRL,1001000000000008
1924145353506,CTRL,1001000000000008
1924145353507,CTRL,1001000000000008
1924145353509,CTRL,1001000000000008
1924145353512,CTRL,1001000000000008
1924145353519,CTRL,1001000000000008
1924145353520,CONDITION_FLAG,1
1924145353521,CTRL,1001000000000008
1924145353526,CTRL,1001000000000008
1924145353527,CTRL,1001000000000008
1924145353579,CTRL,1001000000000008
1924145353580,CTRL,1001000000000008
1924145353581,CTRL,1001000000000008
1924145353595,CTRL,1001000000000008
7421703492476,CONDITION_FLAG,1
1924145353612,CTRL,1001000000000008
1924145353613,CTRL,1001000000000008
1924145353616,CTRL,1001000000000008
1924145353621,CONDITION_FLAG,1
7421703492503,CONDITION_FLAG,0
1924145353733,CTRL,1001000000000008
1924145353738,CTRL,1001000000000008
1924145353739,CTRL,1001000000000008
1924145353741,CTRL,1001000000000008
1924145353746,CTRL,1001000000000008
1924145353748,CTRL,1001000000000008
1924145353749,CTRL,1001000000000008
1924145353772,CTRL,1001000000000008
1924145353773,CTRL,1001000000000008
1924145353780,CTRL,1001000000000008
1924145353786,CONDITION_FLAG,0
1924145353787,CTRL,1001000000000008
1924145353788,CTRL,1001000000000008
1924145353789,CTRL,1001000000000008
1924145353791,CTRL,1001000000000008
1924145353794,CONDITION_FLAG,0
1924145353795,CTRL,1001000000000008
1924145353796,CTRL,1001000000000008
1924145353797,CTRL,1001000000000008
1924145353807,CTRL,1001000000000008
1924145353832,CTRL,1001000000000008
1924145353833,CTRL,1001000000000008
1924145353836,CTRL,1001000000000008
1924145353841,CONDITION_FLAG,0
7421703492723,CONDITION_FLAG,0
1924145353928,CTRL,1001000000000008
1924145353929,CTRL,1001000000000008
1924145353930,CTRL,1001000000000008
1924145353931,CTRL,1001000000000008
1924145353932,CTRL,1001000000000008
1924145353946,CTRL,1001000000000008
1924145353949,CTRL,1001000000000008
1924145353950,CTRL,1001000000000008
1924145353956,CTRL,1001000000000008
1924145353963,CONDITION_FLAG,0
1924145353964,CTRL,1001000000000008
1924145353965,CTRL,1001000000000008
1924145353969,CTRL,1001000000000008
1924145353970,CTRL,1001000000000008
1924145353971,CTRL,1001000000000008
1924145353972,CTRL,1001000000000008
1924145353973,CTRL,1001000000000008
1924145353974,CTRL,1001000000000008
1924145353976,CTRL,1001000000000008
1924145353977,CTRL,1001000000000008
1924145353983,CTRL,1001000000000008
1924145353984,CONDITION_FLAG,0
1924145353985,CTRL,1001000000000008
1924145353990,CTRL,1001000000000008
1924145353991,CTRL,1001000000000008
1924145354057,CTRL,1001000000000008
1924145354058,CTRL,1001000000000008
1924145354059,CTRL,1001000000000008
1924145354073,CTRL,1001000000000008
7421703492954,CONDITION_FLAG,1
1924145354090,CTRL,1001000000000008
1924145354091,CTRL,1001000000000008
1924145354094,CTRL,1001000000000008
1924145354099,CONDITION_FLAG,1
7421703492981,CONDITION_FLAG,1
1924145354259,CTRL,1001000000000008
1924145354264,CTRL,1001000000000008
1924145354265,CTRL,1001000000000008
1924145354267,CTRL,1001000000000008
1924145354272,CTRL,1001000000000008
1924145354274,CTRL,1001000000000008
1924145354275,CTRL,1001000000000008
6322191864115,LOOP_SIZE_UBTOOUT,200001
6322191864115,CTRL,1001000000000008
5222680237098,LOOP_SIZE_OUTTOUB,200001
1924145354301,CTRL,1001000000000008
1924145354302,CTRL,1001000000000008
1924145354309,CTRL,1001000000000008
1924145354315,CONDITION_FLAG,1
1924145354316,CTRL,1001000000000008
1924145354317,CTRL,1001000000000008
1924145354318,CTRL,1001000000000008
1924145354320,CTRL,1001000000000008
1924145354323,CONDITION_FLAG,1
1924145354324,CTRL,1001000000000008
1924145354325,CTRL,1001000000000008
1924145354326,CTRL,1001000000000008
1924145354336,CTRL,1001000000000008
1924145354380,CTRL,1001000000000008
1924145354381,CTRL,1001000000000008
1924145354384,CTRL,1001000000000008
1924145354392,CONDITION_FLAG,1
7421703493274,CONDITION_FLAG,1
1924145354499,CTRL,1001000000000008
1924145354500,CTRL,1001000000000008
1924145354501,CTRL,1001000000000008
1924145354506,CTRL,1001000000000008
1924145354507,CTRL,1001000000000008
1924145354529,CTRL,1001000000000008
1924145354532,CTRL,1001000000000008
1924145354533,CTRL,1001000000000008
1924145354536,CTRL,1001000000000008
1924145354539,CONDITION_FLAG,0
1924145354540,CTRL,1001000000000008
1924145354541,CTRL,1001000000000008
1924145354542,CTRL,1001000000000008
1924145354543,CTRL,1001000000000008
1924145354544,CTRL,1001000000000008
1924145354545,CTRL,1001000000000008
1924145354546,CTRL,1001000000000008
1924145354547,CTRL,1001000000000008
1924145354549,CTRL,1001000000000008
1924145354550,CTRL,1001000000000008
1924145354556,CTRL,1001000000000008
1924145354557,CONDITION_FLAG,1
1924145354558,CTRL,1001000000000008
1924145354563,CTRL,1001000000000008
1924145354564,CTRL,1001000000000008
1924145354616,CTRL,1001000000000008
1924145354617,CTRL,1001000000000008
1924145354618,CTRL,1001000000000008
1924145354632,CTRL,1001000000000008
7421703493513,CONDITION_FLAG,1
1924145354649,CTRL,1001000000000008
1924145354650,CTRL,1001000000000008
1924145354653,CTRL,1001000000000008
1924145354658,CONDITION_FLAG,1
7421703493540,CONDITION_FLAG,0
1924145354764,CTRL,1001000000000008
1924145354769,CTRL,1001000000000008
1924145354770,CTRL,1001000000000008
1924145354772,CTRL,1001000000000008
1924145354777,CTRL,1001000000000008
1924145354779,CTRL,1001000000000008
1924145354780,CTRL,1001000000000008
1924145354803,CTRL,1001000000000008
1924145354804,CTRL,1001000000000008
1924145354811,CTRL,1001000000000008
1924145354817,CONDITION_FLAG,0
1924145354818,CTRL,1001000000000008
1924145354819,CTRL,1001000000000008
1924145354820,CTRL,1001000000000008
1924145354822,CTRL,1001000000000008
1924145354825,CONDITION_FLAG,0
1924145354826,CTRL,1001000000000008
1924145354827,CTRL,1001000000000008
1924145354828,CTRL,1001000000000008
1924145354838,CTRL,1001000000000008
1924145354863,CTRL,1001000000000008
1924145354864,CTRL,1001000000000008
1924145354867,CTRL,1001000000000008
1924145354872,CONDITION_FLAG,0
7421703493754,CONDITION_FLAG,0
1924145354951,CTRL,1001000000000008
1924145354952,CTRL,1001000000000008
1924145354953,CTRL,1001000000000008
1924145354958,CTRL,1001000000000008
1924145354959,CTRL,1001000000000008
1924145354981,CTRL,1001000000000008
1924145354984,CTRL,1001000000000008
1924145354985,CTRL,1001000000000008
1924145354988,CTRL,1001000000000008
1924145354991,CONDITION_FLAG,0
1924145354992,CTRL,1001000000000008
1924145354993,CTRL,1001000000000008
1924145354994,CTRL,1001000000000008
1924145354995,CTRL,1001000000000008
1924145354996,CTRL,1001000000000008
1924145354997,CTRL,1001000000000008
1924145354998,CTRL,1001000000000008
1924145354999,CTRL,1001000000000008
1924145355001,CTRL,1001000000000008
1924145355002,CTRL,1001000000000008
1924145355008,CTRL,1001000000000008
1924145355009,CONDITION_FLAG,0
1924145355010,CTRL,1001000000000008
1924145355015,CTRL,1001000000000008
1924145355016,CTRL,1001000000000008
1924145355078,CTRL,1001000000000008
1924145355079,CTRL,1001000000000008
1924145355080,CTRL,1001000000000008
1924145355100,CTRL,1001000000000008
7421703493981,CONDITION_FLAG,1
1924145355129,CTRL,1001000000000008
1924145355130,CTRL,1001000000000008
1924145355133,CTRL,1001000000000008
1924145355138,CONDITION_FLAG,1
7421703494020,CONDITION_FLAG,1
1924145355337,CTRL,1001000000000008
1924145355348,CTRL,1001000000000008
1924145355349,CTRL,1001000000000008
1924145355351,CTRL,1001000000000008
1924145355360,CTRL,1001000000000008
1924145355362,CTRL,1001000000000008
1924145355363,CTRL,1001000000000008
1924145355401,CTRL,1001000000000008
1924145355402,CTRL,1001000000000008
1924145355409,CTRL,1001000000000008
1924145355415,CONDITION_FLAG,1
1924145355416,CTRL,1001000000000008
1924145355417,CTRL,1001000000000008
1924145355418,CTRL,1001000000000008
1924145355420,CTRL,1001000000000008
1924145355423,CONDITION_FLAG,1
1924145355424,CTRL,1001000000000008
1924145355425,CTRL,1001000000000008
1924145355426,CTRL,1001000000000008
1924145355436,CTRL,1001000000000008
1924145355461,CTRL,1001000000000008
1924145355462,CTRL,1001000000000008
1924145355465,CTRL,1001000000000008
1924145355470,CONDITION_FLAG,1
7421703494352,CONDITION_FLAG,1
1924145355633,CTRL,1001000000000008
1924145355634,CTRL,1001000000000008
1924145355635,CTRL,1001000000000008
1924145355641,CTRL,1001000000000008
1924145355642,CTRL,1001000000000008
1924145355674,CTRL,1001000000000008
1924145355683,CTRL,1001000000000008
1924145355684,CTRL,1001000000000008
1924145355689,CTRL,1001000000000008
1924145355693,CONDITION_FLAG,0
1924145355694,CTRL,1001000000000008
1924145355695,CTRL,1001000000000008
1924145355697,CTRL,1001000000000008
1924145355698,CTRL,1001000000000008
1924145355699,CTRL,1001000000000008
1924145355700,CTRL,1001000000000008
1924145355702,CTRL,1001000000000008
1924145355703,CTRL,1001000000000008
1924145355705,CTRL,1001000000000008
1924145355709,CTRL,1001000000000008
1924145355716,CTRL,1001000000000008
1924145355717,CONDITION_FLAG,1
1924145355718,CTRL,1001000000000008
1924145355729,CTRL,1001000000000008
1924145355730,CTRL,1001000000000008
1924145355798,CTRL,1001000000000008
1924145355799,CTRL,1001000000000008
1924145355800,CTRL,1001000000000008
1924145355816,CTRL,1001000000000008
7421703494697,CONDITION_FLAG,1
1924145355847,CTRL,1001000000000008
1924145355854,CTRL,1001000000000008
1924145355857,CTRL,1001000000000008
1924145355869,CONDITION_FLAG,1
7421703494751,CONDITION_FLAG,0
1924145356044,CTRL,1001000000000008
1924145356050,CTRL,1001000000000008
1924145356051,CTRL,1001000000000008
1924145356053,CTRL,1001000000000008
1924145356059,CTRL,1001000000000008
1924145356061,CTRL,1001000000000008
1924145356062,CTRL,1001000000000008
1924145356091,CTRL,1001000000000008
1924145356092,CTRL,1001000000000008
1924145356100,CTRL,1001000000000008
1924145356111,CONDITION_FLAG,0
1924145356112,CTRL,1001000000000008
1924145356113,CTRL,1001000000000008
1924145356114,CTRL,1001000000000008
1924145356121,CTRL,1001000000000008
1924145356126,CONDITION_FLAG,0
1924145356127,CTRL,1001000000000008
1924145356128,CTRL,1001000000000008
1924145356129,CTRL,1001000000000008
1924145356142,CTRL,1001000000000008
1924145356186,CTRL,1001000000000008
1924145356192,CTRL,1001000000000008
1924145356195,CTRL,1001000000000008
1924145356208,CONDITION_FLAG,0
7421703495090,CONDITION_FLAG,0
1924145356360,CTRL,1001000000000008
1924145356361,CTRL,1001000000000008
1924145356362,CTRL,1001000000000008
1924145356367,CTRL,1001000000000008
1924145356368,CTRL,1001000000000008
1924145356393,CTRL,1001000000000008
1924145356401,CTRL,1001000000000008
1924145356402,CTRL,1001000000000008
1924145356410,CTRL,1001000000000008
1924145356413,CONDITION_FLAG,0
1924145356414,CTRL,1001000000000008
1924145356415,CTRL,1001000000000008
1924145356416,CTRL,1001000000000008
1924145356417,CTRL,1001000000000008
1924145356418,CTRL,1001000000000008
6322191864682,LOOP_SIZE_UBTOOUT,200001
6322191864682,CTRL,1001000000000008
1924145356419,CTRL,1001000000000008
5222680237627,LOOP_SIZE_OUTTOUB,200001
1924145356420,CTRL,1001000000000008
1924145356421,CTRL,1001000000000008
1924145356423,CTRL,1001000000000008
1924145356424,CTRL,1001000000000008
1924145356431,CTRL,1001000000000008
1924145356432,CONDITION_FLAG,0
1924145356433,CTRL,1001000000000008
1924145356439,CTRL,1001000000000008
1924145356440,CTRL,1001000000000008
1924145356513,CTRL,1001000000000008
1924145356514,CTRL,1001000000000008
1924145356515,CTRL,1001000000000008
1924145356532,CTRL,1001000000000008
7421703495413,CONDITION_FLAG,1
1924145356575,CTRL,1001000000000008
1924145356577,CTRL,1001000000000008
1924145356580,CTRL,1001000000000008
1924145356589,CONDITION_FLAG,1
7421703495471,CONDITION_FLAG,1
1924145356789,CTRL,1001000000000008
1924145356795,CTRL,1001000000000008
1924145356796,CTRL,1001000000000008
1924145356798,CTRL,1001000000000008
1924145356804,CTRL,1001000000000008
1924145356806,CTRL,1001000000000008
1924145356807,CTRL,1001000000000008
1924145356836,CTRL,1001000000000008
1924145356837,CTRL,1001000000000008
1924145356846,CTRL,1001000000000008
1924145356854,CONDITION_FLAG,1
1924145356855,CTRL,1001000000000008
1924145356856,CTRL,1001000000000008
1924145356857,CTRL,1001000000000008
1924145356861,CTRL,1001000000000008
1924145356866,CONDITION_FLAG,1
1924145356867,CTRL,1001000000000008
1924145356868,CTRL,1001000000000008
1924145356869,CTRL,1001000000000008
1924145356885,CTRL,1001000000000008
1924145356928,CTRL,1001000000000008
1924145356931,CTRL,1001000000000008
1924145356934,CTRL,1001000000000008
1924145356943,CONDITION_FLAG,1
7421703495825,CONDITION_FLAG,1
1924145357076,CTRL,1001000000000008
1924145357077,CTRL,1001000000000008
1924145357078,CTRL,1001000000000008
1924145357080,CTRL,1001000000000008
1924145357081,CTRL,1001000000000008
1924145357101,CTRL,1001000000000008
1924145357105,CTRL,1001000000000008
1924145357106,CTRL,1001000000000008
1924145357110,CTRL,1001000000000008
1924145357114,CONDITION_FLAG,0
1924145357115,CTRL,1001000000000008
1924145357116,CTRL,1001000000000008
1924145357119,CTRL,1001000000000008
1924145357120,CTRL,1001000000000008
1924145357121,CTRL,1001000000000008
1924145357122,CTRL,1001000000000008
1924145357124,CTRL,1001000000000008
1924145357125,CTRL,1001000000000008
1924145357127,CTRL,1001000000000008
1924145357129,CTRL,1001000000000008
1924145357136,CTRL,1001000000000008
1924145357137,CONDITION_FLAG,1
1924145357138,CTRL,1001000000000008
1924145357144,CTRL,1001000000000008
1924145357145,CTRL,1001000000000008
1924145357182,CTRL,1001000000000008
1924145357183,CTRL,1001000000000008
1924145357184,CTRL,1001000000000008
1924145357192,CTRL,1001000000000008
7421703496073,CONDITION_FLAG,0
1924145357251,CTRL,1001000000000008
7421703496134,CONDITION_FLAG,0
6322191865160,LOOP_SIZE_UBTOOUT,200001
6322191865160,CTRL,1001000000000008
5222680238129,LOOP_SIZE_OUTTOUB,200001
1924145357259,CTRL,1001000000000008
1924145357261,CTRL,1001000000000008
1924145357265,CTRL,1001000000000008
1924145357273,CTRL,1001000000000008
6322191865719,LOOP_SIZE_UBTOOUT,200001
6322191865719,CTRL,1001000000000008
5222680238727,LOOP_SIZE_OUTTOUB,200001
6322191866181,LOOP_SIZE_UBTOOUT,200001
6322191866181,CTRL,1001000000000008
5222680239417,LOOP_SIZE_OUTTOUB,200001
6322191866901,LOOP_SIZE_UBTOOUT,200001
6322191866901,CTRL,1001000000000008
5222680240162,LOOP_SIZE_OUTTOUB,200001
6322191867616,LOOP_SIZE_UBTOOUT,200001
6322191867616,CTRL,1001000000000008
6322191868285,LOOP_SIZE_UBTOOUT,200001
6322191868285,CTRL,1001000000000008
