CoreId,CoreTypeId,EventTick,SprName,SprValue
0,1,857,SHMEM_SZ,40000
0,1,857,PARA_BASE,900022c000
0,1,857,BLOCKID,0
0,1,857,BLOCKDIM,1
0,1,857,SUBBLOCKID,0
0,1,857,SUBBLOCKDIM,2
0,1,857,STACK_PHY_BASE,914df0d200
0,1,857,THREAD_DIM,1
0,1,857,THREAD_ID,0
0,1,857,DATA_SIZE,1
0,1,857,SMMU_STREAMID,0
0,1,857,SMMU_SUBSTREAMID,0
0,1,857,CTRL,1001000000000008
0,1,857,TASK_CFG_0,0
0,2,892,SHMEM_SZ,40000
0,2,892,PARA_BASE,900022c000
0,2,892,BLOCKID,0
0,2,892,BLOCKDIM,1
0,2,892,SUBBLOCKID,0
0,2,892,SUBBLOCKDIM,2
0,2,892,STACK_PHY_BASE,914df0d200
0,2,892,THREAD_DIM,1
0,2,892,THREAD_ID,0
0,2,892,DATA_SIZE,1
0,2,892,SMMU_STREAMID,0
0,2,892,SMMU_SUBSTREAMID,0
0,2,892,CTRL,1001000000000008
0,2,892,TASK_CFG_0,0
0,3,926,SHMEM_SZ,40000
0,3,926,PARA_BASE,900022c000
0,3,926,BLOCKID,0
0,3,926,BLOCKDIM,1
0,3,926,SUBBLOCKID,1
0,3,926,SUBBLOCKDIM,2
0,3,926,STACK_PHY_BASE,914df0d200
0,3,926,THREAD_DIM,1
0,3,926,THREAD_ID,0
0,3,926,DATA_SIZE,1
0,3,926,SMMU_STREAMID,0
0,3,926,SMMU_SUBSTREAMID,0
0,3,926,CTRL,1001000000000008
0,3,926,TASK_CFG_0,0
0,1,3696,CTRL,1001000000000008
0,1,3700,CTRL,1001000000000008
0,1,3717,CTRL,1001000000000008
0,1,3719,ST_ATOMIC_CFG,24
0,1,3719,PADDING,0
0,1,3719,PADDING,0
0,3,4564,CONDITION_FLAG,0
0,3,4565,CONDITION_FLAG,0
0,3,4567,CONDITION_FLAG,0
0,3,4568,CONDITION_FLAG,0
0,3,4572,CTRL,1001000000000008
0,3,4581,CTRL,1001000000000008
0,3,4592,CTRL,1001000000000008
0,3,4597,ST_ATOMIC_CFG,24
0,3,4597,LOOP_SIZE_OUTTOUB,200001
0,3,4597,LOOP_SIZE_UBTOOUT,200001
0,3,4599,MASK1,ffffffffffffffff
0,3,4599,STATUS,0
0,2,4608,CONDITION_FLAG,0
0,2,4609,CONDITION_FLAG,0
0,3,4609,MASK0,ffffffffffffffff
0,3,4609,STATUS,0
0,1,4611,CONDITION_FLAG,0
0,2,4611,CONDITION_FLAG,0
0,1,4612,CONDITION_FLAG,0
0,2,4612,CONDITION_FLAG,0
0,1,4615,CONDITION_FLAG,0
0,1,4616,CONDITION_FLAG,0
0,2,4616,CTRL,1001000000000008
0,2,4625,CTRL,1001000000000008
0,2,4636,CTRL,1001000000000008
0,2,4641,ST_ATOMIC_CFG,24
0,2,4641,LOOP_SIZE_OUTTOUB,200001
0,2,4641,LOOP_SIZE_UBTOOUT,200001
0,2,4643,MASK1,ffffffffffffffff
0,2,4643,STATUS,0
0,2,4653,MASK0,ffffffffffffffff
0,2,4653,STATUS,0
0,1,4708,CONDITION_FLAG,0
0,1,5060,CONDITION_FLAG,0
0,1,5073,CONDITION_FLAG,1
0,1,5110,CONDITION_FLAG,0
0,1,5120,CONDITION_FLAG,0
0,1,5143,CONDITION_FLAG,0
0,1,5152,CONDITION_FLAG,0
0,1,5160,CONDITION_FLAG,0
0,1,5173,CONDITION_FLAG,1
0,1,5207,CONDITION_FLAG,0
0,1,5230,CONDITION_FLAG,0
0,1,5253,CONDITION_FLAG,0
0,1,5255,CONDITION_FLAG,1
0,1,5276,CONDITION_FLAG,1
0,1,5284,CONDITION_FLAG,0
0,1,5297,CONDITION_FLAG,1
0,1,5333,CONDITION_FLAG,1
0,1,5344,CONDITION_FLAG,0
0,1,5366,CONDITION_FLAG,1
0,1,5375,CONDITION_FLAG,1
0,1,5383,CONDITION_FLAG,0
0,1,5396,CONDITION_FLAG,1
0,1,5430,CONDITION_FLAG,1
0,1,5453,CONDITION_FLAG,0
0,1,5476,CONDITION_FLAG,1
0,1,5478,CONDITION_FLAG,1
0,1,5499,CONDITION_FLAG,0
0,1,5507,CONDITION_FLAG,0
0,1,5520,CONDITION_FLAG,0
0,1,5582,CONDITION_FLAG,0
0,1,5593,CONDITION_FLAG,0
0,1,5615,CONDITION_FLAG,0
0,1,5624,CONDITION_FLAG,0
0,1,5632,CONDITION_FLAG,0
0,1,5645,CONDITION_FLAG,0
0,1,5699,CONDITION_FLAG,0
0,1,5723,CONDITION_FLAG,0
0,1,5746,CONDITION_FLAG,0
0,1,5748,CONDITION_FLAG,1
0,1,5769,CONDITION_FLAG,1
0,1,5777,CONDITION_FLAG,0
0,1,5790,CONDITION_FLAG,0
0,1,5852,CONDITION_FLAG,1
0,1,5863,CONDITION_FLAG,0
0,1,5885,CONDITION_FLAG,1
0,1,5894,CONDITION_FLAG,1
0,1,5902,CONDITION_FLAG,0
0,1,5915,CONDITION_FLAG,0
0,1,5974,CONDITION_FLAG,1
0,2,5987,CONDITION_FLAG,0
0,2,5988,CONDITION_FLAG,0
0,3,5988,CONDITION_FLAG,0
0,3,5989,CONDITION_FLAG,0
0,1,5998,CONDITION_FLAG,0
0,2,6019,CONDITION_FLAG,0
0,3,6020,CONDITION_FLAG,0
0,1,6021,CONDITION_FLAG,1
0,1,6023,CONDITION_FLAG,1
0,2,6024,CONDITION_FLAG,0
0,3,6025,CONDITION_FLAG,0
0,1,6044,CONDITION_FLAG,0
0,1,6052,CONDITION_FLAG,0
0,1,6065,CONDITION_FLAG,0
0,1,6127,CONDITION_FLAG,0
0,1,6138,CONDITION_FLAG,0
0,1,6160,CONDITION_FLAG,0
0,1,6169,CONDITION_FLAG,0
0,1,6177,CONDITION_FLAG,0
0,1,6190,CONDITION_FLAG,0
0,1,6249,CONDITION_FLAG,0
0,1,6273,CONDITION_FLAG,0
0,1,6296,CONDITION_FLAG,0
0,1,6298,CONDITION_FLAG,1
0,1,6319,CONDITION_FLAG,1
0,1,6327,CONDITION_FLAG,0
0,1,6340,CONDITION_FLAG,0
0,2,6363,CONDITION_FLAG,0
0,2,6364,CONDITION_FLAG,0
0,3,6364,CONDITION_FLAG,0
0,3,6365,CONDITION_FLAG,0
0,1,6402,CONDITION_FLAG,1
0,1,6413,CONDITION_FLAG,0
0,1,6435,CONDITION_FLAG,1
0,1,6444,CONDITION_FLAG,1
0,1,6452,CONDITION_FLAG,0
0,1,6465,CONDITION_FLAG,0
0,1,6524,CONDITION_FLAG,1
0,1,6548,CONDITION_FLAG,0
0,1,6571,CONDITION_FLAG,1
0,1,6573,CONDITION_FLAG,1
0,1,6594,CONDITION_FLAG,0
0,1,6602,CONDITION_FLAG,0
0,1,6615,CONDITION_FLAG,0
0,1,6677,CONDITION_FLAG,0
0,1,6688,CONDITION_FLAG,0
0,1,6710,CONDITION_FLAG,0
0,1,6719,CONDITION_FLAG,0
0,1,6727,CONDITION_FLAG,0
0,1,6740,CONDITION_FLAG,0
0,1,6799,CONDITION_FLAG,0
0,1,6823,CONDITION_FLAG,0
0,1,6846,CONDITION_FLAG,0
0,1,6848,CONDITION_FLAG,1
0,1,6869,CONDITION_FLAG,1
0,1,6877,CONDITION_FLAG,0
0,1,6890,CONDITION_FLAG,0
0,1,6952,CONDITION_FLAG,1
0,1,6963,CONDITION_FLAG,0
0,1,6985,CONDITION_FLAG,1
0,1,6994,CONDITION_FLAG,1
0,2,6997,CONDITION_FLAG,0
0,1,7002,CONDITION_FLAG,0
0,2,7009,CONDITION_FLAG,0
0,1,7015,CONDITION_FLAG,0
0,2,7033,CONDITION_FLAG,1
0,2,7045,CONDITION_FLAG,1
0,2,7046,CONDITION_FLAG,0
0,3,7068,CONDITION_FLAG,0
0,2,7073,CONDITION_FLAG,1
0,1,7074,CONDITION_FLAG,1
0,2,7078,CONDITION_FLAG,1
0,3,7080,CONDITION_FLAG,0
0,1,7098,CONDITION_FLAG,0
0,3,7104,CONDITION_FLAG,1
0,2,7105,CONDITION_FLAG,1
0,2,7106,CONDITION_FLAG,0
0,3,7116,CONDITION_FLAG,1
0,3,7117,CONDITION_FLAG,0
0,1,7121,CONDITION_FLAG,1
0,1,7123,CONDITION_FLAG,0
0,2,7138,CONDITION_FLAG,1
0,3,7144,CONDITION_FLAG,1
0,1,7149,CONDITION_FLAG,0
0,3,7149,CONDITION_FLAG,1
0,2,7150,CONDITION_FLAG,1
0,1,7161,CONDITION_FLAG,0
0,1,7170,CONDITION_FLAG,0
0,2,7176,CONDITION_FLAG,1
0,3,7176,CONDITION_FLAG,1
0,3,7177,CONDITION_FLAG,0
0,1,7179,CONDITION_FLAG,0
0,1,7188,CONDITION_FLAG,0
0,2,7188,CONDITION_FLAG,0
0,2,7189,CONDITION_FLAG,0
0,3,7209,CONDITION_FLAG,1
0,2,7220,CONDITION_FLAG,0
0,3,7221,CONDITION_FLAG,1
0,2,7225,CONDITION_FLAG,0
0,3,7247,CONDITION_FLAG,1
0,2,7252,CONDITION_FLAG,0
0,2,7253,CONDITION_FLAG,0
0,3,7259,CONDITION_FLAG,0
0,3,7260,CONDITION_FLAG,0
0,2,7285,CONDITION_FLAG,0
0,3,7291,CONDITION_FLAG,0
0,3,7296,CONDITION_FLAG,0
0,2,7297,CONDITION_FLAG,0
0,2,7323,CONDITION_FLAG,1
0,3,7323,CONDITION_FLAG,0
0,3,7324,CONDITION_FLAG,0
0,2,7335,CONDITION_FLAG,1
0,2,7336,CONDITION_FLAG,0
0,3,7356,CONDITION_FLAG,0
0,2,7367,CONDITION_FLAG,1
0,3,7368,CONDITION_FLAG,0
0,2,7372,CONDITION_FLAG,1
0,1,7387,CONDITION_FLAG,1
0,1,7392,CONDITION_FLAG,0
0,3,7394,CONDITION_FLAG,1
0,2,7399,CONDITION_FLAG,1
0,2,7400,CONDITION_FLAG,0
0,1,7401,CONDITION_FLAG,0
0,3,7406,CONDITION_FLAG,1
0,3,7407,CONDITION_FLAG,0
0,1,7410,CONDITION_FLAG,0
0,1,7431,CONDITION_FLAG,1
0,2,7432,CONDITION_FLAG,1
0,3,7438,CONDITION_FLAG,1
0,1,7440,CONDITION_FLAG,0
0,3,7443,CONDITION_FLAG,1
0,2,7444,CONDITION_FLAG,1
0,1,7449,CONDITION_FLAG,0
0,1,7458,CONDITION_FLAG,0
0,2,7470,CONDITION_FLAG,1
0,3,7470,CONDITION_FLAG,1
0,3,7471,CONDITION_FLAG,0
0,2,7482,CONDITION_FLAG,0
0,2,7483,CONDITION_FLAG,0
0,3,7503,CONDITION_FLAG,1
0,2,7514,CONDITION_FLAG,0
0,3,7515,CONDITION_FLAG,1
0,2,7519,CONDITION_FLAG,0
0,3,7541,CONDITION_FLAG,1
0,2,7546,CONDITION_FLAG,0
0,2,7547,CONDITION_FLAG,0
0,3,7553,CONDITION_FLAG,0
0,3,7554,CONDITION_FLAG,0
0,2,7579,CONDITION_FLAG,0
0,3,7585,CONDITION_FLAG,0
0,3,7590,CONDITION_FLAG,0
0,2,7591,CONDITION_FLAG,0
0,2,7617,CONDITION_FLAG,1
0,3,7617,CONDITION_FLAG,0
0,3,7618,CONDITION_FLAG,0
0,2,7629,CONDITION_FLAG,1
0,2,7630,CONDITION_FLAG,0
0,1,7645,CONDITION_FLAG,1
0,1,7650,CONDITION_FLAG,0
0,3,7650,CONDITION_FLAG,0
0,1,7659,CONDITION_FLAG,0
0,2,7661,CONDITION_FLAG,1
0,3,7662,CONDITION_FLAG,0
0,2,7666,CONDITION_FLAG,1
0,1,7668,CONDITION_FLAG,0
0,3,7688,CONDITION_FLAG,1
0,1,7689,CONDITION_FLAG,1
0,2,7693,CONDITION_FLAG,1
0,1,7694,CONDITION_FLAG,1
0,2,7694,CONDITION_FLAG,0
0,1,7698,CONDITION_FLAG,0
0,3,7700,CONDITION_FLAG,1
0,3,7701,CONDITION_FLAG,0
0,2,7726,CONDITION_FLAG,1
0,3,7732,CONDITION_FLAG,1
0,3,7737,CONDITION_FLAG,1
0,2,7738,CONDITION_FLAG,1
0,2,7764,CONDITION_FLAG,1
0,3,7764,CONDITION_FLAG,1
0,3,7765,CONDITION_FLAG,0
0,2,7776,CONDITION_FLAG,0
0,2,7777,CONDITION_FLAG,0
0,3,7797,CONDITION_FLAG,1
0,2,7808,CONDITION_FLAG,0
0,3,7809,CONDITION_FLAG,1
0,2,7813,CONDITION_FLAG,0
0,3,7835,CONDITION_FLAG,1
0,2,7840,CONDITION_FLAG,0
0,2,7841,CONDITION_FLAG,0
0,3,7847,CONDITION_FLAG,0
0,3,7848,CONDITION_FLAG,0
0,2,7873,CONDITION_FLAG,0
0,3,7879,CONDITION_FLAG,0
0,3,7884,CONDITION_FLAG,0
0,2,7885,CONDITION_FLAG,0
0,2,7911,CONDITION_FLAG,1
0,3,7911,CONDITION_FLAG,0
0,3,7912,CONDITION_FLAG,0
0,2,7923,CONDITION_FLAG,1
0,2,7924,CONDITION_FLAG,0
0,3,7944,CONDITION_FLAG,0
0,2,7955,CONDITION_FLAG,1
0,3,7956,CONDITION_FLAG,0
0,2,7960,CONDITION_FLAG,1
0,3,7982,CONDITION_FLAG,1
0,2,7987,CONDITION_FLAG,1
0,2,7988,CONDITION_FLAG,0
0,3,7994,CONDITION_FLAG,1
0,3,7995,CONDITION_FLAG,0
0,2,8020,CONDITION_FLAG,1
0,3,8026,CONDITION_FLAG,1
0,3,8031,CONDITION_FLAG,1
0,2,8032,CONDITION_FLAG,1
0,2,8058,CONDITION_FLAG,0
0,3,8058,CONDITION_FLAG,1
0,3,8059,CONDITION_FLAG,0
0,2,8068,CONDITION_FLAG,0
0,3,8091,CONDITION_FLAG,1
0,3,8103,CONDITION_FLAG,1
0,3,8129,CONDITION_FLAG,0
0,3,8139,CONDITION_FLAG,0
