Tick,Util,CoreId,CoreTypeId
3719,0.25,0,1
3719,0.5,0,1
3723,0.25,0,1
3723,0.0,0,1
4621,0.25,0,1
4622,0.0,0,1
4623,0.25,0,1
4624,0.0,0,1
4626,0.25,0,1
4627,0.0,0,1
7713,0.25,0,1
7714,0.25,0,1
7714,0.25,0,1
7715,0.0,0,1
8421,0.25,0,1
8422,0.0,0,1
4639,0.3333333333333333,0,2
4641,0.6666666666666666,0,2
4641,1.0,0,2
4646,0.6666666666666666,0,2
4646,0.3333333333333333,0,2
4649,0.3333333333333333,0,2
4649,0.3333333333333333,0,2
4659,0.0,0,2
6004,0.3333333333333333,0,2
6005,0.0,0,2
6006,0.3333333333333333,0,2
6007,0.0,0,2
6011,0.3333333333333333,0,2
6028,0.3333333333333333,0,2
6029,0.3333333333333333,0,2
6037,0.6666666666666666,0,2
6041,0.3333333333333333,0,2
6660,0.3333333333333333,0,2
6660,0.6666666666666666,0,2
6660,0.6666666666666666,0,2
6661,0.6666666666666666,0,2
6661,0.3333333333333333,0,2
6661,0.3333333333333333,0,2
6662,0.3333333333333333,0,2
6662,0.3333333333333333,0,2
6663,0.3333333333333333,0,2
6663,0.3333333333333333,0,2
6842,0.0,0,2
6843,0.3333333333333333,0,2
6844,0.0,0,2
6983,0.3333333333333333,0,2
6987,0.3333333333333333,0,2
6987,0.3333333333333333,0,2
7013,0.3333333333333333,0,2
7014,0.3333333333333333,0,2
7017,0.3333333333333333,0,2
7018,0.3333333333333333,0,2
7029,0.6666666666666666,0,2
7030,0.3333333333333333,0,2
7057,0.6666666666666666,0,2
7058,0.3333333333333333,0,2
7059,0.6666666666666666,0,2
7060,0.3333333333333333,0,2
7064,0.6666666666666666,0,2
7082,0.6666666666666666,0,2
7083,0.6666666666666666,0,2
7091,0.6666666666666666,0,2
7095,0.6666666666666666,0,2
7124,0.6666666666666666,0,2
7128,0.6666666666666666,0,2
7156,0.6666666666666666,0,2
7157,0.6666666666666666,0,2
7160,0.6666666666666666,0,2
7161,0.6666666666666666,0,2
7172,1.0,0,2
7173,0.6666666666666666,0,2
7229,0.6666666666666666,0,2
7230,0.6666666666666666,0,2
7238,0.6666666666666666,0,2
7242,0.6666666666666666,0,2
7271,0.6666666666666666,0,2
7275,0.6666666666666666,0,2
7303,0.6666666666666666,0,2
7304,0.6666666666666666,0,2
7307,0.6666666666666666,0,2
7308,0.6666666666666666,0,2
7319,1.0,0,2
7320,0.6666666666666666,0,2
7376,0.6666666666666666,0,2
7377,0.6666666666666666,0,2
7381,0.3333333333333333,0,2
7382,0.6666666666666666,0,2
7383,1.0,0,2
7383,1.0,0,2
7383,1.0,0,2
7384,1.0,0,2
7384,1.0,0,2
7384,1.0,0,2
7384,0.6666666666666666,0,2
7385,0.6666666666666666,0,2
7385,1.0,0,2
7385,1.0,0,2
7385,1.0,0,2
7386,1.0,0,2
7389,0.6666666666666666,0,2
7418,1.0,0,2
7422,0.6666666666666666,0,2
7450,1.0,0,2
7451,0.6666666666666666,0,2
7454,1.0,0,2
7455,0.6666666666666666,0,2
7466,0.6666666666666666,0,2
7467,0.6666666666666666,0,2
7516,0.6666666666666666,0,2
7516,0.6666666666666666,0,2
7517,0.3333333333333333,0,2
7523,0.3333333333333333,0,2
7524,0.3333333333333333,0,2
7532,0.6666666666666666,0,2
7536,0.3333333333333333,0,2
7565,0.6666666666666666,0,2
7569,0.3333333333333333,0,2
7597,0.6666666666666666,0,2
7598,0.3333333333333333,0,2
7601,0.6666666666666666,0,2
7602,0.3333333333333333,0,2
7613,0.6666666666666666,0,2
7614,0.3333333333333333,0,2
7652,0.3333333333333333,0,2
7652,0.6666666666666666,0,2
7652,0.6666666666666666,0,2
7653,0.6666666666666666,0,2
7653,0.6666666666666666,0,2
7653,0.6666666666666666,0,2
7653,0.6666666666666666,0,2
7654,0.6666666666666666,0,2
7654,0.6666666666666666,0,2
7654,0.6666666666666666,0,2
7655,0.6666666666666666,0,2
7655,0.6666666666666666,0,2
7670,0.6666666666666666,0,2
7671,0.6666666666666666,0,2
7679,0.6666666666666666,0,2
7683,0.6666666666666666,0,2
7711,0.6666666666666666,0,2
7712,0.6666666666666666,0,2
7716,0.6666666666666666,0,2
7744,0.6666666666666666,0,2
7745,0.6666666666666666,0,2
7748,0.6666666666666666,0,2
7749,0.6666666666666666,0,2
7749,0.6666666666666666,0,2
7749,0.6666666666666666,0,2
7749,0.6666666666666666,0,2
7750,0.3333333333333333,0,2
7750,0.3333333333333333,0,2
7751,0.3333333333333333,0,2
7752,0.3333333333333333,0,2
7760,0.6666666666666666,0,2
7761,0.3333333333333333,0,2
7817,0.6666666666666666,0,2
7818,0.3333333333333333,0,2
7826,0.3333333333333333,0,2
7830,0.3333333333333333,0,2
7834,0.3333333333333333,0,2
7835,0.3333333333333333,0,2
7836,0.3333333333333333,0,2
7838,0.3333333333333333,0,2
7859,0.3333333333333333,0,2
7863,0.3333333333333333,0,2
7871,0.3333333333333333,0,2
7872,0.3333333333333333,0,2
7873,0.6666666666666666,0,2
7873,0.6666666666666666,0,2
7873,0.6666666666666666,0,2
7874,1.0,0,2
7874,1.0,0,2
7874,1.0,0,2
7874,1.0,0,2
7874,1.0,0,2
7875,1.0,0,2
7875,1.0,0,2
7875,1.0,0,2
7875,1.0,0,2
7875,1.0,0,2
7876,1.0,0,2
7876,1.0,0,2
7891,1.0,0,2
7892,1.0,0,2
7895,1.0,0,2
7896,1.0,0,2
7901,1.0,0,2
7907,1.0,0,2
7908,1.0,0,2
7964,1.0,0,2
7965,1.0,0,2
7973,1.0,0,2
7977,1.0,0,2
8006,1.0,0,2
8010,1.0,0,2
8030,1.0,0,2
8031,1.0,0,2
8032,1.0,0,2
8038,1.0,0,2
8039,1.0,0,2
8042,1.0,0,2
8043,1.0,0,2
8054,1.0,0,2
8055,1.0,0,2
8067,0.6666666666666666,0,2
8068,1.0,0,2
8069,1.0,0,2
8069,1.0,0,2
8069,1.0,0,2
8070,1.0,0,2
8070,1.0,0,2
8070,0.6666666666666666,0,2
8071,0.6666666666666666,0,2
8071,0.6666666666666666,0,2
8072,0.6666666666666666,0,2
8227,0.6666666666666666,0,2
8227,0.6666666666666666,0,2
8228,0.6666666666666666,0,2
8228,0.6666666666666666,0,2
8229,0.6666666666666666,0,2
8231,0.6666666666666666,0,2
8231,0.6666666666666666,0,2
8232,0.3333333333333333,0,2
8486,0.3333333333333333,0,2
8486,0.6666666666666666,0,2
8486,0.6666666666666666,0,2
8487,0.6666666666666666,0,2
8487,0.6666666666666666,0,2
8487,0.6666666666666666,0,2
8487,0.6666666666666666,0,2
8488,0.6666666666666666,0,2
8488,0.6666666666666666,0,2
8488,0.6666666666666666,0,2
8488,0.6666666666666666,0,2
8488,0.6666666666666666,0,2
8489,0.6666666666666666,0,2
8489,0.3333333333333333,0,2
8489,0.3333333333333333,0,2
8490,0.3333333333333333,0,2
8491,0.3333333333333333,0,2
8492,0.3333333333333333,0,2
8493,0.3333333333333333,0,2
8545,0.3333333333333333,0,2
8668,0.3333333333333333,0,2
8669,0.3333333333333333,0,2
8670,0.3333333333333333,0,2
8672,0.3333333333333333,0,2
8705,0.3333333333333333,0,2
8706,0.3333333333333333,0,2
8707,0.6666666666666666,0,2
8707,0.6666666666666666,0,2
8707,0.6666666666666666,0,2
8708,1.0,0,2
8708,1.0,0,2
8708,1.0,0,2
8708,1.0,0,2
8708,1.0,0,2
8709,1.0,0,2
8709,1.0,0,2
8709,1.0,0,2
8709,1.0,0,2
8709,1.0,0,2
8710,1.0,0,2
8710,1.0,0,2
8735,1.0,0,2
8864,1.0,0,2
8865,1.0,0,2
8866,1.0,0,2
8901,0.6666666666666666,0,2
8902,1.0,0,2
8903,1.0,0,2
8903,1.0,0,2
8903,1.0,0,2
8904,1.0,0,2
8904,1.0,0,2
8904,0.6666666666666666,0,2
8905,0.6666666666666666,0,2
8905,0.6666666666666666,0,2
8906,0.6666666666666666,0,2
9040,0.6666666666666666,0,2
9040,0.6666666666666666,0,2
9041,0.6666666666666666,0,2
9041,0.6666666666666666,0,2
9042,0.6666666666666666,0,2
9067,0.6666666666666666,0,2
9067,0.6666666666666666,0,2
9068,0.3333333333333333,0,2
9301,0.3333333333333333,0,2
9301,0.6666666666666666,0,2
9301,0.6666666666666666,0,2
9302,0.6666666666666666,0,2
9302,0.6666666666666666,0,2
9302,0.6666666666666666,0,2
9302,0.6666666666666666,0,2
9303,0.6666666666666666,0,2
9303,0.6666666666666666,0,2
9303,0.6666666666666666,0,2
9303,0.6666666666666666,0,2
9303,0.6666666666666666,0,2
9304,0.6666666666666666,0,2
9304,0.3333333333333333,0,2
9304,0.3333333333333333,0,2
9305,0.3333333333333333,0,2
9306,0.3333333333333333,0,2
9307,0.3333333333333333,0,2
9308,0.3333333333333333,0,2
9360,0.3333333333333333,0,2
9483,0.3333333333333333,0,2
9484,0.3333333333333333,0,2
9485,0.3333333333333333,0,2
9487,0.3333333333333333,0,2
9520,0.3333333333333333,0,2
9521,0.3333333333333333,0,2
9522,0.6666666666666666,0,2
9522,0.6666666666666666,0,2
9522,0.6666666666666666,0,2
9523,1.0,0,2
9523,1.0,0,2
9523,1.0,0,2
9523,1.0,0,2
9523,1.0,0,2
9524,1.0,0,2
9524,1.0,0,2
9524,1.0,0,2
9524,1.0,0,2
9524,1.0,0,2
9525,1.0,0,2
9525,1.0,0,2
9550,1.0,0,2
9679,1.0,0,2
9680,1.0,0,2
9681,1.0,0,2
9716,0.6666666666666666,0,2
9717,1.0,0,2
9718,1.0,0,2
9718,1.0,0,2
9718,1.0,0,2
9719,1.0,0,2
9719,0.6666666666666666,0,2
9720,0.6666666666666666,0,2
9826,0.6666666666666666,0,2
9826,0.6666666666666666,0,2
9827,0.6666666666666666,0,2
9827,0.6666666666666666,0,2
9828,0.6666666666666666,0,2
9828,0.6666666666666666,0,2
9828,0.6666666666666666,0,2
9829,0.3333333333333333,0,2
10140,0.3333333333333333,0,2
10140,0.6666666666666666,0,2
10140,0.6666666666666666,0,2
10141,0.6666666666666666,0,2
10141,0.3333333333333333,0,2
10141,0.3333333333333333,0,2
10142,0.3333333333333333,0,2
10142,0.3333333333333333,0,2
10143,0.3333333333333333,0,2
10143,0.3333333333333333,0,2
10199,0.3333333333333333,0,2
10322,0.3333333333333333,0,2
10323,0.3333333333333333,0,2
10324,0.3333333333333333,0,2
10359,0.0,0,2
10360,0.3333333333333333,0,2
10361,0.6666666666666666,0,2
10361,0.6666666666666666,0,2
10361,0.6666666666666666,0,2
10362,0.6666666666666666,0,2
10362,0.6666666666666666,0,2
10362,0.3333333333333333,0,2
10363,0.3333333333333333,0,2
10363,0.3333333333333333,0,2
10700,0.3333333333333333,0,2
10700,0.3333333333333333,0,2
10701,0.0,0,2
4595,0.3333333333333333,0,3
4597,0.6666666666666666,0,3
4597,1.0,0,3
4602,0.6666666666666666,0,3
4602,0.3333333333333333,0,3
4605,0.3333333333333333,0,3
4605,0.3333333333333333,0,3
4615,0.0,0,3
6005,0.3333333333333333,0,3
6006,0.0,0,3
6007,0.3333333333333333,0,3
6008,0.0,0,3
6012,0.3333333333333333,0,3
6029,0.3333333333333333,0,3
6030,0.3333333333333333,0,3
6038,0.6666666666666666,0,3
6042,0.3333333333333333,0,3
6617,0.3333333333333333,0,3
6617,0.6666666666666666,0,3
6617,0.6666666666666666,0,3
6618,0.6666666666666666,0,3
6618,0.3333333333333333,0,3
6618,0.3333333333333333,0,3
6619,0.3333333333333333,0,3
6619,0.3333333333333333,0,3
6620,0.3333333333333333,0,3
6620,0.3333333333333333,0,3
6799,0.0,0,3
6800,0.3333333333333333,0,3
6801,0.0,0,3
7054,0.3333333333333333,0,3
7058,0.3333333333333333,0,3
7058,0.3333333333333333,0,3
7084,0.3333333333333333,0,3
7085,0.3333333333333333,0,3
7088,0.3333333333333333,0,3
7089,0.3333333333333333,0,3
7100,0.6666666666666666,0,3
7101,0.3333333333333333,0,3
7128,0.6666666666666666,0,3
7129,0.3333333333333333,0,3
7130,0.6666666666666666,0,3
7131,0.3333333333333333,0,3
7135,0.6666666666666666,0,3
7153,0.6666666666666666,0,3
7154,0.6666666666666666,0,3
7162,0.6666666666666666,0,3
7166,0.6666666666666666,0,3
7195,0.6666666666666666,0,3
7199,0.6666666666666666,0,3
7227,0.6666666666666666,0,3
7228,0.6666666666666666,0,3
7231,0.6666666666666666,0,3
7232,0.6666666666666666,0,3
7243,1.0,0,3
7244,0.6666666666666666,0,3
7300,0.6666666666666666,0,3
7301,0.6666666666666666,0,3
7309,0.6666666666666666,0,3
7313,0.6666666666666666,0,3
7342,0.6666666666666666,0,3
7346,0.6666666666666666,0,3
7374,0.6666666666666666,0,3
7375,0.6666666666666666,0,3
7378,0.6666666666666666,0,3
7379,0.6666666666666666,0,3
7390,1.0,0,3
7391,0.6666666666666666,0,3
7423,0.3333333333333333,0,3
7424,0.6666666666666666,0,3
7425,1.0,0,3
7425,1.0,0,3
7425,1.0,0,3
7426,1.0,0,3
7426,1.0,0,3
7426,1.0,0,3
7426,0.6666666666666666,0,3
7427,0.6666666666666666,0,3
7427,0.6666666666666666,0,3
7427,0.6666666666666666,0,3
7428,0.6666666666666666,0,3
7447,0.6666666666666666,0,3
7448,0.6666666666666666,0,3
7456,1.0,0,3
7460,0.6666666666666666,0,3
7489,1.0,0,3
7493,0.6666666666666666,0,3
7521,1.0,0,3
7522,0.6666666666666666,0,3
7525,1.0,0,3
7526,0.6666666666666666,0,3
7537,0.6666666666666666,0,3
7538,0.6666666666666666,0,3
7594,0.6666666666666666,0,3
7595,0.6666666666666666,0,3
7603,1.0,0,3
7607,0.6666666666666666,0,3
7636,1.0,0,3
7640,0.6666666666666666,0,3
7668,1.0,0,3
7669,0.6666666666666666,0,3
7672,1.0,0,3
7673,0.6666666666666666,0,3
7684,0.6666666666666666,0,3
7685,0.6666666666666666,0,3
7689,0.6666666666666666,0,3
7689,0.6666666666666666,0,3
7690,0.3333333333333333,0,3
7726,0.3333333333333333,0,3
7726,0.6666666666666666,0,3
7726,0.6666666666666666,0,3
7727,0.6666666666666666,0,3
7727,0.6666666666666666,0,3
7727,0.6666666666666666,0,3
7727,0.6666666666666666,0,3
7728,0.6666666666666666,0,3
7728,0.6666666666666666,0,3
7728,0.6666666666666666,0,3
7729,0.6666666666666666,0,3
7729,0.6666666666666666,0,3
7741,0.6666666666666666,0,3
7742,0.6666666666666666,0,3
7750,0.6666666666666666,0,3
7754,0.6666666666666666,0,3
7783,0.6666666666666666,0,3
7785,0.6666666666666666,0,3
7787,0.6666666666666666,0,3
7807,0.6666666666666666,0,3
7807,0.6666666666666666,0,3
7807,0.6666666666666666,0,3
7808,0.3333333333333333,0,3
7808,0.3333333333333333,0,3
7809,0.3333333333333333,0,3
7810,0.3333333333333333,0,3
7815,0.3333333333333333,0,3
7816,0.3333333333333333,0,3
7819,0.3333333333333333,0,3
7820,0.3333333333333333,0,3
7831,0.6666666666666666,0,3
7832,0.3333333333333333,0,3
7888,0.6666666666666666,0,3
7889,0.3333333333333333,0,3
7897,0.3333333333333333,0,3
7901,0.3333333333333333,0,3
7908,0.3333333333333333,0,3
7909,0.3333333333333333,0,3
7910,0.3333333333333333,0,3
7912,0.3333333333333333,0,3
7930,0.3333333333333333,0,3
7934,0.3333333333333333,0,3
7945,0.3333333333333333,0,3
7946,0.3333333333333333,0,3
7947,0.6666666666666666,0,3
7947,0.6666666666666666,0,3
7947,0.6666666666666666,0,3
7948,1.0,0,3
7948,1.0,0,3
7948,1.0,0,3
7948,1.0,0,3
7948,1.0,0,3
7949,1.0,0,3
7949,1.0,0,3
7949,1.0,0,3
7949,1.0,0,3
7949,1.0,0,3
7950,1.0,0,3
7950,1.0,0,3
7962,1.0,0,3
7963,1.0,0,3
7966,1.0,0,3
7967,1.0,0,3
7975,1.0,0,3
7978,1.0,0,3
7979,1.0,0,3
8035,1.0,0,3
8036,1.0,0,3
8044,1.0,0,3
8048,1.0,0,3
8077,1.0,0,3
8081,1.0,0,3
8104,1.0,0,3
8105,1.0,0,3
8106,1.0,0,3
8109,1.0,0,3
8110,1.0,0,3
8113,1.0,0,3
8114,1.0,0,3
8125,1.0,0,3
8126,1.0,0,3
8141,0.6666666666666666,0,3
8142,1.0,0,3
8143,1.0,0,3
8143,1.0,0,3
8143,1.0,0,3
8144,1.0,0,3
8144,1.0,0,3
8144,0.6666666666666666,0,3
8145,0.6666666666666666,0,3
8145,0.6666666666666666,0,3
8146,0.6666666666666666,0,3
8438,0.6666666666666666,0,3
8438,0.6666666666666666,0,3
8439,0.6666666666666666,0,3
8439,0.6666666666666666,0,3
8440,0.6666666666666666,0,3
8466,0.6666666666666666,0,3
8466,0.6666666666666666,0,3
8467,0.3333333333333333,0,3
8552,0.3333333333333333,0,3
8552,0.6666666666666666,0,3
8552,0.6666666666666666,0,3
8553,0.6666666666666666,0,3
8553,0.6666666666666666,0,3
8553,0.6666666666666666,0,3
8553,0.6666666666666666,0,3
8554,0.6666666666666666,0,3
8554,0.6666666666666666,0,3
8554,0.6666666666666666,0,3
8554,0.6666666666666666,0,3
8554,0.6666666666666666,0,3
8555,0.6666666666666666,0,3
8555,0.3333333333333333,0,3
8555,0.3333333333333333,0,3
8556,0.3333333333333333,0,3
8557,0.3333333333333333,0,3
8558,0.3333333333333333,0,3
8559,0.3333333333333333,0,3
8617,0.3333333333333333,0,3
8740,0.3333333333333333,0,3
8741,0.3333333333333333,0,3
8742,0.3333333333333333,0,3
8744,0.3333333333333333,0,3
8777,0.3333333333333333,0,3
8778,0.3333333333333333,0,3
8779,0.6666666666666666,0,3
8779,0.6666666666666666,0,3
8779,0.6666666666666666,0,3
8780,1.0,0,3
8780,1.0,0,3
8780,1.0,0,3
8780,1.0,0,3
8780,1.0,0,3
8781,1.0,0,3
8781,1.0,0,3
8781,1.0,0,3
8781,1.0,0,3
8781,1.0,0,3
8782,1.0,0,3
8782,1.0,0,3
8807,1.0,0,3
8936,1.0,0,3
8937,1.0,0,3
8938,1.0,0,3
8973,0.6666666666666666,0,3
8974,1.0,0,3
8975,1.0,0,3
8975,1.0,0,3
8975,1.0,0,3
8976,1.0,0,3
8976,1.0,0,3
8976,0.6666666666666666,0,3
8977,0.6666666666666666,0,3
8977,0.6666666666666666,0,3
8978,0.6666666666666666,0,3
9246,0.6666666666666666,0,3
9246,0.6666666666666666,0,3
9247,0.6666666666666666,0,3
9247,0.6666666666666666,0,3
9248,0.6666666666666666,0,3
9273,0.6666666666666666,0,3
9273,0.6666666666666666,0,3
9274,0.3333333333333333,0,3
9381,0.3333333333333333,0,3
9381,0.6666666666666666,0,3
9381,0.6666666666666666,0,3
9382,0.6666666666666666,0,3
9382,0.6666666666666666,0,3
9382,0.6666666666666666,0,3
9382,0.6666666666666666,0,3
9383,0.6666666666666666,0,3
9383,0.6666666666666666,0,3
9383,0.6666666666666666,0,3
9383,0.6666666666666666,0,3
9383,0.6666666666666666,0,3
9384,0.6666666666666666,0,3
9384,0.3333333333333333,0,3
9384,0.3333333333333333,0,3
9385,0.3333333333333333,0,3
9386,0.3333333333333333,0,3
9387,0.3333333333333333,0,3
9388,0.3333333333333333,0,3
9440,0.3333333333333333,0,3
9563,0.3333333333333333,0,3
9564,0.3333333333333333,0,3
9565,0.3333333333333333,0,3
9567,0.3333333333333333,0,3
9600,0.3333333333333333,0,3
9601,0.3333333333333333,0,3
9602,0.6666666666666666,0,3
9602,0.6666666666666666,0,3
9602,0.6666666666666666,0,3
9603,1.0,0,3
9603,1.0,0,3
9603,1.0,0,3
9603,1.0,0,3
9603,1.0,0,3
9604,1.0,0,3
9604,1.0,0,3
9604,1.0,0,3
9604,1.0,0,3
9604,1.0,0,3
9605,1.0,0,3
9605,1.0,0,3
9630,1.0,0,3
9759,1.0,0,3
9760,1.0,0,3
9761,1.0,0,3
9796,0.6666666666666666,0,3
9797,1.0,0,3
9798,1.0,0,3
9798,1.0,0,3
9798,1.0,0,3
9799,1.0,0,3
9799,0.6666666666666666,0,3
9800,0.6666666666666666,0,3
9987,0.6666666666666666,0,3
9987,0.6666666666666666,0,3
9988,0.6666666666666666,0,3
9988,0.6666666666666666,0,3
9989,0.6666666666666666,0,3
9989,0.6666666666666666,0,3
9989,0.6666666666666666,0,3
9990,0.3333333333333333,0,3
10208,0.3333333333333333,0,3
10208,0.6666666666666666,0,3
10208,0.6666666666666666,0,3
10209,0.6666666666666666,0,3
10209,0.3333333333333333,0,3
10209,0.3333333333333333,0,3
10210,0.3333333333333333,0,3
10210,0.3333333333333333,0,3
10211,0.3333333333333333,0,3
10211,0.3333333333333333,0,3
10271,0.3333333333333333,0,3
10394,0.3333333333333333,0,3
10395,0.3333333333333333,0,3
10396,0.3333333333333333,0,3
10431,0.0,0,3
10432,0.3333333333333333,0,3
10433,0.6666666666666666,0,3
10433,0.6666666666666666,0,3
10433,0.6666666666666666,0,3
10434,0.6666666666666666,0,3
10434,0.6666666666666666,0,3
10434,0.3333333333333333,0,3
10435,0.3333333333333333,0,3
10435,0.3333333333333333,0,3
10904,0.3333333333333333,0,3
10904,0.3333333333333333,0,3
10905,0.0,0,3
