ExecInstrId,ProcessedBytes,ProcessedElements,VectorUtilization
58823872089574,256,,100.0
58823872089578,256,,100.0
58823872089597,256,,100.0
58823872089604,256,,100.0
58823872089639,256,,100.0
58823872089644,256,,100.0
58823872089668,256,,100.0
58823872089673,256,,100.0
58823872089694,256,,100.0
58823872089699,256,,100.0
58823872091425,256,,100.0
58823872091434,256,,100.0
58823872092598,256,,100.0
58823872092602,256,,100.0
58823872092617,256,,100.0
58823872092634,256,,100.0
58823872092671,256,,100.0
58823872092676,256,,100.0
58823872092710,256,,100.0
58823872092719,256,,100.0
58823872092776,256,,100.0
58823872092793,256,,100.0
58823872092888,256,,100.0
58823872092893,256,,100.0
58823872093513,256,,100.0
58823872093526,256,,100.0
58823872093598,256,,100.0
58823872093608,256,,100.0
58823872093631,256,,100.0
58823872093641,256,,100.0
58823872093674,256,,100.0
58823872093687,256,,100.0
58823872093714,256,,100.0
58823872093720,256,,100.0
58823872093806,256,,100.0
58823872093815,256,,100.0
58823872094707,256,,100.0
58823872094711,256,,100.0
58823872094719,256,,100.0
58823872094724,256,,100.0
58823872094732,256,,100.0
58823872094737,256,,100.0
58823872094745,256,,100.0
58823872094750,256,,100.0
58823872094758,256,,100.0
58823872094763,256,,100.0
58823872094772,256,,100.0
58823872094777,256,,100.0
58823872095009,256,,100.0
58823872095014,256,,100.0
58823872095043,256,,100.0
58823872095049,256,,100.0
58823872095064,256,,100.0
58823872095070,256,,100.0
58823872095085,256,,100.0
58823872095091,256,,100.0
58823872095106,256,,100.0
58823872095112,256,,100.0
58823872095131,256,,100.0
58823872095136,256,,100.0
58823872095430,256,,100.0
58823872095434,256,,100.0
58823872095442,256,,100.0
58823872095447,256,,100.0
58823872095455,256,,100.0
58823872095460,256,,100.0
58823872095468,256,,100.0
58823872095473,256,,100.0
58823872095481,256,,100.0
58823872095486,256,,100.0
58823872095495,256,,100.0
58823872095500,256,,100.0
58823872095724,256,,100.0
58823872095729,256,,100.0
58823872095758,256,,100.0
58823872095764,256,,100.0
58823872095779,256,,100.0
58823872095785,256,,100.0
58823872095800,256,,100.0
58823872095806,256,,100.0
58823872095821,256,,100.0
58823872095827,256,,100.0
58823872095854,256,,100.0
58823872095859,256,,100.0
58823872096160,256,,100.0
58823872096164,256,,100.0
58823872096172,256,,100.0
58823872096177,256,,100.0
58823872096185,256,,100.0
58823872096190,256,,100.0
58823872096198,256,,100.0
58823872096203,256,,100.0
58823872096211,256,,100.0
58823872096216,256,,100.0
58823872096225,256,,100.0
58823872096230,256,,100.0
59098749996420,256,,100.0
59098749996428,256,,100.0
59098749996444,256,,100.0
59098749996449,256,,100.0
59098749996465,256,,100.0
59098749996473,256,,100.0
59098749996481,256,,100.0
59098749996486,256,,100.0
59098749996498,256,,100.0
59098749996507,256,,100.0
59098749998503,256,,100.0
59098749998511,256,,100.0
59098749999899,256,,100.0
59098749999904,256,,100.0
59098749999935,256,,100.0
59098749999945,256,,100.0
59098749999972,256,,100.0
59098749999978,256,,100.0
59098750000022,256,,100.0
59098750000032,256,,100.0
59098750000076,256,,100.0
59098750000090,256,,100.0
59098750000205,256,,100.0
59098750000215,256,,100.0
59098750000846,256,,100.0
59098750000859,256,,100.0
59098750000901,256,,100.0
59098750000907,256,,100.0
59098750000949,256,,100.0
59098750000955,256,,100.0
59098750000984,256,,100.0
59098750000998,256,,100.0
59098750001021,256,,100.0
59098750001027,256,,100.0
59098750001116,256,,100.0
59098750001126,256,,100.0
59098750001739,256,,100.0
59098750001744,256,,100.0
59098750001759,256,,100.0
59098750001765,256,,100.0
59098750001780,256,,100.0
59098750001786,256,,100.0
59098750001801,256,,100.0
59098750001807,256,,100.0
59098750001822,256,,100.0
59098750001828,256,,100.0
59098750001860,256,,100.0
59098750001866,256,,100.0
59098750002098,256,,100.0
59098750002103,256,,100.0
59098750002118,256,,100.0
59098750002124,256,,100.0
59098750002139,256,,100.0
59098750002145,256,,100.0
59098750002160,256,,100.0
59098750002166,256,,100.0
59098750002181,256,,100.0
59098750002187,256,,100.0
59098750002219,256,,100.0
59098750002225,256,,100.0
59098750002470,256,,100.0
59098750002475,256,,100.0
59098750002490,256,,100.0
59098750002496,256,,100.0
59098750002511,256,,100.0
59098750002517,256,,100.0
59098750002532,256,,100.0
59098750002538,256,,100.0
59098750002553,256,,100.0
59098750002559,256,,100.0
59098750002591,256,,100.0
59098750002597,256,,100.0
59098750002822,256,,100.0
59098750002827,256,,100.0
59098750002856,256,,100.0
59098750002862,256,,100.0
59098750002877,256,,100.0
59098750002883,256,,100.0
59098750002898,256,,100.0
59098750002904,256,,100.0
59098750002919,256,,100.0
59098750002925,256,,100.0
59098750002957,256,,100.0
59098750002963,256,,100.0
59098750003192,256,,100.0
59098750003197,256,,100.0
59098750003212,256,,100.0
59098750003218,256,,100.0
59098750003233,256,,100.0
59098750003239,256,,100.0
59098750003254,256,,100.0
59098750003260,256,,100.0
59098750003275,256,,100.0
59098750003281,256,,100.0
59098750003313,256,,100.0
59098750003319,256,,100.0
59923383717347,256,,100.0
59923383717351,256,,100.0
59923383717369,256,,100.0
59923383717376,256,,100.0
59923383717411,256,,100.0
59923383717412,256,,100.0
59923383717416,256,,100.0
59923383717417,256,,100.0
59923383717440,256,,100.0
59923383717445,256,,100.0
59923383717466,256,,100.0
59923383717467,256,,100.0
59923383717471,256,,100.0
59923383717472,256,,100.0
59923383719197,256,,100.0
59923383719198,256,,100.0
59923383719206,256,,100.0
59923383719207,256,,100.0
59923383720371,256,,100.0
59923383720375,256,,100.0
59923383720389,256,,100.0
59923383720406,256,,100.0
59923383720443,256,,100.0
59923383720444,256,,100.0
59923383720448,256,,100.0
59923383720449,256,,100.0
59923383720482,256,,100.0
59923383720491,256,,100.0
59923383720548,256,,100.0
59923383720549,256,,100.0
59923383720565,256,,100.0
59923383720566,256,,100.0
59923383720660,256,,100.0
59923383720661,256,,100.0
59923383720665,256,,100.0
59923383720666,256,,100.0
59923383721286,256,,100.0
59923383721299,256,,100.0
59923383721364,256,,100.0
59923383721380,256,,100.0
59923383721403,256,,100.0
59923383721404,256,,100.0
59923383721413,256,,100.0
59923383721414,256,,100.0
59923383721446,256,,100.0
59923383721459,256,,100.0
59923383721486,256,,100.0
59923383721487,256,,100.0
59923383721492,256,,100.0
59923383721493,256,,100.0
59923383721578,256,,100.0
59923383721579,256,,100.0
59923383721587,256,,100.0
59923383721588,256,,100.0
59923383722480,256,,100.0
59923383722484,256,,100.0
59923383722491,256,,100.0
59923383722496,256,,100.0
59923383722504,256,,100.0
59923383722505,256,,100.0
59923383722509,256,,100.0
59923383722510,256,,100.0
59923383722517,256,,100.0
59923383722522,256,,100.0
59923383722530,256,,100.0
59923383722531,256,,100.0
59923383722535,256,,100.0
59923383722536,256,,100.0
59923383722544,256,,100.0
59923383722545,256,,100.0
59923383722549,256,,100.0
59923383722550,256,,100.0
59923383722782,256,,100.0
59923383722787,256,,100.0
59923383722813,256,,100.0
59923383722821,256,,100.0
59923383722836,256,,100.0
59923383722837,256,,100.0
59923383722842,256,,100.0
59923383722843,256,,100.0
59923383722857,256,,100.0
59923383722863,256,,100.0
59923383722878,256,,100.0
59923383722879,256,,100.0
59923383722884,256,,100.0
59923383722885,256,,100.0
59923383722903,256,,100.0
59923383722904,256,,100.0
59923383722908,256,,100.0
59923383722909,256,,100.0
59923383723203,256,,100.0
59923383723207,256,,100.0
59923383723214,256,,100.0
59923383723219,256,,100.0
59923383723227,256,,100.0
59923383723228,256,,100.0
59923383723232,256,,100.0
59923383723233,256,,100.0
59923383723240,256,,100.0
59923383723245,256,,100.0
59923383723253,256,,100.0
59923383723254,256,,100.0
59923383723258,256,,100.0
59923383723259,256,,100.0
59923383723267,256,,100.0
59923383723268,256,,100.0
59923383723272,256,,100.0
59923383723273,256,,100.0
59923383723497,256,,100.0
59923383723502,256,,100.0
59923383723528,256,,100.0
59923383723536,256,,100.0
59923383723551,256,,100.0
59923383723552,256,,100.0
59923383723557,256,,100.0
59923383723558,256,,100.0
59923383723572,256,,100.0
59923383723578,256,,100.0
59923383723593,256,,100.0
59923383723594,256,,100.0
59923383723599,256,,100.0
59923383723600,256,,100.0
59923383723626,256,,100.0
59923383723627,256,,100.0
59923383723631,256,,100.0
59923383723632,256,,100.0
59923383723933,256,,100.0
59923383723937,256,,100.0
59923383723944,256,,100.0
59923383723949,256,,100.0
59923383723957,256,,100.0
59923383723958,256,,100.0
59923383723962,256,,100.0
59923383723963,256,,100.0
59923383723970,256,,100.0
59923383723975,256,,100.0
59923383723983,256,,100.0
59923383723984,256,,100.0
59923383723988,256,,100.0
59923383723989,256,,100.0
59923383723997,256,,100.0
59923383723998,256,,100.0
59923383724002,256,,100.0
59923383724003,256,,100.0
60198261624193,256,,100.0
60198261624201,256,,100.0
60198261624216,256,,100.0
60198261624221,256,,100.0
60198261624237,256,,100.0
60198261624238,256,,100.0
60198261624245,256,,100.0
60198261624246,256,,100.0
60198261624253,256,,100.0
60198261624258,256,,100.0
60198261624270,256,,100.0
60198261624271,256,,100.0
60198261624279,256,,100.0
60198261624280,256,,100.0
60198261626275,256,,100.0
60198261626276,256,,100.0
60198261626283,256,,100.0
60198261626284,256,,100.0
60198261627672,256,,100.0
60198261627677,256,,100.0
60198261627707,256,,100.0
60198261627717,256,,100.0
60198261627744,256,,100.0
60198261627745,256,,100.0
60198261627750,256,,100.0
60198261627751,256,,100.0
60198261627794,256,,100.0
60198261627804,256,,100.0
60198261627848,256,,100.0
60198261627849,256,,100.0
60198261627862,256,,100.0
60198261627863,256,,100.0
60198261627977,256,,100.0
60198261627978,256,,100.0
60198261627987,256,,100.0
60198261627988,256,,100.0
60198261628619,256,,100.0
60198261628632,256,,100.0
60198261628671,256,,100.0
60198261628679,256,,100.0
60198261628721,256,,100.0
60198261628722,256,,100.0
60198261628727,256,,100.0
60198261628728,256,,100.0
60198261628756,256,,100.0
60198261628770,256,,100.0
60198261628793,256,,100.0
60198261628794,256,,100.0
60198261628799,256,,100.0
60198261628800,256,,100.0
60198261628888,256,,100.0
60198261628889,256,,100.0
60198261628898,256,,100.0
60198261628899,256,,100.0
60198261629512,256,,100.0
60198261629517,256,,100.0
60198261629531,256,,100.0
60198261629537,256,,100.0
60198261629552,256,,100.0
60198261629553,256,,100.0
60198261629558,256,,100.0
60198261629559,256,,100.0
60198261629573,256,,100.0
60198261629579,256,,100.0
60198261629594,256,,100.0
60198261629595,256,,100.0
60198261629600,256,,100.0
60198261629601,256,,100.0
60198261629632,256,,100.0
60198261629633,256,,100.0
60198261629638,256,,100.0
60198261629639,256,,100.0
60198261629871,256,,100.0
60198261629876,256,,100.0
60198261629890,256,,100.0
60198261629896,256,,100.0
60198261629911,256,,100.0
60198261629912,256,,100.0
60198261629917,256,,100.0
60198261629918,256,,100.0
60198261629932,256,,100.0
60198261629938,256,,100.0
60198261629953,256,,100.0
60198261629954,256,,100.0
60198261629959,256,,100.0
60198261629960,256,,100.0
60198261629991,256,,100.0
60198261629992,256,,100.0
60198261629997,256,,100.0
60198261629998,256,,100.0
60198261630243,256,,100.0
60198261630248,256,,100.0
60198261630262,256,,100.0
60198261630268,256,,100.0
60198261630283,256,,100.0
60198261630284,256,,100.0
60198261630289,256,,100.0
60198261630290,256,,100.0
60198261630304,256,,100.0
60198261630310,256,,100.0
60198261630325,256,,100.0
60198261630326,256,,100.0
60198261630331,256,,100.0
60198261630332,256,,100.0
60198261630363,256,,100.0
60198261630364,256,,100.0
60198261630369,256,,100.0
60198261630370,256,,100.0
60198261630595,256,,100.0
60198261630600,256,,100.0
60198261630626,256,,100.0
60198261630634,256,,100.0
60198261630649,256,,100.0
60198261630650,256,,100.0
60198261630655,256,,100.0
60198261630656,256,,100.0
60198261630670,256,,100.0
60198261630676,256,,100.0
60198261630691,256,,100.0
60198261630692,256,,100.0
60198261630697,256,,100.0
60198261630698,256,,100.0
60198261630729,256,,100.0
60198261630730,256,,100.0
60198261630735,256,,100.0
60198261630736,256,,100.0
60198261630965,256,,100.0
60198261630970,256,,100.0
60198261630984,256,,100.0
60198261630990,256,,100.0
60198261631005,256,,100.0
60198261631006,256,,100.0
60198261631011,256,,100.0
60198261631012,256,,100.0
60198261631026,256,,100.0
60198261631032,256,,100.0
60198261631047,256,,100.0
60198261631048,256,,100.0
60198261631053,256,,100.0
60198261631054,256,,100.0
60198261631085,256,,100.0
60198261631086,256,,100.0
60198261631091,256,,100.0
60198261631092,256,,100.0
