ExecInstrId,WindowStartTick,ScalarIPC,ExecIPC,LdStIPC
57724360461793,6681,0.15789473684210525,0.15789473684210525,0.10526315789473684
57724360461803,6681,0.15789473684210525,0.15789473684210525,0.10526315789473684
59923383717347,6681,0.15789473684210525,0.15789473684210525,0.10526315789473684
55525337206244,6681,0.15789473684210525,0.15789473684210525,0.10526315789473684
59923383717351,6681,0.15789473684210525,0.15789473684210525,0.10526315789473684
55525337206248,6685,0.375,0.375,0.25
57724360461815,6686,0.13333333333333333,0.26666666666666666,0.13333333333333333
55525337206245,6687,0.0625,0.125,0.0625
57724360461833,6687,0.14285714285714285,0.2857142857142857,0.14285714285714285
55525337206249,6688,0.14285714285714285,0.35714285714285715,0.07142857142857142
59923383717369,6689,0.375,0.5,0.125
55525337206266,6692,0.13333333333333333,0.26666666666666666,0.13333333333333333
55525337206273,6693,0.13333333333333333,0.2,0.2
57724360461850,6693,0.25,0.375,0.375
58823872089574,6694,0.13333333333333333,0.2,0.2
58823872089578,6695,0.11764705882352941,0.17647058823529413,0.17647058823529413
57724360461869,6696,0.14285714285714285,0.21428571428571427,0.21428571428571427
55525337206309,6697,0.375,0.25,0.375
58823872089591,6698,0.2727272727272727,0.18181818181818182,0.2727272727272727
55525337206314,6699,0.15,0.1,0.15
57724360461886,6701,0.1875,0.1875,0.125
57724360461898,6703,0.13333333333333333,0.26666666666666666,0.13333333333333333
59923383717376,6703,0.046511627906976744,0.06976744186046512,0.06976744186046512
55525337206337,6704,0.3333333333333333,0.3333333333333333,0.2222222222222222
55525337206342,6705,0.15789473684210525,0.15789473684210525,0.10526315789473684
59923383717411,6709,0.13333333333333333,0.26666666666666666,0.13333333333333333
57724360461912,6710,0.2857142857142857,0.5714285714285714,0.2857142857142857
55525337206267,6711,0.14285714285714285,0.35714285714285715,0.07142857142857142
55525337206274,6712,0.13333333333333333,0.3333333333333333,0.06666666666666667
57724360461924,6712,0.13333333333333333,0.3333333333333333,0.06666666666666667
55525337206364,6713,0.14285714285714285,0.42857142857142855,0.0
55525337206268,6716,0.05555555555555555,0.3333333333333333,0.05555555555555555
55525337206275,6716,0.05263157894736842,0.2631578947368421,0.10526315789473684
55525337206369,6717,0.045454545454545456,0.18181818181818182,0.13636363636363635
58823872089597,6719,0.0,0.14285714285714285,0.14285714285714285
58823872089604,6720,0.0,0.1111111111111111,0.18518518518518517
58823872089626,6720,0.0,0.07142857142857142,0.21428571428571427
59923383717412,6721,0.0,0.02,0.14
59923383717416,6725,0.0,0.037037037037037035,0.25925925925925924
59923383717417,6726,0.0,0.07407407407407407,0.2222222222222222
59923383717440,6730,0.0,0.06896551724137931,0.20689655172413793
55525337206310,6737,0.0,0.08695652173913043,0.2608695652173913
55525337206315,6738,0.0,0.07692307692307693,0.23076923076923078
58823872089639,6738,0.0,0.06060606060606061,0.18181818181818182
58823872089644,6740,0.0,0.029850746268656716,0.08955223880597014
58823872089662,6744,0.0,0.075,0.125
59923383717445,6745,0.0,0.07692307692307693,0.1282051282051282
59923383717466,6750,0.0,0.07894736842105263,0.13157894736842105
55525337206338,6751,0.0,0.10810810810810811,0.10810810810810811
55525337206343,6755,0.0,0.1,0.1
55525337206339,6762,0.0,0.11764705882352941,0.11764705882352941
55525337206344,6764,0.0,0.1111111111111111,0.1111111111111111
58823872089668,6768,0.0,0.1,0.1
58823872089673,6768,0.0,0.075,0.125
58823872089688,6781,0.0,0.07142857142857142,0.21428571428571427
59923383717467,6781,0.0,0.04878048780487805,0.14634146341463414
59923383717471,6786,0.0,0.05405405405405406,0.16216216216216217
59923383717472,6787,0.0,0.047619047619047616,0.14285714285714285
55525337206365,6791,0.0,0.05128205128205128,0.15384615384615385
55525337206370,6798,0.0,0.05405405405405406,0.16216216216216217
58823872089694,6798,0.0,0.05405405405405406,0.16216216216216217
58823872089699,6798,0.0,0.05405405405405406,0.16216216216216217
58823872089700,6798,0.0,0.05405405405405406,0.16216216216216217
57724360463635,7342,0.25,0.25,0.5
59923383719197,7342,0.25,0.25,0.5
59923383719198,7342,0.25,0.25,0.5
55525337208095,7342,0.25,0.25,0.5
59923383719206,7342,0.25,0.25,0.5
59923383719207,7347,0.07142857142857142,0.21428571428571427,0.2857142857142857
55525337208104,7347,0.06666666666666667,0.26666666666666666,0.2
57724360463683,7348,0.05,0.2,0.15
55525337208096,7348,0.047619047619047616,0.14285714285714285,0.19047619047619047
55525337208105,7348,0.038461538461538464,0.11538461538461539,0.15384615384615385
58823872091425,7348,0.038461538461538464,0.11538461538461539,0.15384615384615385
58823872091434,7348,0.038461538461538464,0.11538461538461539,0.15384615384615385
58823872091459,7348,0.038461538461538464,0.11538461538461539,0.15384615384615385
57724360464817,7673,0.15789473684210525,0.15789473684210525,0.10526315789473684
57724360464827,7673,0.15789473684210525,0.15789473684210525,0.10526315789473684
59923383720371,7673,0.15789473684210525,0.15789473684210525,0.10526315789473684
55525337209268,7673,0.15789473684210525,0.15789473684210525,0.10526315789473684
59923383720375,7673,0.15789473684210525,0.15789473684210525,0.10526315789473684
55525337209272,7677,0.375,0.375,0.25
57724360464828,7678,0.13333333333333333,0.26666666666666666,0.13333333333333333
55525337209269,7679,0.0625,0.125,0.0625
57724360464867,7679,0.14285714285714285,0.2857142857142857,0.14285714285714285
55525337209273,7680,0.14285714285714285,0.35714285714285715,0.07142857142857142
59923383720389,7681,0.375,0.5,0.125
55525337209286,7684,0.13333333333333333,0.26666666666666666,0.13333333333333333
55525337209303,7685,0.13333333333333333,0.2,0.2
57724360464883,7685,0.25,0.375,0.375
58823872092598,7686,0.13333333333333333,0.2,0.2
58823872092602,7687,0.11764705882352941,0.17647058823529413,0.17647058823529413
57724360464901,7688,0.14285714285714285,0.21428571428571427,0.21428571428571427
55525337209341,7689,0.375,0.25,0.375
58823872092604,7690,0.2727272727272727,0.18181818181818182,0.2727272727272727
55525337209346,7691,0.15,0.1,0.15
57724360464919,7693,0.1875,0.1875,0.125
57724360464948,7695,0.13333333333333333,0.26666666666666666,0.13333333333333333
59923383720406,7695,0.046511627906976744,0.06976744186046512,0.06976744186046512
55525337209379,7696,0.3333333333333333,0.3333333333333333,0.2222222222222222
55525337209388,7697,0.15789473684210525,0.15789473684210525,0.10526315789473684
59923383720443,7701,0.13333333333333333,0.26666666666666666,0.13333333333333333
57724360464970,7702,0.2857142857142857,0.5714285714285714,0.2857142857142857
55525337209287,7703,0.14285714285714285,0.35714285714285715,0.07142857142857142
55525337209304,7704,0.13333333333333333,0.3333333333333333,0.06666666666666667
57724360465026,7704,0.13333333333333333,0.3333333333333333,0.06666666666666667
55525337209446,7705,0.14285714285714285,0.42857142857142855,0.0
55525337209288,7708,0.05555555555555555,0.3333333333333333,0.05555555555555555
55525337209305,7708,0.05263157894736842,0.2631578947368421,0.10526315789473684
55525337209463,7709,0.045454545454545456,0.18181818181818182,0.13636363636363635
58823872092617,7711,0.05555555555555555,0.2222222222222222,0.16666666666666666
58823872092634,7712,0.037037037037037035,0.1111111111111111,0.14814814814814814
58823872092659,7712,0.037037037037037035,0.07407407407407407,0.18518518518518517
57724360465106,7713,0.037037037037037035,0.037037037037037035,0.2222222222222222
59923383720444,7717,0.021739130434782608,0.0,0.15217391304347827
59923383720448,7718,0.038461538461538464,0.038461538461538464,0.23076923076923078
59923383720449,7722,0.043478260869565216,0.08695652173913043,0.21739130434782608
59923383720482,7729,0.045454545454545456,0.09090909090909091,0.22727272727272727
55525337209342,7729,0.0,0.08695652173913043,0.2608695652173913
55525337209347,7730,0.0,0.07692307692307693,0.23076923076923078
58823872092671,7730,0.0,0.06060606060606061,0.18181818181818182
58823872092676,7732,0.0,0.029850746268656716,0.08955223880597014
58823872092695,7736,0.0,0.075,0.125
59923383720491,7737,0.0,0.07692307692307693,0.1282051282051282
59923383720548,7742,0.0,0.07894736842105263,0.13157894736842105
55525337209380,7743,0.0,0.10810810810810811,0.10810810810810811
55525337209389,7747,0.0,0.1,0.1
55525337209381,7754,0.0,0.11764705882352941,0.11764705882352941
55525337209390,7756,0.0,0.1111111111111111,0.1111111111111111
58823872092710,7760,0.0,0.1,0.1
58823872092719,7760,0.0,0.075,0.125
58823872092746,7773,0.0,0.07142857142857142,0.21428571428571427
59923383720549,7773,0.0,0.04878048780487805,0.14634146341463414
59923383720565,7778,0.0,0.05405405405405406,0.16216216216216217
59923383720566,7779,0.0,0.047619047619047616,0.14285714285714285
55525337209447,7783,0.0,0.05128205128205128,0.15384615384615385
55525337209464,7790,0.0,0.05405405405405406,0.16216216216216217
58823872092776,7790,0.0,0.05405405405405406,0.16216216216216217
58823872092793,7790,0.0,0.05405405405405406,0.16216216216216217
58823872092802,7790,0.0,0.05405405405405406,0.16216216216216217
57724360465617,7798,0.021739130434782608,0.043478260869565216,0.10869565217391304
59923383720660,7812,0.02857142857142857,0.02857142857142857,0.17142857142857143
59923383720661,7813,0.02857142857142857,0.02857142857142857,0.17142857142857143
55525337209558,7818,0.037037037037037035,0.07407407407407407,0.18518518518518517
59923383720665,7835,0.0625,0.1875,0.25
59923383720666,7837,0.0,0.26666666666666666,0.26666666666666666
55525337209563,7837,0.0,0.19047619047619047,0.19047619047619047
55525337209559,7838,0.0,0.19047619047619047,0.19047619047619047
55525337209564,7838,0.0,0.11538461538461539,0.19230769230769232
58823872092888,7838,0.05555555555555555,0.16666666666666666,0.2222222222222222
58823872092893,7839,0.09523809523809523,0.14285714285714285,0.14285714285714285
58823872093393,7844,0.15,0.1,0.15
57724360465714,7844,0.15,0.1,0.15
57724360465756,7844,0.15,0.1,0.15
57724360465777,7844,0.15,0.1,0.15
59923383721286,7855,0.13793103448275862,0.034482758620689655,0.10344827586206896
57724360465838,7856,0.15384615384615385,0.07692307692307693,0.07692307692307693
55525337210183,7860,0.06382978723404255,0.0425531914893617,0.06382978723404255
59923383721299,7864,0.1,0.15,0.15
55525337210196,7874,0.4,0.6,0.6
59923383721364,7875,0.2,0.4,0.2
55525337210267,7875,0.07692307692307693,0.38461538461538464,0.15384615384615385
57724360465846,7875,0.07142857142857142,0.35714285714285715,0.14285714285714285
55525337210277,7876,0.2857142857142857,0.7142857142857143,0.14285714285714285
55525337210184,7877,0.14285714285714285,0.35714285714285715,0.07142857142857142
55525337210197,7878,0.14285714285714285,0.42857142857142855,0.0
57724360465871,7879,0.125,0.3125,0.0625
55525337210301,7879,0.25,0.625,0.125
55525337210311,7880,0.125,0.25,0.125
58823872093513,7881,0.3,0.3,0.2
57724360465882,7883,0.17647058823529413,0.11764705882352941,0.17647058823529413
58823872093526,7885,0.14285714285714285,0.21428571428571427,0.21428571428571427
57724360465917,7886,0.14285714285714285,0.21428571428571427,0.21428571428571427
58823872093553,7886,0.3333333333333333,0.2222222222222222,0.3333333333333333
55525337210343,7887,0.15,0.1,0.15
55525337210356,7887,0.25,0.16666666666666666,0.25
57724360465930,7891,0.06976744186046512,0.046511627906976744,0.06976744186046512
59923383721380,7891,0.125,0.1875,0.1875
57724360465946,7893,0.13333333333333333,0.26666666666666666,0.13333333333333333
59923383721403,7894,0.1111111111111111,0.2222222222222222,0.1111111111111111
55525337210384,7895,0.11764705882352941,0.23529411764705882,0.11764705882352941
55525337210390,7898,0.058823529411764705,0.29411764705882354,0.11764705882352941
55525337210268,7899,0.0625,0.375,0.0625
55525337210278,7900,0.0,0.2727272727272727,0.09090909090909091
55525337210269,7901,0.0,0.2727272727272727,0.09090909090909091
55525337210279,7902,0.0,0.2,0.12
58823872093598,7904,0.06666666666666667,0.26666666666666666,0.2
58823872093608,7904,0.03225806451612903,0.0967741935483871,0.12903225806451613
58823872093622,7908,0.037037037037037035,0.07407407407407407,0.18518518518518517
57724360466012,7908,0.03571428571428571,0.03571428571428571,0.21428571428571427
59923383721404,7913,0.021739130434782608,0.0,0.15217391304347827
59923383721413,7914,0.038461538461538464,0.038461538461538464,0.23076923076923078
59923383721414,7918,0.043478260869565216,0.08695652173913043,0.21739130434782608
59923383721446,7919,0.03571428571428571,0.07142857142857142,0.17857142857142858
55525337210302,7925,0.0,0.08695652173913043,0.2608695652173913
55525337210312,7926,0.0,0.07692307692307693,0.23076923076923078
58823872093631,7926,0.0,0.06060606060606061,0.18181818181818182
58823872093641,7928,0.0,0.029850746268656716,0.08955223880597014
58823872093658,7932,0.0,0.075,0.125
59923383721459,7933,0.0,0.07692307692307693,0.1282051282051282
59923383721486,7938,0.0,0.07894736842105263,0.13157894736842105
55525337210344,7939,0.0,0.10810810810810811,0.10810810810810811
55525337210357,7943,0.0,0.1,0.1
55525337210345,7950,0.0,0.11764705882352941,0.11764705882352941
55525337210358,7952,0.0,0.1111111111111111,0.1111111111111111
58823872093674,7956,0.0,0.1,0.1
58823872093687,7956,0.0,0.075,0.125
58823872093706,7969,0.0,0.07142857142857142,0.21428571428571427
59923383721487,7969,0.0,0.04878048780487805,0.14634146341463414
59923383721492,7974,0.0,0.05405405405405406,0.16216216216216217
59923383721493,7975,0.0,0.047619047619047616,0.14285714285714285
55525337210385,7979,0.0,0.05128205128205128,0.15384615384615385
55525337210391,7986,0.0,0.05405405405405406,0.16216216216216217
58823872093714,7986,0.0,0.05405405405405406,0.16216216216216217
58823872093720,7986,0.0,0.05405405405405406,0.16216216216216217
58823872093722,7986,0.0,0.05405405405405406,0.16216216216216217
57724360466606,7994,0.021739130434782608,0.043478260869565216,0.10869565217391304
59923383721578,8008,0.02857142857142857,0.02857142857142857,0.17142857142857143
59923383721579,8009,0.02857142857142857,0.02857142857142857,0.17142857142857143
55525337210476,8014,0.037037037037037035,0.07407407407407407,0.18518518518518517
59923383721587,8031,0.0625,0.1875,0.25
59923383721588,8033,0.0,0.26666666666666666,0.26666666666666666
55525337210485,8033,0.0,0.19047619047619047,0.19047619047619047
55525337210477,8034,0.0,0.19047619047619047,0.19047619047619047
55525337210486,8034,0.0,0.11538461538461539,0.19230769230769232
58823872093806,8034,0.0,0.11538461538461539,0.19230769230769232
58823872093815,8034,0.0,0.11538461538461539,0.19230769230769232
58823872094382,8034,0.0,0.11538461538461539,0.19230769230769232
57724360466926,8507,0.15789473684210525,0.15789473684210525,0.10526315789473684
57724360466936,8507,0.15789473684210525,0.15789473684210525,0.10526315789473684
59923383722480,8507,0.15789473684210525,0.15789473684210525,0.10526315789473684
55525337211377,8507,0.15789473684210525,0.15789473684210525,0.10526315789473684
59923383722484,8507,0.15789473684210525,0.15789473684210525,0.10526315789473684
55525337211381,8511,0.375,0.375,0.25
57724360466937,8512,0.13333333333333333,0.26666666666666666,0.13333333333333333
55525337211378,8513,0.0625,0.125,0.0625
57724360466949,8513,0.14285714285714285,0.2857142857142857,0.14285714285714285
55525337211382,8514,0.14285714285714285,0.35714285714285715,0.07142857142857142
59923383722491,8515,0.375,0.5,0.125
55525337211388,8518,0.13333333333333333,0.26666666666666666,0.13333333333333333
55525337211393,8519,0.13333333333333333,0.2,0.2
57724360466950,8519,0.25,0.375,0.375
58823872094707,8520,0.13333333333333333,0.2,0.2
58823872094711,8521,0.11764705882352941,0.17647058823529413,0.17647058823529413
57724360466962,8522,0.14285714285714285,0.21428571428571427,0.21428571428571427
55525337211402,8523,0.375,0.25,0.375
58823872094713,8524,0.2727272727272727,0.18181818181818182,0.2727272727272727
55525337211407,8525,0.15,0.1,0.15
57724360466963,8527,0.1875,0.1875,0.125
57724360466975,8529,0.13333333333333333,0.26666666666666666,0.13333333333333333
59923383722496,8529,0.046511627906976744,0.06976744186046512,0.06976744186046512
55525337211414,8530,0.3333333333333333,0.3333333333333333,0.2222222222222222
55525337211419,8531,0.15789473684210525,0.15789473684210525,0.10526315789473684
59923383722504,8535,0.13333333333333333,0.26666666666666666,0.13333333333333333
57724360466976,8536,0.2857142857142857,0.5714285714285714,0.2857142857142857
55525337211389,8537,0.14285714285714285,0.35714285714285715,0.07142857142857142
55525337211394,8538,0.13333333333333333,0.3333333333333333,0.06666666666666667
57724360466988,8538,0.13333333333333333,0.3333333333333333,0.06666666666666667
55525337211428,8539,0.14285714285714285,0.42857142857142855,0.0
55525337211390,8542,0.05555555555555555,0.3333333333333333,0.05555555555555555
55525337211395,8542,0.05263157894736842,0.2631578947368421,0.10526315789473684
55525337211433,8543,0.045454545454545456,0.18181818181818182,0.13636363636363635
58823872094719,8545,0.05555555555555555,0.2222222222222222,0.16666666666666666
58823872094724,8546,0.037037037037037035,0.1111111111111111,0.14814814814814814
58823872094726,8546,0.037037037037037035,0.07407407407407407,0.18518518518518517
57724360466990,8547,0.037037037037037035,0.037037037037037035,0.2222222222222222
59923383722505,8551,0.021739130434782608,0.0,0.15217391304347827
59923383722509,8552,0.038461538461538464,0.038461538461538464,0.23076923076923078
59923383722510,8556,0.043478260869565216,0.08695652173913043,0.21739130434782608
59923383722517,8563,0.045454545454545456,0.09090909090909091,0.22727272727272727
55525337211403,8563,0.0,0.08695652173913043,0.2608695652173913
55525337211408,8564,0.0,0.07692307692307693,0.23076923076923078
58823872094732,8564,0.0,0.06060606060606061,0.18181818181818182
58823872094737,8566,0.0,0.029850746268656716,0.08955223880597014
58823872094739,8570,0.0,0.075,0.125
59923383722522,8571,0.0,0.07692307692307693,0.1282051282051282
59923383722530,8576,0.0,0.07894736842105263,0.13157894736842105
55525337211415,8577,0.0,0.10810810810810811,0.10810810810810811
55525337211420,8581,0.0,0.1,0.1
55525337211416,8588,0.0,0.11764705882352941,0.11764705882352941
55525337211421,8590,0.0,0.1111111111111111,0.1111111111111111
58823872094745,8594,0.0,0.1,0.1
58823872094750,8594,0.0,0.075,0.125
58823872094752,8607,0.0,0.07142857142857142,0.21428571428571427
59923383722531,8607,0.0,0.04878048780487805,0.14634146341463414
59923383722535,8612,0.0,0.05405405405405406,0.16216216216216217
59923383722536,8613,0.0,0.047619047619047616,0.14285714285714285
55525337211429,8617,0.0,0.05128205128205128,0.15384615384615385
55525337211434,8624,0.0,0.05405405405405406,0.16216216216216217
58823872094758,8624,0.0,0.05405405405405406,0.16216216216216217
58823872094763,8624,0.0,0.05405405405405406,0.16216216216216217
58823872094764,8624,0.0,0.05405405405405406,0.16216216216216217
57724360467203,8632,0.021739130434782608,0.043478260869565216,0.10869565217391304
59923383722544,8646,0.02857142857142857,0.02857142857142857,0.17142857142857143
59923383722545,8647,0.02857142857142857,0.02857142857142857,0.17142857142857143
55525337211442,8652,0.037037037037037035,0.07407407407407407,0.18518518518518517
59923383722549,8669,0.0625,0.1875,0.25
59923383722550,8671,0.0,0.26666666666666666,0.26666666666666666
55525337211447,8671,0.0,0.19047619047619047,0.19047619047619047
55525337211443,8672,0.0,0.19047619047619047,0.19047619047619047
55525337211448,8672,0.0,0.11538461538461539,0.19230769230769232
58823872094772,8672,0.05555555555555555,0.16666666666666666,0.2222222222222222
58823872094777,8673,0.09523809523809523,0.14285714285714285,0.14285714285714285
58823872094979,8678,0.15,0.1,0.15
57724360467226,8678,0.15,0.1,0.15
57724360467240,8678,0.15,0.1,0.15
57724360467245,8678,0.15,0.1,0.15
59923383722782,8689,0.13793103448275862,0.034482758620689655,0.10344827586206896
57724360467275,8690,0.15384615384615385,0.07692307692307693,0.07692307692307693
55525337211679,8694,0.06382978723404255,0.0425531914893617,0.06382978723404255
59923383722787,8698,0.1,0.15,0.15
55525337211684,8708,0.4,0.6,0.6
59923383722813,8709,0.2,0.4,0.2
55525337211712,8709,0.07692307692307693,0.38461538461538464,0.15384615384615385
57724360467280,8709,0.07142857142857142,0.35714285714285715,0.14285714285714285
55525337211718,8710,0.2857142857142857,0.7142857142857143,0.14285714285714285
55525337211680,8711,0.14285714285714285,0.35714285714285715,0.07142857142857142
55525337211685,8712,0.14285714285714285,0.42857142857142855,0.0
57724360467296,8713,0.125,0.3125,0.0625
55525337211734,8713,0.25,0.625,0.125
55525337211740,8714,0.125,0.25,0.125
58823872095009,8715,0.3,0.3,0.2
57724360467301,8717,0.17647058823529413,0.11764705882352941,0.17647058823529413
58823872095014,8719,0.14285714285714285,0.21428571428571427,0.21428571428571427
57724360467317,8720,0.14285714285714285,0.21428571428571427,0.21428571428571427
58823872095021,8720,0.3333333333333333,0.2222222222222222,0.3333333333333333
55525337211754,8721,0.15,0.1,0.15
55525337211760,8721,0.25,0.16666666666666666,0.25
57724360467322,8725,0.06976744186046512,0.046511627906976744,0.06976744186046512
59923383722821,8725,0.125,0.1875,0.1875
57724360467338,8727,0.13333333333333333,0.26666666666666666,0.13333333333333333
59923383722836,8728,0.1111111111111111,0.2222222222222222,0.1111111111111111
55525337211776,8729,0.11764705882352941,0.23529411764705882,0.11764705882352941
55525337211782,8732,0.058823529411764705,0.29411764705882354,0.11764705882352941
55525337211713,8733,0.0625,0.375,0.0625
55525337211719,8734,0.0,0.2727272727272727,0.09090909090909091
55525337211714,8735,0.0,0.2727272727272727,0.09090909090909091
55525337211720,8736,0.0,0.2,0.12
58823872095043,8738,0.06666666666666667,0.26666666666666666,0.2
58823872095049,8738,0.03225806451612903,0.0967741935483871,0.12903225806451613
58823872095056,8742,0.037037037037037035,0.07407407407407407,0.18518518518518517
57724360467349,8742,0.03571428571428571,0.03571428571428571,0.21428571428571427
59923383722837,8747,0.021739130434782608,0.0,0.15217391304347827
59923383722842,8748,0.038461538461538464,0.038461538461538464,0.23076923076923078
59923383722843,8752,0.043478260869565216,0.08695652173913043,0.21739130434782608
59923383722857,8753,0.03571428571428571,0.07142857142857142,0.17857142857142858
55525337211735,8759,0.0,0.08695652173913043,0.2608695652173913
55525337211741,8760,0.0,0.07692307692307693,0.23076923076923078
58823872095064,8760,0.0,0.06060606060606061,0.18181818181818182
58823872095070,8762,0.0,0.029850746268656716,0.08955223880597014
58823872095077,8766,0.0,0.075,0.125
59923383722863,8767,0.0,0.07692307692307693,0.1282051282051282
59923383722878,8772,0.0,0.07894736842105263,0.13157894736842105
55525337211755,8773,0.0,0.10810810810810811,0.10810810810810811
55525337211761,8777,0.0,0.1,0.1
55525337211756,8784,0.0,0.11764705882352941,0.11764705882352941
55525337211762,8786,0.0,0.1111111111111111,0.1111111111111111
58823872095085,8790,0.0,0.1,0.1
58823872095091,8790,0.0,0.075,0.125
58823872095098,8803,0.0,0.07142857142857142,0.21428571428571427
59923383722879,8803,0.0,0.04878048780487805,0.14634146341463414
59923383722884,8808,0.0,0.05405405405405406,0.16216216216216217
59923383722885,8809,0.0,0.047619047619047616,0.14285714285714285
55525337211777,8813,0.0,0.05128205128205128,0.15384615384615385
55525337211783,8820,0.0,0.05405405405405406,0.16216216216216217
58823872095106,8820,0.0,0.05405405405405406,0.16216216216216217
58823872095112,8820,0.0,0.05405405405405406,0.16216216216216217
58823872095114,8820,0.0,0.05405405405405406,0.16216216216216217
57724360467574,8828,0.021739130434782608,0.043478260869565216,0.10869565217391304
59923383722903,8842,0.02857142857142857,0.02857142857142857,0.17142857142857143
59923383722904,8843,0.02857142857142857,0.02857142857142857,0.17142857142857143
55525337211801,8848,0.037037037037037035,0.07407407407407407,0.18518518518518517
59923383722908,8865,0.0625,0.1875,0.25
59923383722909,8867,0.0,0.26666666666666666,0.26666666666666666
55525337211806,8867,0.0,0.19047619047619047,0.19047619047619047
55525337211802,8868,0.0,0.19047619047619047,0.19047619047619047
55525337211807,8868,0.0,0.11538461538461539,0.19230769230769232
58823872095131,8868,0.0,0.11538461538461539,0.19230769230769232
58823872095136,8868,0.0,0.11538461538461539,0.19230769230769232
58823872095350,8868,0.0,0.11538461538461539,0.19230769230769232
57724360467649,9322,0.15789473684210525,0.15789473684210525,0.10526315789473684
57724360467659,9322,0.15789473684210525,0.15789473684210525,0.10526315789473684
59923383723203,9322,0.15789473684210525,0.15789473684210525,0.10526315789473684
55525337212100,9322,0.15789473684210525,0.15789473684210525,0.10526315789473684
59923383723207,9322,0.15789473684210525,0.15789473684210525,0.10526315789473684
55525337212104,9326,0.375,0.375,0.25
57724360467660,9327,0.13333333333333333,0.26666666666666666,0.13333333333333333
55525337212101,9328,0.0625,0.125,0.0625
57724360467672,9328,0.14285714285714285,0.2857142857142857,0.14285714285714285
55525337212105,9329,0.14285714285714285,0.35714285714285715,0.07142857142857142
59923383723214,9330,0.375,0.5,0.125
55525337212111,9333,0.13333333333333333,0.26666666666666666,0.13333333333333333
55525337212116,9334,0.13333333333333333,0.2,0.2
57724360467673,9334,0.25,0.375,0.375
58823872095430,9335,0.13333333333333333,0.2,0.2
58823872095434,9336,0.11764705882352941,0.17647058823529413,0.17647058823529413
57724360467685,9337,0.14285714285714285,0.21428571428571427,0.21428571428571427
55525337212125,9338,0.375,0.25,0.375
58823872095436,9339,0.2727272727272727,0.18181818181818182,0.2727272727272727
55525337212130,9340,0.15,0.1,0.15
57724360467686,9342,0.1875,0.1875,0.125
57724360467698,9344,0.13333333333333333,0.26666666666666666,0.13333333333333333
59923383723219,9344,0.046511627906976744,0.06976744186046512,0.06976744186046512
55525337212137,9345,0.3333333333333333,0.3333333333333333,0.2222222222222222
55525337212142,9346,0.15789473684210525,0.15789473684210525,0.10526315789473684
59923383723227,9350,0.13333333333333333,0.26666666666666666,0.13333333333333333
57724360467699,9351,0.2857142857142857,0.5714285714285714,0.2857142857142857
55525337212112,9352,0.14285714285714285,0.35714285714285715,0.07142857142857142
55525337212117,9353,0.13333333333333333,0.3333333333333333,0.06666666666666667
57724360467711,9353,0.13333333333333333,0.3333333333333333,0.06666666666666667
55525337212151,9354,0.14285714285714285,0.42857142857142855,0.0
55525337212113,9357,0.05555555555555555,0.3333333333333333,0.05555555555555555
55525337212118,9357,0.05263157894736842,0.2631578947368421,0.10526315789473684
55525337212156,9358,0.045454545454545456,0.18181818181818182,0.13636363636363635
58823872095442,9360,0.05555555555555555,0.2222222222222222,0.16666666666666666
58823872095447,9361,0.037037037037037035,0.1111111111111111,0.14814814814814814
58823872095449,9361,0.037037037037037035,0.07407407407407407,0.18518518518518517
57724360467713,9362,0.037037037037037035,0.037037037037037035,0.2222222222222222
59923383723228,9366,0.021739130434782608,0.0,0.15217391304347827
59923383723232,9367,0.038461538461538464,0.038461538461538464,0.23076923076923078
59923383723233,9371,0.043478260869565216,0.08695652173913043,0.21739130434782608
59923383723240,9378,0.045454545454545456,0.09090909090909091,0.22727272727272727
55525337212126,9378,0.0,0.08695652173913043,0.2608695652173913
55525337212131,9379,0.0,0.07692307692307693,0.23076923076923078
58823872095455,9379,0.0,0.06060606060606061,0.18181818181818182
58823872095460,9381,0.0,0.029850746268656716,0.08955223880597014
58823872095462,9385,0.0,0.075,0.125
59923383723245,9386,0.0,0.07692307692307693,0.1282051282051282
59923383723253,9391,0.0,0.07894736842105263,0.13157894736842105
55525337212138,9392,0.0,0.10810810810810811,0.10810810810810811
55525337212143,9396,0.0,0.1,0.1
55525337212139,9403,0.0,0.11764705882352941,0.11764705882352941
55525337212144,9405,0.0,0.1111111111111111,0.1111111111111111
58823872095468,9409,0.0,0.1,0.1
58823872095473,9409,0.0,0.075,0.125
58823872095475,9422,0.0,0.07142857142857142,0.21428571428571427
59923383723254,9422,0.0,0.04878048780487805,0.14634146341463414
59923383723258,9427,0.0,0.05405405405405406,0.16216216216216217
59923383723259,9428,0.0,0.047619047619047616,0.14285714285714285
55525337212152,9432,0.0,0.05128205128205128,0.15384615384615385
55525337212157,9439,0.0,0.05405405405405406,0.16216216216216217
58823872095481,9439,0.0,0.05405405405405406,0.16216216216216217
58823872095486,9439,0.0,0.05405405405405406,0.16216216216216217
58823872095487,9439,0.0,0.05405405405405406,0.16216216216216217
57724360467918,9447,0.021739130434782608,0.043478260869565216,0.10869565217391304
59923383723267,9461,0.02857142857142857,0.02857142857142857,0.17142857142857143
59923383723268,9462,0.02857142857142857,0.02857142857142857,0.17142857142857143
55525337212165,9467,0.037037037037037035,0.07407407407407407,0.18518518518518517
59923383723272,9484,0.0625,0.1875,0.25
59923383723273,9486,0.0,0.26666666666666666,0.26666666666666666
55525337212170,9486,0.0,0.19047619047619047,0.19047619047619047
55525337212166,9487,0.0,0.19047619047619047,0.19047619047619047
55525337212171,9487,0.0,0.11538461538461539,0.19230769230769232
58823872095495,9487,0.05555555555555555,0.16666666666666666,0.2222222222222222
58823872095500,9488,0.09523809523809523,0.14285714285714285,0.14285714285714285
58823872095694,9493,0.15,0.1,0.15
57724360467941,9493,0.15,0.1,0.15
57724360467955,9493,0.15,0.1,0.15
57724360467960,9493,0.15,0.1,0.15
59923383723497,9504,0.13793103448275862,0.034482758620689655,0.10344827586206896
57724360467990,9505,0.15384615384615385,0.07692307692307693,0.07692307692307693
55525337212394,9509,0.06382978723404255,0.0425531914893617,0.06382978723404255
59923383723502,9513,0.1,0.15,0.15
55525337212399,9523,0.4,0.6,0.6
59923383723528,9524,0.2,0.4,0.2
55525337212427,9524,0.07692307692307693,0.38461538461538464,0.15384615384615385
57724360467995,9524,0.07142857142857142,0.35714285714285715,0.14285714285714285
55525337212433,9525,0.2857142857142857,0.7142857142857143,0.14285714285714285
55525337212395,9526,0.14285714285714285,0.35714285714285715,0.07142857142857142
55525337212400,9527,0.14285714285714285,0.42857142857142855,0.0
57724360468011,9528,0.125,0.3125,0.0625
55525337212449,9528,0.25,0.625,0.125
55525337212455,9529,0.125,0.25,0.125
58823872095724,9530,0.3,0.3,0.2
57724360468016,9532,0.17647058823529413,0.11764705882352941,0.17647058823529413
58823872095729,9534,0.14285714285714285,0.21428571428571427,0.21428571428571427
57724360468032,9535,0.14285714285714285,0.21428571428571427,0.21428571428571427
58823872095736,9535,0.3333333333333333,0.2222222222222222,0.3333333333333333
55525337212469,9536,0.15,0.1,0.15
55525337212475,9536,0.25,0.16666666666666666,0.25
57724360468037,9540,0.06976744186046512,0.046511627906976744,0.06976744186046512
59923383723536,9540,0.125,0.1875,0.1875
57724360468053,9542,0.13333333333333333,0.26666666666666666,0.13333333333333333
59923383723551,9543,0.1111111111111111,0.2222222222222222,0.1111111111111111
55525337212491,9544,0.11764705882352941,0.23529411764705882,0.11764705882352941
55525337212497,9547,0.058823529411764705,0.29411764705882354,0.11764705882352941
55525337212428,9548,0.0625,0.375,0.0625
55525337212434,9549,0.0,0.2727272727272727,0.09090909090909091
55525337212429,9550,0.0,0.2727272727272727,0.09090909090909091
55525337212435,9551,0.0,0.2,0.12
58823872095758,9553,0.06666666666666667,0.26666666666666666,0.2
58823872095764,9553,0.03225806451612903,0.0967741935483871,0.12903225806451613
58823872095771,9557,0.037037037037037035,0.07407407407407407,0.18518518518518517
57724360468072,9557,0.03571428571428571,0.03571428571428571,0.21428571428571427
59923383723552,9562,0.021739130434782608,0.0,0.15217391304347827
59923383723557,9563,0.038461538461538464,0.038461538461538464,0.23076923076923078
59923383723558,9567,0.043478260869565216,0.08695652173913043,0.21739130434782608
59923383723572,9568,0.03571428571428571,0.07142857142857142,0.17857142857142858
55525337212450,9574,0.0,0.08695652173913043,0.2608695652173913
55525337212456,9575,0.0,0.07692307692307693,0.23076923076923078
58823872095779,9575,0.0,0.06060606060606061,0.18181818181818182
58823872095785,9577,0.0,0.029850746268656716,0.08955223880597014
58823872095792,9581,0.0,0.075,0.125
59923383723578,9582,0.0,0.07692307692307693,0.1282051282051282
59923383723593,9587,0.0,0.07894736842105263,0.13157894736842105
55525337212470,9588,0.0,0.10810810810810811,0.10810810810810811
55525337212476,9592,0.0,0.1,0.1
55525337212471,9599,0.0,0.11764705882352941,0.11764705882352941
55525337212477,9601,0.0,0.1111111111111111,0.1111111111111111
58823872095800,9605,0.0,0.1,0.1
58823872095806,9605,0.0,0.075,0.125
58823872095813,9618,0.0,0.07142857142857142,0.21428571428571427
59923383723594,9618,0.0,0.04878048780487805,0.14634146341463414
59923383723599,9623,0.0,0.05405405405405406,0.16216216216216217
59923383723600,9624,0.0,0.047619047619047616,0.14285714285714285
55525337212492,9628,0.0,0.05128205128205128,0.15384615384615385
55525337212498,9635,0.0,0.05405405405405406,0.16216216216216217
58823872095821,9635,0.0,0.05405405405405406,0.16216216216216217
58823872095827,9635,0.0,0.05405405405405406,0.16216216216216217
58823872095829,9635,0.0,0.05405405405405406,0.16216216216216217
57724360468296,9643,0.021739130434782608,0.043478260869565216,0.10869565217391304
59923383723626,9657,0.02857142857142857,0.02857142857142857,0.17142857142857143
59923383723627,9658,0.02857142857142857,0.02857142857142857,0.17142857142857143
55525337212524,9663,0.037037037037037035,0.07407407407407407,0.18518518518518517
59923383723631,9680,0.0625,0.1875,0.25
59923383723632,9682,0.0,0.26666666666666666,0.26666666666666666
55525337212529,9682,0.0,0.19047619047619047,0.19047619047619047
55525337212525,9683,0.0,0.19047619047619047,0.19047619047619047
55525337212530,9683,0.0,0.11538461538461539,0.19230769230769232
58823872095854,9683,0.0,0.11538461538461539,0.19230769230769232
58823872095859,9683,0.0,0.11538461538461539,0.19230769230769232
58823872096072,9683,0.0,0.11538461538461539,0.19230769230769232
57724360468379,10161,0.15789473684210525,0.15789473684210525,0.10526315789473684
57724360468389,10161,0.15789473684210525,0.15789473684210525,0.10526315789473684
59923383723933,10161,0.15789473684210525,0.15789473684210525,0.10526315789473684
55525337212830,10161,0.15789473684210525,0.15789473684210525,0.10526315789473684
59923383723937,10161,0.15789473684210525,0.15789473684210525,0.10526315789473684
55525337212834,10165,0.375,0.375,0.25
57724360468390,10166,0.13333333333333333,0.26666666666666666,0.13333333333333333
55525337212831,10167,0.0625,0.125,0.0625
57724360468402,10167,0.14285714285714285,0.2857142857142857,0.14285714285714285
55525337212835,10168,0.14285714285714285,0.35714285714285715,0.07142857142857142
59923383723944,10169,0.375,0.5,0.125
55525337212841,10172,0.13333333333333333,0.26666666666666666,0.13333333333333333
55525337212846,10173,0.13333333333333333,0.2,0.2
57724360468403,10173,0.25,0.375,0.375
58823872096160,10174,0.13333333333333333,0.2,0.2
58823872096164,10175,0.11764705882352941,0.17647058823529413,0.17647058823529413
57724360468415,10176,0.14285714285714285,0.21428571428571427,0.21428571428571427
55525337212855,10177,0.375,0.25,0.375
58823872096166,10178,0.2727272727272727,0.18181818181818182,0.2727272727272727
55525337212860,10179,0.15,0.1,0.15
57724360468416,10181,0.1875,0.1875,0.125
57724360468428,10183,0.13333333333333333,0.26666666666666666,0.13333333333333333
59923383723949,10183,0.046511627906976744,0.06976744186046512,0.06976744186046512
55525337212867,10184,0.3333333333333333,0.3333333333333333,0.2222222222222222
55525337212872,10185,0.15789473684210525,0.15789473684210525,0.10526315789473684
59923383723957,10189,0.13333333333333333,0.26666666666666666,0.13333333333333333
57724360468429,10190,0.2857142857142857,0.5714285714285714,0.2857142857142857
55525337212842,10191,0.14285714285714285,0.35714285714285715,0.07142857142857142
55525337212847,10192,0.13333333333333333,0.3333333333333333,0.06666666666666667
57724360468441,10192,0.13333333333333333,0.3333333333333333,0.06666666666666667
55525337212881,10193,0.14285714285714285,0.42857142857142855,0.0
55525337212843,10196,0.05555555555555555,0.3333333333333333,0.05555555555555555
55525337212848,10196,0.05263157894736842,0.2631578947368421,0.10526315789473684
55525337212886,10197,0.045454545454545456,0.18181818181818182,0.13636363636363635
58823872096172,10199,0.05555555555555555,0.2222222222222222,0.16666666666666666
58823872096177,10200,0.037037037037037035,0.1111111111111111,0.14814814814814814
58823872096179,10200,0.037037037037037035,0.07407407407407407,0.18518518518518517
57724360468443,10201,0.037037037037037035,0.037037037037037035,0.2222222222222222
59923383723958,10205,0.021739130434782608,0.0,0.15217391304347827
59923383723962,10206,0.038461538461538464,0.038461538461538464,0.23076923076923078
59923383723963,10210,0.043478260869565216,0.08695652173913043,0.21739130434782608
59923383723970,10217,0.045454545454545456,0.09090909090909091,0.22727272727272727
55525337212856,10217,0.0,0.08695652173913043,0.2608695652173913
55525337212861,10218,0.0,0.07692307692307693,0.23076923076923078
58823872096185,10218,0.0,0.06060606060606061,0.18181818181818182
58823872096190,10220,0.0,0.029850746268656716,0.08955223880597014
58823872096192,10224,0.0,0.075,0.125
59923383723975,10225,0.0,0.07692307692307693,0.1282051282051282
59923383723983,10230,0.0,0.07894736842105263,0.13157894736842105
55525337212868,10231,0.0,0.10810810810810811,0.10810810810810811
55525337212873,10235,0.0,0.1,0.1
55525337212869,10242,0.0,0.11764705882352941,0.11764705882352941
55525337212874,10244,0.0,0.1111111111111111,0.1111111111111111
58823872096198,10248,0.0,0.1,0.1
58823872096203,10248,0.0,0.075,0.125
58823872096205,10261,0.0,0.07142857142857142,0.21428571428571427
59923383723984,10261,0.0,0.04878048780487805,0.14634146341463414
59923383723988,10266,0.0,0.05405405405405406,0.16216216216216217
59923383723989,10267,0.0,0.047619047619047616,0.14285714285714285
55525337212882,10271,0.0,0.05128205128205128,0.15384615384615385
55525337212887,10278,0.0,0.05405405405405406,0.16216216216216217
58823872096211,10278,0.0,0.05405405405405406,0.16216216216216217
58823872096216,10278,0.0,0.05405405405405406,0.16216216216216217
58823872096217,10278,0.0,0.05405405405405406,0.16216216216216217
57724360468656,10286,0.021739130434782608,0.043478260869565216,0.10869565217391304
59923383723997,10300,0.02857142857142857,0.02857142857142857,0.17142857142857143
59923383723998,10301,0.02857142857142857,0.02857142857142857,0.17142857142857143
55525337212895,10306,0.037037037037037035,0.07407407407407407,0.18518518518518517
59923383724002,10323,0.0625,0.1875,0.25
59923383724003,10325,0.0,0.26666666666666666,0.26666666666666666
55525337212900,10325,0.0,0.19047619047619047,0.19047619047619047
55525337212896,10326,0.0,0.19047619047619047,0.19047619047619047
55525337212901,10326,0.0,0.11538461538461539,0.19230769230769232
58823872096225,10326,0.0,0.11538461538461539,0.19230769230769232
58823872096230,10326,0.0,0.11538461538461539,0.19230769230769232
58823872096432,10326,0.0,0.11538461538461539,0.19230769230769232
57999238368639,6638,0.15789473684210525,0.15789473684210525,0.10526315789473684
57999238368657,6638,0.15789473684210525,0.15789473684210525,0.10526315789473684
60198261624193,6638,0.15789473684210525,0.15789473684210525,0.10526315789473684
55800215113090,6638,0.15789473684210525,0.15789473684210525,0.10526315789473684
60198261624201,6638,0.15789473684210525,0.15789473684210525,0.10526315789473684
55800215113098,6642,0.375,0.375,0.25
57999238368662,6643,0.13333333333333333,0.26666666666666666,0.13333333333333333
55800215113091,6644,0.0625,0.125,0.0625
57999238368674,6644,0.14285714285714285,0.2857142857142857,0.14285714285714285
55800215113099,6645,0.14285714285714285,0.35714285714285715,0.07142857142857142
60198261624216,6646,0.375,0.5,0.125
55800215113113,6649,0.13333333333333333,0.26666666666666666,0.13333333333333333
55800215113118,6650,0.13333333333333333,0.2,0.2
57999238368675,6650,0.25,0.375,0.375
59098749996420,6651,0.13333333333333333,0.2,0.2
59098749996428,6652,0.11764705882352941,0.17647058823529413,0.17647058823529413
57999238368698,6653,0.14285714285714285,0.21428571428571427,0.21428571428571427
55800215113135,6654,0.375,0.25,0.375
59098749996438,6655,0.2727272727272727,0.18181818181818182,0.2727272727272727
55800215113143,6656,0.15,0.1,0.15
57999238368699,6658,0.1875,0.1875,0.125
57999238368711,6660,0.13333333333333333,0.26666666666666666,0.13333333333333333
60198261624221,6660,0.046511627906976744,0.06976744186046512,0.06976744186046512
55800215113150,6661,0.3333333333333333,0.3333333333333333,0.2222222222222222
55800215113155,6662,0.15789473684210525,0.15789473684210525,0.10526315789473684
60198261624237,6666,0.13333333333333333,0.26666666666666666,0.13333333333333333
57999238368712,6667,0.2857142857142857,0.5714285714285714,0.2857142857142857
55800215113114,6668,0.14285714285714285,0.35714285714285715,0.07142857142857142
55800215113119,6669,0.13333333333333333,0.3333333333333333,0.06666666666666667
57999238368735,6669,0.13333333333333333,0.3333333333333333,0.06666666666666667
55800215113168,6670,0.14285714285714285,0.42857142857142855,0.0
55800215113115,6673,0.05555555555555555,0.3333333333333333,0.05555555555555555
55800215113120,6673,0.05263157894736842,0.2631578947368421,0.10526315789473684
55800215113177,6674,0.045454545454545456,0.18181818181818182,0.13636363636363635
59098749996444,6676,0.0,0.14285714285714285,0.14285714285714285
59098749996449,6677,0.0,0.1111111111111111,0.18518518518518517
59098749996451,6677,0.0,0.07142857142857142,0.21428571428571427
60198261624238,6678,0.0,0.02,0.14
60198261624245,6682,0.0,0.037037037037037035,0.25925925925925924
60198261624246,6683,0.0,0.07407407407407407,0.2222222222222222
60198261624253,6687,0.0,0.06896551724137931,0.20689655172413793
55800215113136,6694,0.0,0.08695652173913043,0.2608695652173913
55800215113144,6695,0.0,0.07692307692307693,0.23076923076923078
59098749996465,6695,0.0,0.06060606060606061,0.18181818181818182
59098749996473,6697,0.0,0.029850746268656716,0.08955223880597014
59098749996475,6701,0.0,0.075,0.125
60198261624258,6702,0.0,0.07692307692307693,0.1282051282051282
60198261624270,6707,0.0,0.07894736842105263,0.13157894736842105
55800215113151,6708,0.0,0.10810810810810811,0.10810810810810811
55800215113156,6712,0.0,0.1,0.1
55800215113152,6719,0.0,0.11764705882352941,0.11764705882352941
55800215113157,6721,0.0,0.1111111111111111,0.1111111111111111
59098749996481,6725,0.0,0.1,0.1
59098749996486,6725,0.0,0.075,0.125
59098749996488,6738,0.0,0.07142857142857142,0.21428571428571427
60198261624271,6738,0.0,0.04878048780487805,0.14634146341463414
60198261624279,6743,0.0,0.05405405405405406,0.16216216216216217
60198261624280,6744,0.0,0.047619047619047616,0.14285714285714285
55800215113169,6748,0.0,0.05128205128205128,0.15384615384615385
55800215113178,6755,0.0,0.05405405405405406,0.16216216216216217
59098749996498,6755,0.0,0.05405405405405406,0.16216216216216217
59098749996507,6755,0.0,0.05405405405405406,0.16216216216216217
59098749996511,6755,0.0,0.05405405405405406,0.16216216216216217
57999238370711,7384,0.25,0.25,0.5
60198261626275,7384,0.25,0.25,0.5
60198261626276,7384,0.25,0.25,0.5
55800215115173,7384,0.25,0.25,0.5
60198261626283,7384,0.25,0.25,0.5
60198261626284,7389,0.07142857142857142,0.21428571428571427,0.2857142857142857
55800215115181,7389,0.06666666666666667,0.26666666666666666,0.2
57999238370761,7390,0.05,0.2,0.15
55800215115174,7390,0.047619047619047616,0.14285714285714285,0.19047619047619047
55800215115182,7390,0.038461538461538464,0.11538461538461539,0.15384615384615385
59098749998503,7390,0.038461538461538464,0.11538461538461539,0.15384615384615385
59098749998511,7390,0.038461538461538464,0.11538461538461539,0.15384615384615385
59098749998537,7390,0.038461538461538464,0.11538461538461539,0.15384615384615385
57999238372116,7747,0.15789473684210525,0.15789473684210525,0.10526315789473684
57999238372130,7747,0.15789473684210525,0.15789473684210525,0.10526315789473684
60198261627672,7747,0.15789473684210525,0.15789473684210525,0.10526315789473684
55800215116569,7747,0.15789473684210525,0.15789473684210525,0.10526315789473684
60198261627677,7747,0.15789473684210525,0.15789473684210525,0.10526315789473684
55800215116574,7751,0.375,0.375,0.25
57999238372143,7752,0.13333333333333333,0.26666666666666666,0.13333333333333333
55800215116570,7753,0.0625,0.125,0.0625
57999238372171,7753,0.14285714285714285,0.2857142857142857,0.14285714285714285
55800215116575,7754,0.14285714285714285,0.35714285714285715,0.07142857142857142
60198261627707,7755,0.375,0.5,0.125
55800215116604,7758,0.13333333333333333,0.26666666666666666,0.13333333333333333
55800215116614,7759,0.13333333333333333,0.2,0.2
57999238372188,7759,0.25,0.375,0.375
59098749999899,7760,0.13333333333333333,0.2,0.2
59098749999904,7761,0.11764705882352941,0.17647058823529413,0.17647058823529413
57999238372204,7762,0.14285714285714285,0.21428571428571427,0.21428571428571427
55800215116642,7763,0.375,0.25,0.375
59098749999919,7764,0.2727272727272727,0.18181818181818182,0.2727272727272727
55800215116648,7765,0.15,0.1,0.15
57999238372222,7767,0.1875,0.1875,0.125
57999238372262,7769,0.13333333333333333,0.26666666666666666,0.13333333333333333
60198261627717,7769,0.046511627906976744,0.06976744186046512,0.06976744186046512
55800215116691,7770,0.3333333333333333,0.3333333333333333,0.2222222222222222
55800215116701,7771,0.15789473684210525,0.15789473684210525,0.10526315789473684
60198261627744,7775,0.13333333333333333,0.26666666666666666,0.13333333333333333
57999238372283,7776,0.2857142857142857,0.5714285714285714,0.2857142857142857
55800215116605,7777,0.14285714285714285,0.35714285714285715,0.07142857142857142
55800215116615,7778,0.13333333333333333,0.3333333333333333,0.06666666666666667
57999238372324,7778,0.13333333333333333,0.3333333333333333,0.06666666666666667
55800215116746,7779,0.14285714285714285,0.42857142857142855,0.0
55800215116606,7782,0.05555555555555555,0.3333333333333333,0.05555555555555555
55800215116616,7782,0.05263157894736842,0.2631578947368421,0.10526315789473684
55800215116760,7783,0.045454545454545456,0.18181818181818182,0.13636363636363635
59098749999935,7785,0.05555555555555555,0.2222222222222222,0.16666666666666666
59098749999945,7786,0.037037037037037035,0.1111111111111111,0.14814814814814814
59098749999964,7786,0.037037037037037035,0.07407407407407407,0.18518518518518517
57999238372413,7787,0.037037037037037035,0.037037037037037035,0.2222222222222222
60198261627745,7791,0.021739130434782608,0.0,0.15217391304347827
60198261627750,7792,0.038461538461538464,0.038461538461538464,0.23076923076923078
60198261627751,7796,0.043478260869565216,0.08695652173913043,0.21739130434782608
60198261627794,7803,0.045454545454545456,0.09090909090909091,0.22727272727272727
55800215116643,7803,0.0,0.08695652173913043,0.2608695652173913
55800215116649,7804,0.0,0.07692307692307693,0.23076923076923078
59098749999972,7804,0.0,0.06060606060606061,0.18181818181818182
59098749999978,7806,0.0,0.029850746268656716,0.08955223880597014
59098749999998,7810,0.0,0.075,0.125
60198261627804,7811,0.0,0.07692307692307693,0.1282051282051282
60198261627848,7816,0.0,0.07894736842105263,0.13157894736842105
55800215116692,7817,0.0,0.10810810810810811,0.10810810810810811
55800215116702,7821,0.0,0.1,0.1
55800215116693,7828,0.0,0.11764705882352941,0.11764705882352941
55800215116703,7830,0.0,0.1111111111111111,0.1111111111111111
59098750000022,7834,0.0,0.1,0.1
59098750000032,7834,0.0,0.075,0.125
59098750000059,7847,0.0,0.07142857142857142,0.21428571428571427
60198261627849,7847,0.0,0.04878048780487805,0.14634146341463414
60198261627862,7852,0.0,0.05405405405405406,0.16216216216216217
60198261627863,7853,0.0,0.047619047619047616,0.14285714285714285
55800215116747,7857,0.0,0.05128205128205128,0.15384615384615385
55800215116761,7864,0.0,0.05405405405405406,0.16216216216216217
59098750000076,7864,0.0,0.05405405405405406,0.16216216216216217
59098750000090,7864,0.0,0.05405405405405406,0.16216216216216217
59098750000100,7864,0.0,0.05405405405405406,0.16216216216216217
57999238372933,7872,0.021739130434782608,0.043478260869565216,0.10869565217391304
60198261627977,7886,0.02857142857142857,0.02857142857142857,0.17142857142857143
60198261627978,7887,0.02857142857142857,0.02857142857142857,0.17142857142857143
55800215116875,7892,0.037037037037037035,0.07407407407407407,0.18518518518518517
60198261627987,7909,0.0625,0.1875,0.25
60198261627988,7911,0.0,0.26666666666666666,0.26666666666666666
55800215116885,7911,0.0,0.19047619047619047,0.19047619047619047
55800215116876,7912,0.0,0.19047619047619047,0.19047619047619047
55800215116886,7912,0.0,0.11538461538461539,0.19230769230769232
59098750000205,7912,0.043478260869565216,0.13043478260869565,0.17391304347826086
59098750000215,7913,0.07692307692307693,0.11538461538461539,0.11538461538461539
59098750000709,7918,0.12,0.08,0.12
57999238373055,7918,0.12,0.08,0.12
57999238373093,7918,0.12,0.08,0.12
57999238373113,7918,0.12,0.08,0.12
60198261628619,7929,0.13793103448275862,0.034482758620689655,0.10344827586206896
57999238373137,7935,0.19047619047619047,0.09523809523809523,0.09523809523809523
55800215117516,7939,0.07142857142857142,0.047619047619047616,0.07142857142857142
60198261628632,7943,0.13333333333333333,0.2,0.2
55800215117529,7948,0.4,0.6,0.6
60198261628671,7949,0.2,0.4,0.2
55800215117570,7949,0.07692307692307693,0.38461538461538464,0.15384615384615385
57999238373158,7949,0.07142857142857142,0.35714285714285715,0.14285714285714285
55800215117576,7950,0.2857142857142857,0.7142857142857143,0.14285714285714285
55800215117517,7951,0.14285714285714285,0.35714285714285715,0.07142857142857142
55800215117530,7952,0.14285714285714285,0.42857142857142855,0.0
57999238373181,7953,0.125,0.3125,0.0625
55800215117619,7953,0.25,0.625,0.125
55800215117625,7954,0.125,0.25,0.125
59098750000846,7955,0.3,0.3,0.2
57999238373189,7957,0.17647058823529413,0.11764705882352941,0.17647058823529413
59098750000859,7959,0.14285714285714285,0.21428571428571427,0.21428571428571427
57999238373228,7960,0.14285714285714285,0.21428571428571427,0.21428571428571427
59098750000889,7960,0.3333333333333333,0.2222222222222222,0.3333333333333333
55800215117653,7961,0.15,0.1,0.15
55800215117667,7961,0.25,0.16666666666666666,0.25
57999238373237,7965,0.06976744186046512,0.046511627906976744,0.06976744186046512
60198261628679,7965,0.125,0.1875,0.1875
57999238373253,7967,0.13333333333333333,0.26666666666666666,0.13333333333333333
60198261628721,7968,0.1111111111111111,0.2222222222222222,0.1111111111111111
55800215117691,7969,0.11764705882352941,0.23529411764705882,0.11764705882352941
55800215117697,7972,0.058823529411764705,0.29411764705882354,0.11764705882352941
55800215117571,7973,0.0625,0.375,0.0625
55800215117577,7974,0.0,0.2727272727272727,0.09090909090909091
55800215117572,7975,0.0,0.2727272727272727,0.09090909090909091
55800215117578,7976,0.0,0.2,0.12
59098750000901,7978,0.06666666666666667,0.26666666666666666,0.2
59098750000907,7978,0.03225806451612903,0.0967741935483871,0.12903225806451613
59098750000934,7982,0.037037037037037035,0.07407407407407407,0.18518518518518517
57999238373324,7982,0.03571428571428571,0.03571428571428571,0.21428571428571427
60198261628722,7987,0.021739130434782608,0.0,0.15217391304347827
60198261628727,7988,0.038461538461538464,0.038461538461538464,0.23076923076923078
60198261628728,7992,0.043478260869565216,0.08695652173913043,0.21739130434782608
60198261628756,7993,0.03571428571428571,0.07142857142857142,0.17857142857142858
55800215117620,7999,0.0,0.08695652173913043,0.2608695652173913
55800215117626,8000,0.0,0.07692307692307693,0.23076923076923078
59098750000949,8000,0.0,0.06060606060606061,0.18181818181818182
59098750000955,8002,0.0,0.029850746268656716,0.08955223880597014
59098750000965,8006,0.0,0.075,0.125
60198261628770,8007,0.0,0.07692307692307693,0.1282051282051282
60198261628793,8012,0.0,0.07894736842105263,0.13157894736842105
55800215117654,8013,0.0,0.10810810810810811,0.10810810810810811
55800215117668,8017,0.0,0.1,0.1
55800215117655,8024,0.0,0.11764705882352941,0.11764705882352941
55800215117669,8026,0.0,0.1111111111111111,0.1111111111111111
59098750000984,8030,0.0,0.1,0.1
59098750000998,8030,0.0,0.075,0.125
59098750001013,8043,0.0,0.07142857142857142,0.21428571428571427
60198261628794,8043,0.0,0.04878048780487805,0.14634146341463414
60198261628799,8048,0.0,0.05405405405405406,0.16216216216216217
60198261628800,8049,0.0,0.047619047619047616,0.14285714285714285
55800215117692,8053,0.0,0.05128205128205128,0.15384615384615385
55800215117698,8060,0.0,0.05405405405405406,0.16216216216216217
59098750001021,8060,0.0,0.05405405405405406,0.16216216216216217
59098750001027,8060,0.0,0.05405405405405406,0.16216216216216217
59098750001029,8060,0.0,0.05405405405405406,0.16216216216216217
57999238373799,8068,0.021739130434782608,0.043478260869565216,0.10869565217391304
60198261628888,8082,0.02857142857142857,0.02857142857142857,0.17142857142857143
60198261628889,8083,0.02857142857142857,0.02857142857142857,0.17142857142857143
55800215117786,8088,0.037037037037037035,0.07407407407407407,0.18518518518518517
60198261628898,8105,0.0625,0.1875,0.25
60198261628899,8107,0.0,0.26666666666666666,0.26666666666666666
55800215117796,8107,0.0,0.19047619047619047,0.19047619047619047
55800215117787,8108,0.0,0.19047619047619047,0.19047619047619047
55800215117797,8108,0.0,0.11538461538461539,0.19230769230769232
59098750001116,8108,0.0,0.11538461538461539,0.19230769230769232
59098750001126,8108,0.0,0.11538461538461539,0.19230769230769232
59098750001575,8108,0.0,0.11538461538461539,0.19230769230769232
57999238373956,8579,0.15789473684210525,0.15789473684210525,0.10526315789473684
57999238373970,8579,0.15789473684210525,0.15789473684210525,0.10526315789473684
60198261629512,8579,0.15789473684210525,0.15789473684210525,0.10526315789473684
55800215118409,8579,0.15789473684210525,0.15789473684210525,0.10526315789473684
60198261629517,8579,0.15789473684210525,0.15789473684210525,0.10526315789473684
55800215118414,8583,0.375,0.375,0.25
57999238373975,8584,0.13333333333333333,0.26666666666666666,0.13333333333333333
55800215118410,8585,0.0625,0.125,0.0625
57999238373991,8585,0.14285714285714285,0.2857142857142857,0.14285714285714285
55800215118415,8586,0.14285714285714285,0.35714285714285715,0.07142857142857142
60198261629531,8587,0.375,0.5,0.125
55800215118428,8590,0.13333333333333333,0.26666666666666666,0.13333333333333333
55800215118434,8591,0.13333333333333333,0.2,0.2
57999238373996,8591,0.25,0.375,0.375
59098750001739,8592,0.13333333333333333,0.2,0.2
59098750001744,8593,0.11764705882352941,0.17647058823529413,0.17647058823529413
57999238374012,8594,0.14285714285714285,0.21428571428571427,0.21428571428571427
55800215118450,8595,0.375,0.25,0.375
59098750001751,8596,0.2727272727272727,0.18181818181818182,0.2727272727272727
55800215118456,8597,0.15,0.1,0.15
57999238374017,8599,0.1875,0.1875,0.125
57999238374033,8601,0.13333333333333333,0.26666666666666666,0.13333333333333333
60198261629537,8601,0.046511627906976744,0.06976744186046512,0.06976744186046512
55800215118470,8602,0.3333333333333333,0.3333333333333333,0.2222222222222222
55800215118476,8603,0.15789473684210525,0.15789473684210525,0.10526315789473684
60198261629552,8607,0.13333333333333333,0.26666666666666666,0.13333333333333333
57999238374038,8608,0.2857142857142857,0.5714285714285714,0.2857142857142857
55800215118429,8609,0.14285714285714285,0.35714285714285715,0.07142857142857142
55800215118435,8610,0.13333333333333333,0.3333333333333333,0.06666666666666667
57999238374054,8610,0.13333333333333333,0.3333333333333333,0.06666666666666667
55800215118492,8611,0.14285714285714285,0.42857142857142855,0.0
55800215118430,8614,0.05555555555555555,0.3333333333333333,0.05555555555555555
55800215118436,8614,0.05263157894736842,0.2631578947368421,0.10526315789473684
55800215118498,8615,0.045454545454545456,0.18181818181818182,0.13636363636363635
59098750001759,8617,0.05555555555555555,0.2222222222222222,0.16666666666666666
59098750001765,8618,0.037037037037037035,0.1111111111111111,0.14814814814814814
59098750001772,8618,0.037037037037037035,0.07407407407407407,0.18518518518518517
57999238374076,8619,0.037037037037037035,0.037037037037037035,0.2222222222222222
60198261629553,8623,0.021739130434782608,0.0,0.15217391304347827
60198261629558,8624,0.038461538461538464,0.038461538461538464,0.23076923076923078
60198261629559,8628,0.043478260869565216,0.08695652173913043,0.21739130434782608
60198261629573,8635,0.045454545454545456,0.09090909090909091,0.22727272727272727
55800215118451,8635,0.0,0.08695652173913043,0.2608695652173913
55800215118457,8636,0.0,0.07692307692307693,0.23076923076923078
59098750001780,8636,0.0,0.06060606060606061,0.18181818181818182
59098750001786,8638,0.0,0.029850746268656716,0.08955223880597014
59098750001793,8642,0.0,0.075,0.125
60198261629579,8643,0.0,0.07692307692307693,0.1282051282051282
60198261629594,8648,0.0,0.07894736842105263,0.13157894736842105
55800215118471,8649,0.0,0.10810810810810811,0.10810810810810811
55800215118477,8653,0.0,0.1,0.1
55800215118472,8660,0.0,0.11764705882352941,0.11764705882352941
55800215118478,8662,0.0,0.1111111111111111,0.1111111111111111
59098750001801,8666,0.0,0.1,0.1
59098750001807,8666,0.0,0.075,0.125
59098750001814,8679,0.0,0.07142857142857142,0.21428571428571427
60198261629595,8679,0.0,0.04878048780487805,0.14634146341463414
60198261629600,8684,0.0,0.05405405405405406,0.16216216216216217
60198261629601,8685,0.0,0.047619047619047616,0.14285714285714285
55800215118493,8689,0.0,0.05128205128205128,0.15384615384615385
55800215118499,8696,0.0,0.05405405405405406,0.16216216216216217
59098750001822,8696,0.0,0.05405405405405406,0.16216216216216217
59098750001828,8696,0.0,0.05405405405405406,0.16216216216216217
59098750001830,8696,0.0,0.05405405405405406,0.16216216216216217
57999238374291,8704,0.021739130434782608,0.043478260869565216,0.10869565217391304
60198261629632,8718,0.02857142857142857,0.02857142857142857,0.17142857142857143
60198261629633,8719,0.02857142857142857,0.02857142857142857,0.17142857142857143
55800215118530,8724,0.037037037037037035,0.07407407407407407,0.18518518518518517
60198261629638,8741,0.0625,0.1875,0.25
60198261629639,8743,0.0,0.26666666666666666,0.26666666666666666
55800215118536,8743,0.0,0.19047619047619047,0.19047619047619047
55800215118531,8744,0.0,0.19047619047619047,0.19047619047619047
55800215118537,8744,0.0,0.11538461538461539,0.19230769230769232
59098750001860,8744,0.04,0.12,0.16
59098750001866,8745,0.07142857142857142,0.10714285714285714,0.10714285714285714
59098750002067,8750,0.1111111111111111,0.07407407407407407,0.1111111111111111
57999238374315,8750,0.1111111111111111,0.07407407407407407,0.1111111111111111
57999238374329,8750,0.1111111111111111,0.07407407407407407,0.1111111111111111
57999238374334,8750,0.1111111111111111,0.07407407407407407,0.1111111111111111
60198261629871,8761,0.13793103448275862,0.034482758620689655,0.10344827586206896
57999238374350,8769,0.21052631578947367,0.10526315789473684,0.10526315789473684
55800215118768,8773,0.075,0.05,0.075
60198261629876,8777,0.15384615384615385,0.23076923076923078,0.23076923076923078
55800215118773,8780,0.4,0.6,0.6
60198261629890,8781,0.2,0.4,0.2
55800215118787,8781,0.07692307692307693,0.38461538461538464,0.15384615384615385
57999238374355,8781,0.07142857142857142,0.35714285714285715,0.14285714285714285
55800215118793,8782,0.2857142857142857,0.7142857142857143,0.14285714285714285
55800215118769,8783,0.14285714285714285,0.35714285714285715,0.07142857142857142
55800215118774,8784,0.14285714285714285,0.42857142857142855,0.0
57999238374371,8785,0.125,0.3125,0.0625
55800215118809,8785,0.25,0.625,0.125
55800215118815,8786,0.125,0.25,0.125
59098750002098,8787,0.3,0.3,0.2
57999238374376,8789,0.17647058823529413,0.11764705882352941,0.17647058823529413
59098750002103,8791,0.14285714285714285,0.21428571428571427,0.21428571428571427
57999238374392,8792,0.14285714285714285,0.21428571428571427,0.21428571428571427
59098750002110,8792,0.3333333333333333,0.2222222222222222,0.3333333333333333
55800215118829,8793,0.15,0.1,0.15
55800215118835,8793,0.25,0.16666666666666666,0.25
57999238374397,8797,0.06976744186046512,0.046511627906976744,0.06976744186046512
60198261629896,8797,0.125,0.1875,0.1875
57999238374413,8799,0.13333333333333333,0.26666666666666666,0.13333333333333333
60198261629911,8800,0.1111111111111111,0.2222222222222222,0.1111111111111111
55800215118851,8801,0.11764705882352941,0.23529411764705882,0.11764705882352941
55800215118857,8804,0.058823529411764705,0.29411764705882354,0.11764705882352941
55800215118788,8805,0.0625,0.375,0.0625
55800215118794,8806,0.0,0.2727272727272727,0.09090909090909091
55800215118789,8807,0.0,0.2727272727272727,0.09090909090909091
55800215118795,8808,0.0,0.2,0.12
59098750002118,8810,0.06666666666666667,0.26666666666666666,0.2
59098750002124,8810,0.03225806451612903,0.0967741935483871,0.12903225806451613
59098750002131,8814,0.037037037037037035,0.07407407407407407,0.18518518518518517
57999238374435,8814,0.03571428571428571,0.03571428571428571,0.21428571428571427
60198261629912,8819,0.021739130434782608,0.0,0.15217391304347827
60198261629917,8820,0.038461538461538464,0.038461538461538464,0.23076923076923078
60198261629918,8824,0.043478260869565216,0.08695652173913043,0.21739130434782608
60198261629932,8825,0.03571428571428571,0.07142857142857142,0.17857142857142858
55800215118810,8831,0.0,0.08695652173913043,0.2608695652173913
55800215118816,8832,0.0,0.07692307692307693,0.23076923076923078
59098750002139,8832,0.0,0.06060606060606061,0.18181818181818182
59098750002145,8834,0.0,0.029850746268656716,0.08955223880597014
59098750002152,8838,0.0,0.075,0.125
60198261629938,8839,0.0,0.07692307692307693,0.1282051282051282
60198261629953,8844,0.0,0.07894736842105263,0.13157894736842105
55800215118830,8845,0.0,0.10810810810810811,0.10810810810810811
55800215118836,8849,0.0,0.1,0.1
55800215118831,8856,0.0,0.11764705882352941,0.11764705882352941
55800215118837,8858,0.0,0.1111111111111111,0.1111111111111111
59098750002160,8862,0.0,0.1,0.1
59098750002166,8862,0.0,0.075,0.125
59098750002173,8875,0.0,0.07142857142857142,0.21428571428571427
60198261629954,8875,0.0,0.04878048780487805,0.14634146341463414
60198261629959,8880,0.0,0.05405405405405406,0.16216216216216217
60198261629960,8881,0.0,0.047619047619047616,0.14285714285714285
55800215118852,8885,0.0,0.05128205128205128,0.15384615384615385
55800215118858,8892,0.0,0.05405405405405406,0.16216216216216217
59098750002181,8892,0.0,0.05405405405405406,0.16216216216216217
59098750002187,8892,0.0,0.05405405405405406,0.16216216216216217
59098750002189,8892,0.0,0.05405405405405406,0.16216216216216217
57999238374591,8900,0.021739130434782608,0.043478260869565216,0.10869565217391304
60198261629991,8914,0.02857142857142857,0.02857142857142857,0.17142857142857143
60198261629992,8915,0.02857142857142857,0.02857142857142857,0.17142857142857143
55800215118889,8920,0.037037037037037035,0.07407407407407407,0.18518518518518517
60198261629997,8937,0.0625,0.1875,0.25
60198261629998,8939,0.0,0.26666666666666666,0.26666666666666666
55800215118895,8939,0.0,0.19047619047619047,0.19047619047619047
55800215118890,8940,0.0,0.19047619047619047,0.19047619047619047
55800215118896,8940,0.0,0.11538461538461539,0.19230769230769232
59098750002219,8940,0.0,0.11538461538461539,0.19230769230769232
59098750002225,8940,0.0,0.11538461538461539,0.19230769230769232
59098750002367,8940,0.0,0.11538461538461539,0.19230769230769232
57999238374687,9402,0.15789473684210525,0.15789473684210525,0.10526315789473684
57999238374701,9402,0.15789473684210525,0.15789473684210525,0.10526315789473684
60198261630243,9402,0.15789473684210525,0.15789473684210525,0.10526315789473684
55800215119140,9402,0.15789473684210525,0.15789473684210525,0.10526315789473684
60198261630248,9402,0.15789473684210525,0.15789473684210525,0.10526315789473684
55800215119145,9406,0.375,0.375,0.25
57999238374706,9407,0.13333333333333333,0.26666666666666666,0.13333333333333333
55800215119141,9408,0.0625,0.125,0.0625
57999238374722,9408,0.14285714285714285,0.2857142857142857,0.14285714285714285
55800215119146,9409,0.14285714285714285,0.35714285714285715,0.07142857142857142
60198261630262,9410,0.375,0.5,0.125
55800215119159,9413,0.13333333333333333,0.26666666666666666,0.13333333333333333
55800215119165,9414,0.13333333333333333,0.2,0.2
57999238374727,9414,0.25,0.375,0.375
59098750002470,9415,0.13333333333333333,0.2,0.2
59098750002475,9416,0.11764705882352941,0.17647058823529413,0.17647058823529413
57999238374743,9417,0.14285714285714285,0.21428571428571427,0.21428571428571427
55800215119181,9418,0.375,0.25,0.375
59098750002482,9419,0.2727272727272727,0.18181818181818182,0.2727272727272727
55800215119187,9420,0.15,0.1,0.15
57999238374748,9422,0.1875,0.1875,0.125
57999238374764,9424,0.13333333333333333,0.26666666666666666,0.13333333333333333
60198261630268,9424,0.046511627906976744,0.06976744186046512,0.06976744186046512
55800215119201,9425,0.3333333333333333,0.3333333333333333,0.2222222222222222
55800215119207,9426,0.15789473684210525,0.15789473684210525,0.10526315789473684
60198261630283,9430,0.13333333333333333,0.26666666666666666,0.13333333333333333
57999238374769,9431,0.2857142857142857,0.5714285714285714,0.2857142857142857
55800215119160,9432,0.14285714285714285,0.35714285714285715,0.07142857142857142
55800215119166,9433,0.13333333333333333,0.3333333333333333,0.06666666666666667
57999238374785,9433,0.13333333333333333,0.3333333333333333,0.06666666666666667
55800215119223,9434,0.14285714285714285,0.42857142857142855,0.0
55800215119161,9437,0.05555555555555555,0.3333333333333333,0.05555555555555555
55800215119167,9437,0.05263157894736842,0.2631578947368421,0.10526315789473684
55800215119229,9438,0.045454545454545456,0.18181818181818182,0.13636363636363635
59098750002490,9440,0.05555555555555555,0.2222222222222222,0.16666666666666666
59098750002496,9441,0.037037037037037035,0.1111111111111111,0.14814814814814814
59098750002503,9441,0.037037037037037035,0.07407407407407407,0.18518518518518517
57999238374807,9442,0.037037037037037035,0.037037037037037035,0.2222222222222222
60198261630284,9446,0.021739130434782608,0.0,0.15217391304347827
60198261630289,9447,0.038461538461538464,0.038461538461538464,0.23076923076923078
60198261630290,9451,0.043478260869565216,0.08695652173913043,0.21739130434782608
60198261630304,9458,0.045454545454545456,0.09090909090909091,0.22727272727272727
55800215119182,9458,0.0,0.08695652173913043,0.2608695652173913
55800215119188,9459,0.0,0.07692307692307693,0.23076923076923078
59098750002511,9459,0.0,0.06060606060606061,0.18181818181818182
59098750002517,9461,0.0,0.029850746268656716,0.08955223880597014
59098750002524,9465,0.0,0.075,0.125
60198261630310,9466,0.0,0.07692307692307693,0.1282051282051282
60198261630325,9471,0.0,0.07894736842105263,0.13157894736842105
55800215119202,9472,0.0,0.10810810810810811,0.10810810810810811
55800215119208,9476,0.0,0.1,0.1
55800215119203,9483,0.0,0.11764705882352941,0.11764705882352941
55800215119209,9485,0.0,0.1111111111111111,0.1111111111111111
59098750002532,9489,0.0,0.1,0.1
59098750002538,9489,0.0,0.075,0.125
59098750002545,9502,0.0,0.07142857142857142,0.21428571428571427
60198261630326,9502,0.0,0.04878048780487805,0.14634146341463414
60198261630331,9507,0.0,0.05405405405405406,0.16216216216216217
60198261630332,9508,0.0,0.047619047619047616,0.14285714285714285
55800215119224,9512,0.0,0.05128205128205128,0.15384615384615385
55800215119230,9519,0.0,0.05405405405405406,0.16216216216216217
59098750002553,9519,0.0,0.05405405405405406,0.16216216216216217
59098750002559,9519,0.0,0.05405405405405406,0.16216216216216217
59098750002561,9519,0.0,0.05405405405405406,0.16216216216216217
57999238375014,9527,0.021739130434782608,0.043478260869565216,0.10869565217391304
60198261630363,9541,0.02857142857142857,0.02857142857142857,0.17142857142857143
60198261630364,9542,0.02857142857142857,0.02857142857142857,0.17142857142857143
55800215119261,9547,0.037037037037037035,0.07407407407407407,0.18518518518518517
60198261630369,9564,0.0625,0.1875,0.25
60198261630370,9566,0.0,0.26666666666666666,0.26666666666666666
55800215119267,9566,0.0,0.19047619047619047,0.19047619047619047
55800215119262,9567,0.0,0.19047619047619047,0.19047619047619047
55800215119268,9567,0.0,0.11538461538461539,0.19230769230769232
59098750002591,9567,0.05555555555555555,0.16666666666666666,0.2222222222222222
59098750002597,9568,0.09523809523809523,0.14285714285714285,0.14285714285714285
59098750002790,9573,0.15,0.1,0.15
57999238375039,9573,0.15,0.1,0.15
57999238375053,9573,0.15,0.1,0.15
57999238375058,9573,0.15,0.1,0.15
60198261630595,9584,0.13793103448275862,0.034482758620689655,0.10344827586206896
57999238375088,9585,0.15384615384615385,0.07692307692307693,0.07692307692307693
55800215119492,9589,0.06382978723404255,0.0425531914893617,0.06382978723404255
60198261630600,9593,0.1,0.15,0.15
55800215119497,9603,0.4,0.6,0.6
60198261630626,9604,0.2,0.4,0.2
55800215119525,9604,0.07692307692307693,0.38461538461538464,0.15384615384615385
57999238375093,9604,0.07142857142857142,0.35714285714285715,0.14285714285714285
55800215119531,9605,0.2857142857142857,0.7142857142857143,0.14285714285714285
55800215119493,9606,0.14285714285714285,0.35714285714285715,0.07142857142857142
55800215119498,9607,0.14285714285714285,0.42857142857142855,0.0
57999238375109,9608,0.125,0.3125,0.0625
55800215119547,9608,0.25,0.625,0.125
55800215119553,9609,0.125,0.25,0.125
59098750002822,9610,0.3,0.3,0.2
57999238375114,9612,0.17647058823529413,0.11764705882352941,0.17647058823529413
59098750002827,9614,0.14285714285714285,0.21428571428571427,0.21428571428571427
57999238375130,9615,0.14285714285714285,0.21428571428571427,0.21428571428571427
59098750002834,9615,0.3333333333333333,0.2222222222222222,0.3333333333333333
55800215119567,9616,0.15,0.1,0.15
55800215119573,9616,0.25,0.16666666666666666,0.25
57999238375135,9620,0.06976744186046512,0.046511627906976744,0.06976744186046512
60198261630634,9620,0.125,0.1875,0.1875
57999238375151,9622,0.13333333333333333,0.26666666666666666,0.13333333333333333
60198261630649,9623,0.1111111111111111,0.2222222222222222,0.1111111111111111
55800215119589,9624,0.11764705882352941,0.23529411764705882,0.11764705882352941
55800215119595,9627,0.058823529411764705,0.29411764705882354,0.11764705882352941
55800215119526,9628,0.0625,0.375,0.0625
55800215119532,9629,0.0,0.2727272727272727,0.09090909090909091
55800215119527,9630,0.0,0.2727272727272727,0.09090909090909091
55800215119533,9631,0.0,0.2,0.12
59098750002856,9633,0.06666666666666667,0.26666666666666666,0.2
59098750002862,9633,0.03225806451612903,0.0967741935483871,0.12903225806451613
59098750002869,9637,0.037037037037037035,0.07407407407407407,0.18518518518518517
57999238375173,9637,0.03571428571428571,0.03571428571428571,0.21428571428571427
60198261630650,9642,0.021739130434782608,0.0,0.15217391304347827
60198261630655,9643,0.038461538461538464,0.038461538461538464,0.23076923076923078
60198261630656,9647,0.043478260869565216,0.08695652173913043,0.21739130434782608
60198261630670,9648,0.03571428571428571,0.07142857142857142,0.17857142857142858
55800215119548,9654,0.0,0.08695652173913043,0.2608695652173913
55800215119554,9655,0.0,0.07692307692307693,0.23076923076923078
59098750002877,9655,0.0,0.06060606060606061,0.18181818181818182
59098750002883,9657,0.0,0.029850746268656716,0.08955223880597014
59098750002890,9661,0.0,0.075,0.125
60198261630676,9662,0.0,0.07692307692307693,0.1282051282051282
60198261630691,9667,0.0,0.07894736842105263,0.13157894736842105
55800215119568,9668,0.0,0.10810810810810811,0.10810810810810811
55800215119574,9672,0.0,0.1,0.1
55800215119569,9679,0.0,0.11764705882352941,0.11764705882352941
55800215119575,9681,0.0,0.1111111111111111,0.1111111111111111
59098750002898,9685,0.0,0.1,0.1
59098750002904,9685,0.0,0.075,0.125
59098750002911,9698,0.0,0.07142857142857142,0.21428571428571427
60198261630692,9698,0.0,0.04878048780487805,0.14634146341463414
60198261630697,9703,0.0,0.05405405405405406,0.16216216216216217
60198261630698,9704,0.0,0.047619047619047616,0.14285714285714285
55800215119590,9708,0.0,0.05128205128205128,0.15384615384615385
55800215119596,9715,0.0,0.05405405405405406,0.16216216216216217
59098750002919,9715,0.0,0.05405405405405406,0.16216216216216217
59098750002925,9715,0.0,0.05405405405405406,0.16216216216216217
59098750002927,9715,0.0,0.05405405405405406,0.16216216216216217
57999238375321,9723,0.021739130434782608,0.043478260869565216,0.10869565217391304
60198261630729,9737,0.02857142857142857,0.02857142857142857,0.17142857142857143
60198261630730,9738,0.02857142857142857,0.02857142857142857,0.17142857142857143
55800215119627,9743,0.037037037037037035,0.07407407407407407,0.18518518518518517
60198261630735,9760,0.0625,0.1875,0.25
60198261630736,9762,0.0,0.26666666666666666,0.26666666666666666
55800215119633,9762,0.0,0.19047619047619047,0.19047619047619047
55800215119628,9763,0.0,0.19047619047619047,0.19047619047619047
55800215119634,9763,0.0,0.11538461538461539,0.19230769230769232
59098750002957,9763,0.0,0.11538461538461539,0.19230769230769232
59098750002963,9763,0.0,0.11538461538461539,0.19230769230769232
59098750003097,9763,0.0,0.11538461538461539,0.19230769230769232
57999238375409,10233,0.15789473684210525,0.15789473684210525,0.10526315789473684
57999238375423,10233,0.15789473684210525,0.15789473684210525,0.10526315789473684
60198261630965,10233,0.15789473684210525,0.15789473684210525,0.10526315789473684
55800215119862,10233,0.15789473684210525,0.15789473684210525,0.10526315789473684
60198261630970,10233,0.15789473684210525,0.15789473684210525,0.10526315789473684
55800215119867,10237,0.375,0.375,0.25
57999238375428,10238,0.13333333333333333,0.26666666666666666,0.13333333333333333
55800215119863,10239,0.0625,0.125,0.0625
57999238375444,10239,0.14285714285714285,0.2857142857142857,0.14285714285714285
55800215119868,10240,0.14285714285714285,0.35714285714285715,0.07142857142857142
60198261630984,10241,0.375,0.5,0.125
55800215119881,10244,0.13333333333333333,0.26666666666666666,0.13333333333333333
55800215119887,10245,0.13333333333333333,0.2,0.2
57999238375449,10245,0.25,0.375,0.375
59098750003192,10246,0.13333333333333333,0.2,0.2
59098750003197,10247,0.11764705882352941,0.17647058823529413,0.17647058823529413
57999238375465,10248,0.14285714285714285,0.21428571428571427,0.21428571428571427
55800215119903,10249,0.375,0.25,0.375
59098750003204,10250,0.2727272727272727,0.18181818181818182,0.2727272727272727
55800215119909,10251,0.15,0.1,0.15
57999238375470,10253,0.1875,0.1875,0.125
57999238375486,10255,0.13333333333333333,0.26666666666666666,0.13333333333333333
60198261630990,10255,0.046511627906976744,0.06976744186046512,0.06976744186046512
55800215119923,10256,0.3333333333333333,0.3333333333333333,0.2222222222222222
55800215119929,10257,0.15789473684210525,0.15789473684210525,0.10526315789473684
60198261631005,10261,0.13333333333333333,0.26666666666666666,0.13333333333333333
57999238375491,10262,0.2857142857142857,0.5714285714285714,0.2857142857142857
55800215119882,10263,0.14285714285714285,0.35714285714285715,0.07142857142857142
55800215119888,10264,0.13333333333333333,0.3333333333333333,0.06666666666666667
57999238375507,10264,0.13333333333333333,0.3333333333333333,0.06666666666666667
55800215119945,10265,0.14285714285714285,0.42857142857142855,0.0
55800215119883,10268,0.05555555555555555,0.3333333333333333,0.05555555555555555
55800215119889,10268,0.05263157894736842,0.2631578947368421,0.10526315789473684
55800215119951,10269,0.045454545454545456,0.18181818181818182,0.13636363636363635
59098750003212,10271,0.05555555555555555,0.2222222222222222,0.16666666666666666
59098750003218,10272,0.037037037037037035,0.1111111111111111,0.14814814814814814
59098750003225,10272,0.037037037037037035,0.07407407407407407,0.18518518518518517
57999238375529,10273,0.037037037037037035,0.037037037037037035,0.2222222222222222
60198261631006,10277,0.021739130434782608,0.0,0.15217391304347827
60198261631011,10278,0.038461538461538464,0.038461538461538464,0.23076923076923078
60198261631012,10282,0.043478260869565216,0.08695652173913043,0.21739130434782608
60198261631026,10289,0.045454545454545456,0.09090909090909091,0.22727272727272727
55800215119904,10289,0.0,0.08695652173913043,0.2608695652173913
55800215119910,10290,0.0,0.07692307692307693,0.23076923076923078
59098750003233,10290,0.0,0.06060606060606061,0.18181818181818182
59098750003239,10292,0.0,0.029850746268656716,0.08955223880597014
59098750003246,10296,0.0,0.075,0.125
60198261631032,10297,0.0,0.07692307692307693,0.1282051282051282
60198261631047,10302,0.0,0.07894736842105263,0.13157894736842105
55800215119924,10303,0.0,0.10810810810810811,0.10810810810810811
55800215119930,10307,0.0,0.1,0.1
55800215119925,10314,0.0,0.11764705882352941,0.11764705882352941
55800215119931,10316,0.0,0.1111111111111111,0.1111111111111111
59098750003254,10320,0.0,0.1,0.1
59098750003260,10320,0.0,0.075,0.125
59098750003267,10333,0.0,0.07142857142857142,0.21428571428571427
60198261631048,10333,0.0,0.04878048780487805,0.14634146341463414
60198261631053,10338,0.0,0.05405405405405406,0.16216216216216217
60198261631054,10339,0.0,0.047619047619047616,0.14285714285714285
55800215119946,10343,0.0,0.05128205128205128,0.15384615384615385
55800215119952,10350,0.0,0.05405405405405406,0.16216216216216217
59098750003275,10350,0.0,0.05405405405405406,0.16216216216216217
59098750003281,10350,0.0,0.05405405405405406,0.16216216216216217
59098750003283,10350,0.0,0.05405405405405406,0.16216216216216217
57999238375673,10358,0.021739130434782608,0.043478260869565216,0.10869565217391304
60198261631085,10372,0.02857142857142857,0.02857142857142857,0.17142857142857143
60198261631086,10373,0.02857142857142857,0.02857142857142857,0.17142857142857143
55800215119983,10378,0.037037037037037035,0.07407407407407407,0.18518518518518517
60198261631091,10395,0.0625,0.1875,0.25
60198261631092,10397,0.0,0.26666666666666666,0.26666666666666666
55800215119989,10397,0.0,0.19047619047619047,0.19047619047619047
55800215119984,10398,0.0,0.19047619047619047,0.19047619047619047
55800215119990,10398,0.0,0.11538461538461539,0.19230769230769232
59098750003313,10398,0.0,0.11538461538461539,0.19230769230769232
59098750003319,10398,0.0,0.11538461538461539,0.19230769230769232
59098750003449,10398,0.0,0.11538461538461539,0.19230769230769232
