CoreId,CoreTypeId,VfId,MetricId,MetricValue
0,3,3,1,10
0,3,3,2,10
0,3,3,3,0
0,3,3,4,20
0,3,3,5,20
0,3,3,6,2
0,3,3,7,0
0,3,3,8,3584
0,3,3,9,2560
0,3,3,10,0
0,3,3,11,0
0,3,3,12,125
0,3,3,13,0
0,3,3,14,0
0,3,3,15,0
0,3,3,16,6
0,3,3,17,10
0,3,3,18,16
0,3,3,19,0
0,3,3,20,65
0,3,3,21,0
0,3,3,22,0
0,3,3,23,1009
0,3,3,24,0
0,3,3,25,0
0,3,3,26,179
0,3,3,27,158
0,3,3,28,20
0,3,3,29,0
0,3,3,30,1
0,3,3,31,0
0,3,3,32,0
0,3,3,33,0
0,3,3,34,0
0,3,3,35,0
0,3,3,36,0
0,3,3,37,0
0,3,3,38,0
0,3,3,39,0
0,3,3,40,0
0,3,3,41,0
0,3,3,42,0
0,3,3,43,0
0,3,3,44,0
0,3,3,45,0
0,3,3,46,0
0,3,3,47,10
0,3,3,48,14
0,3,3,49,10
0,3,3,50,24
0,3,3,51,1
0,3,3,52,14
0,3,3,53,0
0,3,3,54,10
0,3,3,55,0
0,3,3,56,0
0,3,3,57,0
0,3,3,58,0
0,3,3,59,0
0,3,3,60,0
0,3,3,61,0
0,3,3,62,14
0,3,3,63,0
0,3,3,64,151
0,3,3,65,151
0,3,3,66,0
0,3,3,67,17
0,3,3,68,18
0,3,3,69,158
0,3,3,70,158
0,3,3,71,1067
0,3,3,72,1623
0,3,3,73,0
0,3,3,74,17
0,3,3,75,18
0,3,3,76,1685
0,3,3,77,633
0,3,3,78,179
0,3,3,79,148
0,3,3,80,34
0,3,3,81,99
0,3,3,82,0
0,3,3,83,121
0,3,3,84,108
0,3,3,85,0
0,3,3,86,136
0,3,3,87,0
0,3,3,88,2
0,3,3,89,3
0,3,3,90,5
0,3,3,91,0
0,3,3,92,0
0,3,3,93,2
0,3,3,94,0
0,3,3,95,2
0,3,3,96,3
0,3,3,97,5
0,3,3,98,0
0,3,3,99,0
0,3,3,100,2
0,3,3,101,0
0,3,3,102,0
0,3,3,103,5
0,3,3,104,14
0,3,3,105,24
0,3,3,106,30
0,3,3,107,0
0,3,3,108,0
0,3,3,109,33
0,3,3,110,0
0,3,3,111,14
0,3,3,112,24
0,3,3,113,30
0,3,3,114,0
0,3,3,115,0
0,3,3,116,33
0,3,3,117,0
0,3,3,118,14
0,3,3,119,24
0,3,3,120,30
0,3,3,121,0
0,3,3,122,0
0,3,3,123,33
0,3,3,124,0
0,3,3,125,14
0,3,3,126,24
0,3,3,127,30
0,3,3,128,0
0,3,3,129,0
0,3,3,130,33
0,3,3,131,0
0,3,3,132,167
0,3,3,133,167
0,3,3,134,0
0,3,3,135,0
0,3,3,136,0
0,3,3,137,0
0,3,3,138,0
0,3,3,139,0
0,3,3,140,0
0,3,3,141,0
0,3,3,142,0
0,3,3,143,0
0,3,3,144,20
0,3,3,145,0
0,3,3,146,0
0,3,3,147,0
0,3,3,148,126
0,3,3,149,0
0,3,3,150,0
0,3,3,151,105
0,3,3,152,105
0,3,3,153,89
0,3,3,154,107
0,3,3,155,0
0,3,3,156,0
0,3,3,157,136
0,3,3,158,117
0,3,3,159,117
0,3,3,160,119
0,3,3,161,12
0,3,3,162,12
0,3,3,163,16
0,3,3,164,4
0,3,3,165,136
0,3,3,166,126
0,3,3,167,10
0,3,3,168,0
0,3,3,169,0
0,3,3,170,0
0,3,3,171,0
0,3,3,172,0
0,3,3,173,0
0,3,3,174,0
0,3,3,175,0
0,3,3,176,0
0,3,3,177,0
0,3,3,178,0
0,3,3,179,0
0,3,3,180,0
0,3,3,181,0
0,3,3,182,12
0,3,3,183,12
0,3,3,184,20
0,3,3,185,0
0,3,3,186,0
0,3,3,187,12
0,3,3,188,12
0,3,3,189,0
0,3,3,190,0
0,3,3,191,0
0,3,3,192,0
0,3,3,193,108
0,3,3,194,96
0,3,3,195,7
0,3,3,196,2
0,3,3,197,96
0,3,3,198,0
0,3,3,199,0
0,3,3,200,0
0,3,3,201,0
0,3,3,202,0
0,3,3,203,0
0,3,3,204,0
0,3,3,205,0
0,3,3,206,0
0,3,3,207,0
0,3,3,208,0
0,3,3,209,0
0,3,3,210,0
0,3,3,211,0
0,3,3,212,0
0,3,3,213,0
0,3,3,214,0
0,3,3,215,0
0,2,3,1,10
0,2,3,2,10
0,2,3,3,0
0,2,3,4,20
0,2,3,5,20
0,2,3,6,2
0,2,3,7,0
0,2,3,8,3584
0,2,3,9,2560
0,2,3,10,0
0,2,3,11,0
0,2,3,12,125
0,2,3,13,0
0,2,3,14,0
0,2,3,15,0
0,2,3,16,6
0,2,3,17,10
0,2,3,18,16
0,2,3,19,0
0,2,3,20,65
0,2,3,21,0
0,2,3,22,0
0,2,3,23,1009
0,2,3,24,0
0,2,3,25,0
0,2,3,26,179
0,2,3,27,158
0,2,3,28,20
0,2,3,29,0
0,2,3,30,1
0,2,3,31,0
0,2,3,32,0
0,2,3,33,0
0,2,3,34,0
0,2,3,35,0
0,2,3,36,0
0,2,3,37,0
0,2,3,38,0
0,2,3,39,0
0,2,3,40,0
0,2,3,41,0
0,2,3,42,0
0,2,3,43,0
0,2,3,44,0
0,2,3,45,0
0,2,3,46,0
0,2,3,47,10
0,2,3,48,14
0,2,3,49,10
0,2,3,50,24
0,2,3,51,1
0,2,3,52,14
0,2,3,53,0
0,2,3,54,10
0,2,3,55,0
0,2,3,56,0
0,2,3,57,0
0,2,3,58,0
0,2,3,59,0
0,2,3,60,0
0,2,3,61,0
0,2,3,62,14
0,2,3,63,0
0,2,3,64,151
0,2,3,65,151
0,2,3,66,0
0,2,3,67,17
0,2,3,68,18
0,2,3,69,158
0,2,3,70,158
0,2,3,71,1067
0,2,3,72,1623
0,2,3,73,0
0,2,3,74,17
0,2,3,75,18
0,2,3,76,1685
0,2,3,77,633
0,2,3,78,179
0,2,3,79,148
0,2,3,80,34
0,2,3,81,99
0,2,3,82,0
0,2,3,83,121
0,2,3,84,108
0,2,3,85,0
0,2,3,86,136
0,2,3,87,0
0,2,3,88,2
0,2,3,89,3
0,2,3,90,5
0,2,3,91,0
0,2,3,92,0
0,2,3,93,2
0,2,3,94,0
0,2,3,95,2
0,2,3,96,3
0,2,3,97,5
0,2,3,98,0
0,2,3,99,0
0,2,3,100,2
0,2,3,101,0
0,2,3,102,0
0,2,3,103,5
0,2,3,104,14
0,2,3,105,24
0,2,3,106,30
0,2,3,107,0
0,2,3,108,0
0,2,3,109,33
0,2,3,110,0
0,2,3,111,14
0,2,3,112,24
0,2,3,113,30
0,2,3,114,0
0,2,3,115,0
0,2,3,116,33
0,2,3,117,0
0,2,3,118,14
0,2,3,119,24
0,2,3,120,30
0,2,3,121,0
0,2,3,122,0
0,2,3,123,33
0,2,3,124,0
0,2,3,125,14
0,2,3,126,24
0,2,3,127,30
0,2,3,128,0
0,2,3,129,0
0,2,3,130,33
0,2,3,131,0
0,2,3,132,167
0,2,3,133,167
0,2,3,134,0
0,2,3,135,0
0,2,3,136,0
0,2,3,137,0
0,2,3,138,0
0,2,3,139,0
0,2,3,140,0
0,2,3,141,0
0,2,3,142,0
0,2,3,143,0
0,2,3,144,20
0,2,3,145,0
0,2,3,146,0
0,2,3,147,0
0,2,3,148,126
0,2,3,149,0
0,2,3,150,0
0,2,3,151,105
0,2,3,152,105
0,2,3,153,89
0,2,3,154,107
0,2,3,155,0
0,2,3,156,0
0,2,3,157,136
0,2,3,158,117
0,2,3,159,117
0,2,3,160,119
0,2,3,161,12
0,2,3,162,12
0,2,3,163,16
0,2,3,164,4
0,2,3,165,136
0,2,3,166,126
0,2,3,167,10
0,2,3,168,0
0,2,3,169,0
0,2,3,170,0
0,2,3,171,0
0,2,3,172,0
0,2,3,173,0
0,2,3,174,0
0,2,3,175,0
0,2,3,176,0
0,2,3,177,0
0,2,3,178,0
0,2,3,179,0
0,2,3,180,0
0,2,3,181,0
0,2,3,182,12
0,2,3,183,12
0,2,3,184,20
0,2,3,185,0
0,2,3,186,0
0,2,3,187,12
0,2,3,188,12
0,2,3,189,0
0,2,3,190,0
0,2,3,191,0
0,2,3,192,0
0,2,3,193,108
0,2,3,194,96
0,2,3,195,7
0,2,3,196,2
0,2,3,197,96
0,2,3,198,0
0,2,3,199,0
0,2,3,200,0
0,2,3,201,0
0,2,3,202,0
0,2,3,203,0
0,2,3,204,0
0,2,3,205,0
0,2,3,206,0
0,2,3,207,0
0,2,3,208,0
0,2,3,209,0
0,2,3,210,0
0,2,3,211,0
0,2,3,212,0
0,2,3,213,0
0,2,3,214,0
0,2,3,215,0
0,2,4,1,13
0,2,4,2,12
0,2,4,3,0
0,2,4,4,25
0,2,4,5,25
0,2,4,6,3
0,2,4,7,0
0,2,4,8,4608
0,2,4,9,3072
0,2,4,10,0
0,2,4,11,335
0,2,4,12,167
0,2,4,13,0
0,2,4,14,0
0,2,4,15,0
0,2,4,16,349
0,2,4,17,12
0,2,4,18,361
0,2,4,19,0
0,2,4,20,80
0,2,4,21,0
0,2,4,22,0
0,2,4,23,3358
0,2,4,24,0
0,2,4,25,0
0,2,4,26,573
0,2,4,27,547
0,2,4,28,24
0,2,4,29,0
0,2,4,30,2
0,2,4,31,0
0,2,4,32,0
0,2,4,33,0
0,2,4,34,0
0,2,4,35,0
0,2,4,36,0
0,2,4,37,0
0,2,4,38,0
0,2,4,39,0
0,2,4,40,0
0,2,4,41,0
0,2,4,42,0
0,2,4,43,0
0,2,4,44,0
0,2,4,45,0
0,2,4,46,0
0,2,4,47,12
0,2,4,48,18
0,2,4,49,12
0,2,4,50,28
0,2,4,51,2
0,2,4,52,18
0,2,4,53,0
0,2,4,54,12
0,2,4,55,0
0,2,4,56,0
0,2,4,57,0
0,2,4,58,0
0,2,4,59,0
0,2,4,60,0
0,2,4,61,0
0,2,4,62,16
0,2,4,63,0
0,2,4,64,180
0,2,4,65,180
0,2,4,66,0
0,2,4,67,26
0,2,4,68,27
0,2,4,69,550
0,2,4,70,550
0,2,4,71,1132
0,2,4,72,1708
0,2,4,73,0
0,2,4,74,26
0,2,4,75,27
0,2,4,76,2532
0,2,4,77,1044
0,2,4,78,573
0,2,4,79,174
0,2,4,80,54
0,2,4,81,99
0,2,4,82,0
0,2,4,83,130
0,2,4,84,110
0,2,4,85,0
0,2,4,86,150
0,2,4,87,0
0,2,4,88,3
0,2,4,89,3
0,2,4,90,6
0,2,4,91,0
0,2,4,92,0
0,2,4,93,2
0,2,4,94,0
0,2,4,95,3
0,2,4,96,3
0,2,4,97,6
0,2,4,98,0
0,2,4,99,0
0,2,4,100,2
0,2,4,101,0
0,2,4,102,0
0,2,4,103,6
0,2,4,104,21
0,2,4,105,24
0,2,4,106,36
0,2,4,107,0
0,2,4,108,0
0,2,4,109,33
0,2,4,110,0
0,2,4,111,21
0,2,4,112,24
0,2,4,113,36
0,2,4,114,0
0,2,4,115,0
0,2,4,116,33
0,2,4,117,0
0,2,4,118,21
0,2,4,119,24
0,2,4,120,36
0,2,4,121,0
0,2,4,122,0
0,2,4,123,33
0,2,4,124,0
0,2,4,125,21
0,2,4,126,24
0,2,4,127,36
0,2,4,128,0
0,2,4,129,0
0,2,4,130,33
0,2,4,131,0
0,2,4,132,559
0,2,4,133,559
0,2,4,134,0
0,2,4,135,0
0,2,4,136,0
0,2,4,137,0
0,2,4,138,0
0,2,4,139,0
0,2,4,140,0
0,2,4,141,0
0,2,4,142,0
0,2,4,143,0
0,2,4,144,24
0,2,4,145,0
0,2,4,146,0
0,2,4,147,0
0,2,4,148,138
0,2,4,149,0
0,2,4,150,0
0,2,4,151,110
0,2,4,152,110
0,2,4,153,94
0,2,4,154,111
0,2,4,155,0
0,2,4,156,0
0,2,4,157,150
0,2,4,158,124
0,2,4,159,124
0,2,4,160,127
0,2,4,161,14
0,2,4,162,14
0,2,4,163,20
0,2,4,164,4
0,2,4,165,150
0,2,4,166,138
0,2,4,167,12
0,2,4,168,0
0,2,4,169,0
0,2,4,170,0
0,2,4,171,0
0,2,4,172,0
0,2,4,173,0
0,2,4,174,0
0,2,4,175,0
0,2,4,176,0
0,2,4,177,0
0,2,4,178,0
0,2,4,179,0
0,2,4,180,0
0,2,4,181,0
0,2,4,182,14
0,2,4,183,14
0,2,4,184,24
0,2,4,185,0
0,2,4,186,0
0,2,4,187,14
0,2,4,188,14
0,2,4,189,0
0,2,4,190,0
0,2,4,191,0
0,2,4,192,0
0,2,4,193,110
0,2,4,194,96
0,2,4,195,7
0,2,4,196,4
0,2,4,197,96
0,2,4,198,0
0,2,4,199,0
0,2,4,200,0
0,2,4,201,0
0,2,4,202,0
0,2,4,203,0
0,2,4,204,0
0,2,4,205,0
0,2,4,206,0
0,2,4,207,0
0,2,4,208,0
0,2,4,209,0
0,2,4,210,0
0,2,4,211,0
0,2,4,212,0
0,2,4,213,0
0,2,4,214,0
0,2,4,215,0
0,3,4,1,13
0,3,4,2,12
0,3,4,3,0
0,3,4,4,25
0,3,4,5,25
0,3,4,6,3
0,3,4,7,0
0,3,4,8,4608
0,3,4,9,3072
0,3,4,10,0
0,3,4,11,306
0,3,4,12,167
0,3,4,13,0
0,3,4,14,0
0,3,4,15,0
0,3,4,16,320
0,3,4,17,12
0,3,4,18,332
0,3,4,19,0
0,3,4,20,80
0,3,4,21,0
0,3,4,22,0
0,3,4,23,3184
0,3,4,24,0
0,3,4,25,0
0,3,4,26,544
0,3,4,27,518
0,3,4,28,24
0,3,4,29,0
0,3,4,30,2
0,3,4,31,0
0,3,4,32,0
0,3,4,33,0
0,3,4,34,0
0,3,4,35,0
0,3,4,36,0
0,3,4,37,0
0,3,4,38,0
0,3,4,39,0
0,3,4,40,0
0,3,4,41,0
0,3,4,42,0
0,3,4,43,0
0,3,4,44,0
0,3,4,45,0
0,3,4,46,0
0,3,4,47,12
0,3,4,48,18
0,3,4,49,12
0,3,4,50,28
0,3,4,51,2
0,3,4,52,18
0,3,4,53,0
0,3,4,54,12
0,3,4,55,0
0,3,4,56,0
0,3,4,57,0
0,3,4,58,0
0,3,4,59,0
0,3,4,60,0
0,3,4,61,0
0,3,4,62,16
0,3,4,63,0
0,3,4,64,180
0,3,4,65,180
0,3,4,66,0
0,3,4,67,26
0,3,4,68,27
0,3,4,69,521
0,3,4,70,521
0,3,4,71,1132
0,3,4,72,1708
0,3,4,73,0
0,3,4,74,26
0,3,4,75,27
0,3,4,76,2474
0,3,4,77,1015
0,3,4,78,544
0,3,4,79,174
0,3,4,80,54
0,3,4,81,99
0,3,4,82,0
0,3,4,83,130
0,3,4,84,110
0,3,4,85,0
0,3,4,86,150
0,3,4,87,0
0,3,4,88,3
0,3,4,89,3
0,3,4,90,6
0,3,4,91,0
0,3,4,92,0
0,3,4,93,2
0,3,4,94,0
0,3,4,95,3
0,3,4,96,3
0,3,4,97,6
0,3,4,98,0
0,3,4,99,0
0,3,4,100,2
0,3,4,101,0
0,3,4,102,0
0,3,4,103,6
0,3,4,104,21
0,3,4,105,24
0,3,4,106,36
0,3,4,107,0
0,3,4,108,0
0,3,4,109,33
0,3,4,110,0
0,3,4,111,21
0,3,4,112,24
0,3,4,113,36
0,3,4,114,0
0,3,4,115,0
0,3,4,116,33
0,3,4,117,0
0,3,4,118,21
0,3,4,119,24
0,3,4,120,36
0,3,4,121,0
0,3,4,122,0
0,3,4,123,33
0,3,4,124,0
0,3,4,125,21
0,3,4,126,24
0,3,4,127,36
0,3,4,128,0
0,3,4,129,0
0,3,4,130,33
0,3,4,131,0
0,3,4,132,530
0,3,4,133,530
0,3,4,134,0
0,3,4,135,0
0,3,4,136,0
0,3,4,137,0
0,3,4,138,0
0,3,4,139,0
0,3,4,140,0
0,3,4,141,0
0,3,4,142,0
0,3,4,143,0
0,3,4,144,24
0,3,4,145,0
0,3,4,146,0
0,3,4,147,0
0,3,4,148,138
0,3,4,149,0
0,3,4,150,0
0,3,4,151,110
0,3,4,152,110
0,3,4,153,94
0,3,4,154,111
0,3,4,155,0
0,3,4,156,0
0,3,4,157,150
0,3,4,158,124
0,3,4,159,124
0,3,4,160,127
0,3,4,161,14
0,3,4,162,14
0,3,4,163,20
0,3,4,164,4
0,3,4,165,150
0,3,4,166,138
0,3,4,167,12
0,3,4,168,0
0,3,4,169,0
0,3,4,170,0
0,3,4,171,0
0,3,4,172,0
0,3,4,173,0
0,3,4,174,0
0,3,4,175,0
0,3,4,176,0
0,3,4,177,0
0,3,4,178,0
0,3,4,179,0
0,3,4,180,0
0,3,4,181,0
0,3,4,182,14
0,3,4,183,14
0,3,4,184,24
0,3,4,185,0
0,3,4,186,0
0,3,4,187,14
0,3,4,188,14
0,3,4,189,0
0,3,4,190,0
0,3,4,191,0
0,3,4,192,0
0,3,4,193,110
0,3,4,194,96
0,3,4,195,7
0,3,4,196,4
0,3,4,197,96
0,3,4,198,0
0,3,4,199,0
0,3,4,200,0
0,3,4,201,0
0,3,4,202,0
0,3,4,203,0
0,3,4,204,0
0,3,4,205,0
0,3,4,206,0
0,3,4,207,0
0,3,4,208,0
0,3,4,209,0
0,3,4,210,0
0,3,4,211,0
0,3,4,212,0
0,3,4,213,0
0,3,4,214,0
0,3,4,215,0
0,2,5,1,23
0,2,5,2,22
0,2,5,3,0
0,2,5,4,45
0,2,5,5,45
0,2,5,6,5
0,2,5,7,0
0,2,5,8,8192
0,2,5,9,5632
0,2,5,10,0
0,2,5,11,335
0,2,5,12,191
0,2,5,13,0
0,2,5,14,0
0,2,5,15,0
0,2,5,16,361
0,2,5,17,24
0,2,5,18,385
0,2,5,19,0
0,2,5,20,145
0,2,5,21,0
0,2,5,22,0
0,2,5,23,4367
0,2,5,24,0
0,2,5,25,0
0,2,5,26,752
0,2,5,27,601
0,2,5,28,44
0,2,5,29,0
0,2,5,30,3
0,2,5,31,0
0,2,5,32,0
0,2,5,33,0
0,2,5,34,0
0,2,5,35,0
0,2,5,36,0
0,2,5,37,0
0,2,5,38,0
0,2,5,39,0
0,2,5,40,0
0,2,5,41,0
0,2,5,42,0
0,2,5,43,0
0,2,5,44,0
0,2,5,45,0
0,2,5,46,0
0,2,5,47,22
0,2,5,48,32
0,2,5,49,22
0,2,5,50,52
0,2,5,51,3
0,2,5,52,32
0,2,5,53,0
0,2,5,54,22
0,2,5,55,0
0,2,5,56,0
0,2,5,57,0
0,2,5,58,0
0,2,5,59,0
0,2,5,60,0
0,2,5,61,0
0,2,5,62,30
0,2,5,63,0
0,2,5,64,331
0,2,5,65,331
0,2,5,66,0
0,2,5,67,43
0,2,5,68,45
0,2,5,69,727
0,2,5,70,727
0,2,5,71,2199
0,2,5,72,3331
0,2,5,73,0
0,2,5,74,43
0,2,5,75,45
0,2,5,76,4255
0,2,5,77,1696
0,2,5,78,752
0,2,5,79,322
0,2,5,80,88
0,2,5,81,198
0,2,5,82,0
0,2,5,83,251
0,2,5,84,218
0,2,5,85,0
0,2,5,86,286
0,2,5,87,0
0,2,5,88,5
0,2,5,89,6
0,2,5,90,11
0,2,5,91,0
0,2,5,92,0
0,2,5,93,4
0,2,5,94,0
0,2,5,95,5
0,2,5,96,6
0,2,5,97,11
0,2,5,98,0
0,2,5,99,0
0,2,5,100,4
0,2,5,101,0
0,2,5,102,0
0,2,5,103,11
0,2,5,104,35
0,2,5,105,48
0,2,5,106,66
0,2,5,107,0
0,2,5,108,0
0,2,5,109,66
0,2,5,110,0
0,2,5,111,35
0,2,5,112,48
0,2,5,113,66
0,2,5,114,0
0,2,5,115,0
0,2,5,116,66
0,2,5,117,0
0,2,5,118,35
0,2,5,119,48
0,2,5,120,66
0,2,5,121,0
0,2,5,122,0
0,2,5,123,66
0,2,5,124,0
0,2,5,125,35
0,2,5,126,48
0,2,5,127,66
0,2,5,128,0
0,2,5,129,0
0,2,5,130,66
0,2,5,131,0
0,2,5,132,726
0,2,5,133,726
0,2,5,134,0
0,2,5,135,0
0,2,5,136,0
0,2,5,137,0
0,2,5,138,0
0,2,5,139,0
0,2,5,140,0
0,2,5,141,0
0,2,5,142,0
0,2,5,143,0
0,2,5,144,44
0,2,5,145,0
0,2,5,146,0
0,2,5,147,0
0,2,5,148,264
0,2,5,149,0
0,2,5,150,0
0,2,5,151,215
0,2,5,152,215
0,2,5,153,183
0,2,5,154,218
0,2,5,155,0
0,2,5,156,0
0,2,5,157,286
0,2,5,158,241
0,2,5,159,241
0,2,5,160,246
0,2,5,161,26
0,2,5,162,26
0,2,5,163,36
0,2,5,164,8
0,2,5,165,286
0,2,5,166,264
0,2,5,167,22
0,2,5,168,0
0,2,5,169,0
0,2,5,170,0
0,2,5,171,0
0,2,5,172,0
0,2,5,173,0
0,2,5,174,0
0,2,5,175,0
0,2,5,176,0
0,2,5,177,0
0,2,5,178,0
0,2,5,179,0
0,2,5,180,0
0,2,5,181,0
0,2,5,182,26
0,2,5,183,26
0,2,5,184,44
0,2,5,185,0
0,2,5,186,0
0,2,5,187,26
0,2,5,188,26
0,2,5,189,0
0,2,5,190,0
0,2,5,191,0
0,2,5,192,0
0,2,5,193,218
0,2,5,194,192
0,2,5,195,14
0,2,5,196,6
0,2,5,197,192
0,2,5,198,0
0,2,5,199,0
0,2,5,200,0
0,2,5,201,0
0,2,5,202,0
0,2,5,203,0
0,2,5,204,0
0,2,5,205,0
0,2,5,206,0
0,2,5,207,0
0,2,5,208,0
0,2,5,209,0
0,2,5,210,0
0,2,5,211,0
0,2,5,212,0
0,2,5,213,0
0,2,5,214,0
0,2,5,215,0
0,2,6,1,26
0,2,6,2,24
0,2,6,3,0
0,2,6,4,50
0,2,6,5,50
0,2,6,6,6
0,2,6,7,0
0,2,6,8,9216
0,2,6,9,6144
0,2,6,10,0
0,2,6,11,335
0,2,6,12,205
0,2,6,13,0
0,2,6,14,0
0,2,6,15,0
0,2,6,16,367
0,2,6,17,27
0,2,6,18,394
0,2,6,19,0
0,2,6,20,160
0,2,6,21,0
0,2,6,22,0
0,2,6,23,4574
0,2,6,24,0
0,2,6,25,0
0,2,6,26,789
0,2,6,27,620
0,2,6,28,45
0,2,6,29,0
0,2,6,30,4
0,2,6,31,0
0,2,6,32,0
0,2,6,33,1
0,2,6,34,0
0,2,6,35,1
0,2,6,36,0
0,2,6,37,0
0,2,6,38,0
0,2,6,39,0
0,2,6,40,0
0,2,6,41,0
0,2,6,42,0
0,2,6,43,0
0,2,6,44,0
0,2,6,45,0
0,2,6,46,0
0,2,6,47,24
0,2,6,48,36
0,2,6,49,24
0,2,6,50,56
0,2,6,51,4
0,2,6,52,36
0,2,6,53,0
0,2,6,54,24
0,2,6,55,0
0,2,6,56,0
0,2,6,57,0
0,2,6,58,0
0,2,6,59,0
0,2,6,60,0
0,2,6,61,0
0,2,6,62,32
0,2,6,63,0
0,2,6,64,360
0,2,6,65,360
0,2,6,66,0
0,2,6,67,52
0,2,6,68,54
0,2,6,69,763
0,2,6,70,763
0,2,6,71,2268
0,2,6,72,3420
0,2,6,73,0
0,2,6,74,52
0,2,6,75,54
0,2,6,76,4390
0,2,6,77,1751
0,2,6,78,789
0,2,6,79,348
0,2,6,80,112
0,2,6,81,198
0,2,6,82,0
0,2,6,83,260
0,2,6,84,220
0,2,6,85,0
0,2,6,86,300
0,2,6,87,0
0,2,6,88,6
0,2,6,89,6
0,2,6,90,12
0,2,6,91,0
0,2,6,92,0
0,2,6,93,4
0,2,6,94,0
0,2,6,95,6
0,2,6,96,6
0,2,6,97,12
0,2,6,98,0
0,2,6,99,0
0,2,6,100,4
0,2,6,101,0
0,2,6,102,0
0,2,6,103,12
0,2,6,104,42
0,2,6,105,48
0,2,6,106,72
0,2,6,107,0
0,2,6,108,0
0,2,6,109,66
0,2,6,110,0
0,2,6,111,42
0,2,6,112,48
0,2,6,113,72
0,2,6,114,0
0,2,6,115,0
0,2,6,116,66
0,2,6,117,0
0,2,6,118,42
0,2,6,119,48
0,2,6,120,72
0,2,6,121,0
0,2,6,122,0
0,2,6,123,66
0,2,6,124,0
0,2,6,125,42
0,2,6,126,48
0,2,6,127,72
0,2,6,128,0
0,2,6,129,0
0,2,6,130,66
0,2,6,131,0
0,2,6,132,761
0,2,6,133,761
0,2,6,134,0
0,2,6,135,0
0,2,6,136,0
0,2,6,137,0
0,2,6,138,0
0,2,6,139,0
0,2,6,140,0
0,2,6,141,0
0,2,6,142,0
0,2,6,143,0
0,2,6,144,48
0,2,6,145,0
0,2,6,146,0
0,2,6,147,0
0,2,6,148,276
0,2,6,149,0
0,2,6,150,0
0,2,6,151,220
0,2,6,152,220
0,2,6,153,188
0,2,6,154,222
0,2,6,155,0
0,2,6,156,0
0,2,6,157,300
0,2,6,158,248
0,2,6,159,248
0,2,6,160,254
0,2,6,161,28
0,2,6,162,28
0,2,6,163,40
0,2,6,164,8
0,2,6,165,300
0,2,6,166,276
0,2,6,167,24
0,2,6,168,0
0,2,6,169,0
0,2,6,170,0
0,2,6,171,0
0,2,6,172,0
0,2,6,173,0
0,2,6,174,0
0,2,6,175,0
0,2,6,176,0
0,2,6,177,0
0,2,6,178,0
0,2,6,179,0
0,2,6,180,0
0,2,6,181,0
0,2,6,182,28
0,2,6,183,28
0,2,6,184,48
0,2,6,185,0
0,2,6,186,0
0,2,6,187,28
0,2,6,188,28
0,2,6,189,0
0,2,6,190,0
0,2,6,191,0
0,2,6,192,0
0,2,6,193,220
0,2,6,194,192
0,2,6,195,14
0,2,6,196,8
0,2,6,197,192
0,2,6,198,0
0,2,6,199,0
0,2,6,200,0
0,2,6,201,0
0,2,6,202,0
0,2,6,203,0
0,2,6,204,0
0,2,6,205,0
0,2,6,206,0
0,2,6,207,0
0,2,6,208,0
0,2,6,209,0
0,2,6,210,0
0,2,6,211,0
0,2,6,212,0
0,2,6,213,0
0,2,6,214,0
0,2,6,215,0
0,3,5,1,23
0,3,5,2,22
0,3,5,3,0
0,3,5,4,45
0,3,5,5,45
0,3,5,6,5
0,3,5,7,0
0,3,5,8,8192
0,3,5,9,5632
0,3,5,10,0
0,3,5,11,306
0,3,5,12,191
0,3,5,13,0
0,3,5,14,0
0,3,5,15,0
0,3,5,16,332
0,3,5,17,24
0,3,5,18,356
0,3,5,19,0
0,3,5,20,145
0,3,5,21,0
0,3,5,22,0
0,3,5,23,4193
0,3,5,24,0
0,3,5,25,0
0,3,5,26,723
0,3,5,27,572
0,3,5,28,44
0,3,5,29,0
0,3,5,30,3
0,3,5,31,0
0,3,5,32,0
0,3,5,33,0
0,3,5,34,0
0,3,5,35,0
0,3,5,36,0
0,3,5,37,0
0,3,5,38,0
0,3,5,39,0
0,3,5,40,0
0,3,5,41,0
0,3,5,42,0
0,3,5,43,0
0,3,5,44,0
0,3,5,45,0
0,3,5,46,0
0,3,5,47,22
0,3,5,48,32
0,3,5,49,22
0,3,5,50,52
0,3,5,51,3
0,3,5,52,32
0,3,5,53,0
0,3,5,54,22
0,3,5,55,0
0,3,5,56,0
0,3,5,57,0
0,3,5,58,0
0,3,5,59,0
0,3,5,60,0
0,3,5,61,0
0,3,5,62,30
0,3,5,63,0
0,3,5,64,331
0,3,5,65,331
0,3,5,66,0
0,3,5,67,43
0,3,5,68,45
0,3,5,69,698
0,3,5,70,698
0,3,5,71,2199
0,3,5,72,3331
0,3,5,73,0
0,3,5,74,43
0,3,5,75,45
0,3,5,76,4197
0,3,5,77,1667
0,3,5,78,723
0,3,5,79,322
0,3,5,80,88
0,3,5,81,198
0,3,5,82,0
0,3,5,83,251
0,3,5,84,218
0,3,5,85,0
0,3,5,86,286
0,3,5,87,0
0,3,5,88,5
0,3,5,89,6
0,3,5,90,11
0,3,5,91,0
0,3,5,92,0
0,3,5,93,4
0,3,5,94,0
0,3,5,95,5
0,3,5,96,6
0,3,5,97,11
0,3,5,98,0
0,3,5,99,0
0,3,5,100,4
0,3,5,101,0
0,3,5,102,0
0,3,5,103,11
0,3,5,104,35
0,3,5,105,48
0,3,5,106,66
0,3,5,107,0
0,3,5,108,0
0,3,5,109,66
0,3,5,110,0
0,3,5,111,35
0,3,5,112,48
0,3,5,113,66
0,3,5,114,0
0,3,5,115,0
0,3,5,116,66
0,3,5,117,0
0,3,5,118,35
0,3,5,119,48
0,3,5,120,66
0,3,5,121,0
0,3,5,122,0
0,3,5,123,66
0,3,5,124,0
0,3,5,125,35
0,3,5,126,48
0,3,5,127,66
0,3,5,128,0
0,3,5,129,0
0,3,5,130,66
0,3,5,131,0
0,3,5,132,697
0,3,5,133,697
0,3,5,134,0
0,3,5,135,0
0,3,5,136,0
0,3,5,137,0
0,3,5,138,0
0,3,5,139,0
0,3,5,140,0
0,3,5,141,0
0,3,5,142,0
0,3,5,143,0
0,3,5,144,44
0,3,5,145,0
0,3,5,146,0
0,3,5,147,0
0,3,5,148,264
0,3,5,149,0
0,3,5,150,0
0,3,5,151,215
0,3,5,152,215
0,3,5,153,183
0,3,5,154,218
0,3,5,155,0
0,3,5,156,0
0,3,5,157,286
0,3,5,158,241
0,3,5,159,241
0,3,5,160,246
0,3,5,161,26
0,3,5,162,26
0,3,5,163,36
0,3,5,164,8
0,3,5,165,286
0,3,5,166,264
0,3,5,167,22
0,3,5,168,0
0,3,5,169,0
0,3,5,170,0
0,3,5,171,0
0,3,5,172,0
0,3,5,173,0
0,3,5,174,0
0,3,5,175,0
0,3,5,176,0
0,3,5,177,0
0,3,5,178,0
0,3,5,179,0
0,3,5,180,0
0,3,5,181,0
0,3,5,182,26
0,3,5,183,26
0,3,5,184,44
0,3,5,185,0
0,3,5,186,0
0,3,5,187,26
0,3,5,188,26
0,3,5,189,0
0,3,5,190,0
0,3,5,191,0
0,3,5,192,0
0,3,5,193,218
0,3,5,194,192
0,3,5,195,14
0,3,5,196,6
0,3,5,197,192
0,3,5,198,0
0,3,5,199,0
0,3,5,200,0
0,3,5,201,0
0,3,5,202,0
0,3,5,203,0
0,3,5,204,0
0,3,5,205,0
0,3,5,206,0
0,3,5,207,0
0,3,5,208,0
0,3,5,209,0
0,3,5,210,0
0,3,5,211,0
0,3,5,212,0
0,3,5,213,0
0,3,5,214,0
0,3,5,215,0
0,3,6,1,26
0,3,6,2,24
0,3,6,3,0
0,3,6,4,50
0,3,6,5,50
0,3,6,6,6
0,3,6,7,0
0,3,6,8,9216
0,3,6,9,6144
0,3,6,10,0
0,3,6,11,306
0,3,6,12,211
0,3,6,13,0
0,3,6,14,0
0,3,6,15,0
0,3,6,16,338
0,3,6,17,27
0,3,6,18,365
0,3,6,19,0
0,3,6,20,160
0,3,6,21,0
0,3,6,22,0
0,3,6,23,4400
0,3,6,24,0
0,3,6,25,0
0,3,6,26,760
0,3,6,27,596
0,3,6,28,45
0,3,6,29,0
0,3,6,30,4
0,3,6,31,0
0,3,6,32,0
0,3,6,33,1
0,3,6,34,0
0,3,6,35,1
0,3,6,36,0
0,3,6,37,0
0,3,6,38,0
0,3,6,39,0
0,3,6,40,0
0,3,6,41,0
0,3,6,42,0
0,3,6,43,0
0,3,6,44,0
0,3,6,45,0
0,3,6,46,0
0,3,6,47,24
0,3,6,48,36
0,3,6,49,24
0,3,6,50,56
0,3,6,51,4
0,3,6,52,36
0,3,6,53,0
0,3,6,54,24
0,3,6,55,0
0,3,6,56,0
0,3,6,57,0
0,3,6,58,0
0,3,6,59,0
0,3,6,60,0
0,3,6,61,0
0,3,6,62,32
0,3,6,63,0
0,3,6,64,360
0,3,6,65,360
0,3,6,66,0
0,3,6,67,52
0,3,6,68,54
0,3,6,69,734
0,3,6,70,734
0,3,6,71,2268
0,3,6,72,3420
0,3,6,73,0
0,3,6,74,52
0,3,6,75,54
0,3,6,76,4332
0,3,6,77,1722
0,3,6,78,760
0,3,6,79,348
0,3,6,80,112
0,3,6,81,198
0,3,6,82,0
0,3,6,83,260
0,3,6,84,220
0,3,6,85,0
0,3,6,86,300
0,3,6,87,0
0,3,6,88,6
0,3,6,89,6
0,3,6,90,12
0,3,6,91,0
0,3,6,92,0
0,3,6,93,4
0,3,6,94,0
0,3,6,95,6
0,3,6,96,6
0,3,6,97,12
0,3,6,98,0
0,3,6,99,0
0,3,6,100,4
0,3,6,101,0
0,3,6,102,0
0,3,6,103,12
0,3,6,104,42
0,3,6,105,48
0,3,6,106,72
0,3,6,107,0
0,3,6,108,0
0,3,6,109,66
0,3,6,110,0
0,3,6,111,42
0,3,6,112,48
0,3,6,113,72
0,3,6,114,0
0,3,6,115,0
0,3,6,116,66
0,3,6,117,0
0,3,6,118,42
0,3,6,119,48
0,3,6,120,72
0,3,6,121,0
0,3,6,122,0
0,3,6,123,66
0,3,6,124,0
0,3,6,125,42
0,3,6,126,48
0,3,6,127,72
0,3,6,128,0
0,3,6,129,0
0,3,6,130,66
0,3,6,131,0
0,3,6,132,732
0,3,6,133,732
0,3,6,134,0
0,3,6,135,0
0,3,6,136,0
0,3,6,137,0
0,3,6,138,0
0,3,6,139,0
0,3,6,140,0
0,3,6,141,0
0,3,6,142,0
0,3,6,143,0
0,3,6,144,48
0,3,6,145,0
0,3,6,146,0
0,3,6,147,0
0,3,6,148,276
0,3,6,149,0
0,3,6,150,0
0,3,6,151,220
0,3,6,152,220
0,3,6,153,188
0,3,6,154,222
0,3,6,155,0
0,3,6,156,0
0,3,6,157,300
0,3,6,158,248
0,3,6,159,248
0,3,6,160,254
0,3,6,161,28
0,3,6,162,28
0,3,6,163,40
0,3,6,164,8
0,3,6,165,300
0,3,6,166,276
0,3,6,167,24
0,3,6,168,0
0,3,6,169,0
0,3,6,170,0
0,3,6,171,0
0,3,6,172,0
0,3,6,173,0
0,3,6,174,0
0,3,6,175,0
0,3,6,176,0
0,3,6,177,0
0,3,6,178,0
0,3,6,179,0
0,3,6,180,0
0,3,6,181,0
0,3,6,182,28
0,3,6,183,28
0,3,6,184,48
0,3,6,185,0
0,3,6,186,0
0,3,6,187,28
0,3,6,188,28
0,3,6,189,0
0,3,6,190,0
0,3,6,191,0
0,3,6,192,0
0,3,6,193,220
0,3,6,194,192
0,3,6,195,14
0,3,6,196,8
0,3,6,197,192
0,3,6,198,0
0,3,6,199,0
0,3,6,200,0
0,3,6,201,0
0,3,6,202,0
0,3,6,203,0
0,3,6,204,0
0,3,6,205,0
0,3,6,206,0
0,3,6,207,0
0,3,6,208,0
0,3,6,209,0
0,3,6,210,0
0,3,6,211,0
0,3,6,212,0
0,3,6,213,0
0,3,6,214,0
0,3,6,215,0
0,2,7,1,36
0,2,7,2,34
0,2,7,3,0
0,2,7,4,70
0,2,7,5,70
0,2,7,6,8
0,2,7,7,0
0,2,7,8,12800
0,2,7,9,8704
0,2,7,10,0
0,2,7,11,335
0,2,7,12,218
0,2,7,13,0
0,2,7,14,0
0,2,7,15,0
0,2,7,16,373
0,2,7,17,36
0,2,7,18,409
0,2,7,19,0
0,2,7,20,225
0,2,7,21,0
0,2,7,22,0
0,2,7,23,5463
0,2,7,24,0
0,2,7,25,0
0,2,7,26,948
0,2,7,27,650
0,2,7,28,58
0,2,7,29,0
0,2,7,30,10
0,2,7,31,5
0,2,7,32,0
0,2,7,33,2
0,2,7,34,0
0,2,7,35,2
0,2,7,36,0
0,2,7,37,0
0,2,7,38,0
0,2,7,39,0
0,2,7,40,0
0,2,7,41,0
0,2,7,42,0
0,2,7,43,0
0,2,7,44,0
0,2,7,45,0
0,2,7,46,0
0,2,7,47,34
0,2,7,48,50
0,2,7,49,34
0,2,7,50,80
0,2,7,51,5
0,2,7,52,50
0,2,7,53,0
0,2,7,54,34
0,2,7,55,0
0,2,7,56,0
0,2,7,57,0
0,2,7,58,0
0,2,7,59,0
0,2,7,60,0
0,2,7,61,0
0,2,7,62,46
0,2,7,63,0
0,2,7,64,511
0,2,7,65,511
0,2,7,66,0
0,2,7,67,69
0,2,7,68,72
0,2,7,69,921
0,2,7,70,921
0,2,7,71,3433
0,2,7,72,5184
0,2,7,73,0
0,2,7,74,69
0,2,7,75,72
0,2,7,76,6213
0,2,7,77,2430
0,2,7,78,948
0,2,7,79,496
0,2,7,80,146
0,2,7,81,301
0,2,7,82,0
0,2,7,83,381
0,2,7,84,333
0,2,7,85,0
0,2,7,86,436
0,2,7,87,0
0,2,7,88,8
0,2,7,89,9
0,2,7,90,17
0,2,7,91,0
0,2,7,92,0
0,2,7,93,6
0,2,7,94,0
0,2,7,95,8
0,2,7,96,9
0,2,7,97,17
0,2,7,98,0
0,2,7,99,0
0,2,7,100,6
0,2,7,101,0
0,2,7,102,0
0,2,7,103,17
0,2,7,104,56
0,2,7,105,72
0,2,7,106,102
0,2,7,107,0
0,2,7,108,0
0,2,7,109,99
0,2,7,110,0
0,2,7,111,56
0,2,7,112,72
0,2,7,113,102
0,2,7,114,0
0,2,7,115,0
0,2,7,116,99
0,2,7,117,0
0,2,7,118,56
0,2,7,119,72
0,2,7,120,99
0,2,7,121,0
0,2,7,122,0
0,2,7,123,99
0,2,7,124,0
0,2,7,125,56
0,2,7,126,72
0,2,7,127,99
0,2,7,128,0
0,2,7,129,0
0,2,7,130,99
0,2,7,131,0
0,2,7,132,908
0,2,7,133,908
0,2,7,134,0
0,2,7,135,0
0,2,7,136,0
0,2,7,137,0
0,2,7,138,0
0,2,7,139,0
0,2,7,140,0
0,2,7,141,0
0,2,7,142,0
0,2,7,143,0
0,2,7,144,68
0,2,7,145,0
0,2,7,146,0
0,2,7,147,0
0,2,7,148,402
0,2,7,149,0
0,2,7,150,0
0,2,7,151,327
0,2,7,152,327
0,2,7,153,277
0,2,7,154,334
0,2,7,155,0
0,2,7,156,0
0,2,7,157,436
0,2,7,158,367
0,2,7,159,367
0,2,7,160,374
0,2,7,161,40
0,2,7,162,40
0,2,7,163,56
0,2,7,164,12
0,2,7,165,436
0,2,7,166,402
0,2,7,167,34
0,2,7,168,0
0,2,7,169,0
0,2,7,170,0
0,2,7,171,0
0,2,7,172,0
0,2,7,173,0
0,2,7,174,0
0,2,7,175,0
0,2,7,176,0
0,2,7,177,0
0,2,7,178,0
0,2,7,179,0
0,2,7,180,0
0,2,7,181,0
0,2,7,182,40
0,2,7,183,40
0,2,7,184,68
0,2,7,185,0
0,2,7,186,0
0,2,7,187,40
0,2,7,188,40
0,2,7,189,0
0,2,7,190,0
0,2,7,191,0
0,2,7,192,0
0,2,7,193,333
0,2,7,194,293
0,2,7,195,21
0,2,7,196,10
0,2,7,197,293
0,2,7,198,0
0,2,7,199,0
0,2,7,200,0
0,2,7,201,0
0,2,7,202,0
0,2,7,203,0
0,2,7,204,0
0,2,7,205,0
0,2,7,206,0
0,2,7,207,0
0,2,7,208,0
0,2,7,209,0
0,2,7,210,0
0,2,7,211,0
0,2,7,212,0
0,2,7,213,0
0,2,7,214,0
0,2,7,215,0
0,2,8,1,39
0,2,8,2,36
0,2,8,3,0
0,2,8,4,75
0,2,8,5,75
0,2,8,6,9
0,2,8,7,0
0,2,8,8,13824
0,2,8,9,9216
0,2,8,10,0
0,2,8,11,335
0,2,8,12,254
0,2,8,13,0
0,2,8,14,0
0,2,8,15,0
0,2,8,16,373
0,2,8,17,36
0,2,8,18,409
0,2,8,19,0
0,2,8,20,240
0,2,8,21,0
0,2,8,22,0
0,2,8,23,5670
0,2,8,24,0
0,2,8,25,0
0,2,8,26,985
0,2,8,27,683
0,2,8,28,59
0,2,8,29,0
0,2,8,30,11
0,2,8,31,5
0,2,8,32,0
0,2,8,33,3
0,2,8,34,0
0,2,8,35,3
0,2,8,36,0
0,2,8,37,0
0,2,8,38,0
0,2,8,39,0
0,2,8,40,0
0,2,8,41,0
0,2,8,42,0
0,2,8,43,0
0,2,8,44,0
0,2,8,45,0
0,2,8,46,0
0,2,8,47,36
0,2,8,48,54
0,2,8,49,36
0,2,8,50,84
0,2,8,51,6
0,2,8,52,54
0,2,8,53,0
0,2,8,54,36
0,2,8,55,0
0,2,8,56,0
0,2,8,57,0
0,2,8,58,0
0,2,8,59,0
0,2,8,60,0
0,2,8,61,0
0,2,8,62,48
0,2,8,63,0
0,2,8,64,540
0,2,8,65,540
0,2,8,66,0
0,2,8,67,78
0,2,8,68,81
0,2,8,69,957
0,2,8,70,957
0,2,8,71,3502
0,2,8,72,5273
0,2,8,73,0
0,2,8,74,78
0,2,8,75,81
0,2,8,76,6348
0,2,8,77,2485
0,2,8,78,985
0,2,8,79,522
0,2,8,80,170
0,2,8,81,301
0,2,8,82,0
0,2,8,83,390
0,2,8,84,335
0,2,8,85,0
0,2,8,86,450
0,2,8,87,0
0,2,8,88,9
0,2,8,89,9
0,2,8,90,18
0,2,8,91,0
0,2,8,92,0
0,2,8,93,6
0,2,8,94,0
0,2,8,95,9
0,2,8,96,9
0,2,8,97,18
0,2,8,98,0
0,2,8,99,0
0,2,8,100,6
0,2,8,101,0
0,2,8,102,0
0,2,8,103,18
0,2,8,104,63
0,2,8,105,72
0,2,8,106,108
0,2,8,107,0
0,2,8,108,0
0,2,8,109,99
0,2,8,110,0
0,2,8,111,63
0,2,8,112,72
0,2,8,113,108
0,2,8,114,0
0,2,8,115,0
0,2,8,116,99
0,2,8,117,0
0,2,8,118,63
0,2,8,119,72
0,2,8,120,105
0,2,8,121,0
0,2,8,122,0
0,2,8,123,99
0,2,8,124,0
0,2,8,125,63
0,2,8,126,72
0,2,8,127,105
0,2,8,128,0
0,2,8,129,0
0,2,8,130,99
0,2,8,131,0
0,2,8,132,943
0,2,8,133,943
0,2,8,134,0
0,2,8,135,0
0,2,8,136,0
0,2,8,137,0
0,2,8,138,0
0,2,8,139,0
0,2,8,140,0
0,2,8,141,0
0,2,8,142,0
0,2,8,143,0
0,2,8,144,72
0,2,8,145,0
0,2,8,146,0
0,2,8,147,0
0,2,8,148,414
0,2,8,149,0
0,2,8,150,0
0,2,8,151,332
0,2,8,152,332
0,2,8,153,282
0,2,8,154,338
0,2,8,155,0
0,2,8,156,0
0,2,8,157,450
0,2,8,158,374
0,2,8,159,374
0,2,8,160,382
0,2,8,161,42
0,2,8,162,42
0,2,8,163,60
0,2,8,164,12
0,2,8,165,450
0,2,8,166,414
0,2,8,167,36
0,2,8,168,0
0,2,8,169,0
0,2,8,170,0
0,2,8,171,0
0,2,8,172,0
0,2,8,173,0
0,2,8,174,0
0,2,8,175,0
0,2,8,176,0
0,2,8,177,0
0,2,8,178,0
0,2,8,179,0
0,2,8,180,0
0,2,8,181,0
0,2,8,182,42
0,2,8,183,42
0,2,8,184,72
0,2,8,185,0
0,2,8,186,0
0,2,8,187,42
0,2,8,188,42
0,2,8,189,0
0,2,8,190,0
0,2,8,191,0
0,2,8,192,0
0,2,8,193,335
0,2,8,194,293
0,2,8,195,21
0,2,8,196,12
0,2,8,197,293
0,2,8,198,0
0,2,8,199,0
0,2,8,200,0
0,2,8,201,0
0,2,8,202,0
0,2,8,203,0
0,2,8,204,0
0,2,8,205,0
0,2,8,206,0
0,2,8,207,0
0,2,8,208,0
0,2,8,209,0
0,2,8,210,0
0,2,8,211,0
0,2,8,212,0
0,2,8,213,0
0,2,8,214,0
0,2,8,215,0
0,3,7,1,36
0,3,7,2,34
0,3,7,3,0
0,3,7,4,70
0,3,7,5,70
0,3,7,6,8
0,3,7,7,0
0,3,7,8,12800
0,3,7,9,8704
0,3,7,10,0
0,3,7,11,306
0,3,7,12,224
0,3,7,13,0
0,3,7,14,0
0,3,7,15,0
0,3,7,16,344
0,3,7,17,36
0,3,7,18,380
0,3,7,19,0
0,3,7,20,225
0,3,7,21,0
0,3,7,22,0
0,3,7,23,5289
0,3,7,24,0
0,3,7,25,0
0,3,7,26,919
0,3,7,27,626
0,3,7,28,58
0,3,7,29,0
0,3,7,30,10
0,3,7,31,5
0,3,7,32,0
0,3,7,33,2
0,3,7,34,0
0,3,7,35,2
0,3,7,36,0
0,3,7,37,0
0,3,7,38,0
0,3,7,39,0
0,3,7,40,0
0,3,7,41,0
0,3,7,42,0
0,3,7,43,0
0,3,7,44,0
0,3,7,45,0
0,3,7,46,0
0,3,7,47,34
0,3,7,48,50
0,3,7,49,34
0,3,7,50,80
0,3,7,51,5
0,3,7,52,50
0,3,7,53,0
0,3,7,54,34
0,3,7,55,0
0,3,7,56,0
0,3,7,57,0
0,3,7,58,0
0,3,7,59,0
0,3,7,60,0
0,3,7,61,0
0,3,7,62,46
0,3,7,63,0
0,3,7,64,511
0,3,7,65,511
0,3,7,66,0
0,3,7,67,69
0,3,7,68,72
0,3,7,69,892
0,3,7,70,892
0,3,7,71,3433
0,3,7,72,5184
0,3,7,73,0
0,3,7,74,69
0,3,7,75,72
0,3,7,76,6155
0,3,7,77,2401
0,3,7,78,919
0,3,7,79,496
0,3,7,80,146
0,3,7,81,301
0,3,7,82,0
0,3,7,83,381
0,3,7,84,333
0,3,7,85,0
0,3,7,86,436
0,3,7,87,0
0,3,7,88,8
0,3,7,89,9
0,3,7,90,17
0,3,7,91,0
0,3,7,92,0
0,3,7,93,6
0,3,7,94,0
0,3,7,95,8
0,3,7,96,9
0,3,7,97,17
0,3,7,98,0
0,3,7,99,0
0,3,7,100,6
0,3,7,101,0
0,3,7,102,0
0,3,7,103,17
0,3,7,104,56
0,3,7,105,72
0,3,7,106,102
0,3,7,107,0
0,3,7,108,0
0,3,7,109,99
0,3,7,110,0
0,3,7,111,56
0,3,7,112,72
0,3,7,113,102
0,3,7,114,0
0,3,7,115,0
0,3,7,116,99
0,3,7,117,0
0,3,7,118,56
0,3,7,119,72
0,3,7,120,99
0,3,7,121,0
0,3,7,122,0
0,3,7,123,99
0,3,7,124,0
0,3,7,125,56
0,3,7,126,72
0,3,7,127,99
0,3,7,128,0
0,3,7,129,0
0,3,7,130,99
0,3,7,131,0
0,3,7,132,879
0,3,7,133,879
0,3,7,134,0
0,3,7,135,0
0,3,7,136,0
0,3,7,137,0
0,3,7,138,0
0,3,7,139,0
0,3,7,140,0
0,3,7,141,0
0,3,7,142,0
0,3,7,143,0
0,3,7,144,68
0,3,7,145,0
0,3,7,146,0
0,3,7,147,0
0,3,7,148,402
0,3,7,149,0
0,3,7,150,0
0,3,7,151,327
0,3,7,152,327
0,3,7,153,277
0,3,7,154,334
0,3,7,155,0
0,3,7,156,0
0,3,7,157,436
0,3,7,158,367
0,3,7,159,367
0,3,7,160,374
0,3,7,161,40
0,3,7,162,40
0,3,7,163,56
0,3,7,164,12
0,3,7,165,436
0,3,7,166,402
0,3,7,167,34
0,3,7,168,0
0,3,7,169,0
0,3,7,170,0
0,3,7,171,0
0,3,7,172,0
0,3,7,173,0
0,3,7,174,0
0,3,7,175,0
0,3,7,176,0
0,3,7,177,0
0,3,7,178,0
0,3,7,179,0
0,3,7,180,0
0,3,7,181,0
0,3,7,182,40
0,3,7,183,40
0,3,7,184,68
0,3,7,185,0
0,3,7,186,0
0,3,7,187,40
0,3,7,188,40
0,3,7,189,0
0,3,7,190,0
0,3,7,191,0
0,3,7,192,0
0,3,7,193,333
0,3,7,194,293
0,3,7,195,21
0,3,7,196,10
0,3,7,197,293
0,3,7,198,0
0,3,7,199,0
0,3,7,200,0
0,3,7,201,0
0,3,7,202,0
0,3,7,203,0
0,3,7,204,0
0,3,7,205,0
0,3,7,206,0
0,3,7,207,0
0,3,7,208,0
0,3,7,209,0
0,3,7,210,0
0,3,7,211,0
0,3,7,212,0
0,3,7,213,0
0,3,7,214,0
0,3,7,215,0
0,3,8,1,39
0,3,8,2,36
0,3,8,3,0
0,3,8,4,75
0,3,8,5,75
0,3,8,6,9
0,3,8,7,0
0,3,8,8,13824
0,3,8,9,9216
0,3,8,10,0
0,3,8,11,306
0,3,8,12,260
0,3,8,13,0
0,3,8,14,0
0,3,8,15,0
0,3,8,16,344
0,3,8,17,36
0,3,8,18,380
0,3,8,19,0
0,3,8,20,240
0,3,8,21,0
0,3,8,22,0
0,3,8,23,5496
0,3,8,24,0
0,3,8,25,0
0,3,8,26,956
0,3,8,27,659
0,3,8,28,59
0,3,8,29,0
0,3,8,30,11
0,3,8,31,5
0,3,8,32,0
0,3,8,33,3
0,3,8,34,0
0,3,8,35,3
0,3,8,36,0
0,3,8,37,0
0,3,8,38,0
0,3,8,39,0
0,3,8,40,0
0,3,8,41,0
0,3,8,42,0
0,3,8,43,0
0,3,8,44,0
0,3,8,45,0
0,3,8,46,0
0,3,8,47,36
0,3,8,48,54
0,3,8,49,36
0,3,8,50,84
0,3,8,51,6
0,3,8,52,54
0,3,8,53,0
0,3,8,54,36
0,3,8,55,0
0,3,8,56,0
0,3,8,57,0
0,3,8,58,0
0,3,8,59,0
0,3,8,60,0
0,3,8,61,0
0,3,8,62,48
0,3,8,63,0
0,3,8,64,540
0,3,8,65,540
0,3,8,66,0
0,3,8,67,78
0,3,8,68,81
0,3,8,69,928
0,3,8,70,928
0,3,8,71,3502
0,3,8,72,5273
0,3,8,73,0
0,3,8,74,78
0,3,8,75,81
0,3,8,76,6290
0,3,8,77,2456
0,3,8,78,956
0,3,8,79,522
0,3,8,80,170
0,3,8,81,301
0,3,8,82,0
0,3,8,83,390
0,3,8,84,335
0,3,8,85,0
0,3,8,86,450
0,3,8,87,0
0,3,8,88,9
0,3,8,89,9
0,3,8,90,18
0,3,8,91,0
0,3,8,92,0
0,3,8,93,6
0,3,8,94,0
0,3,8,95,9
0,3,8,96,9
0,3,8,97,18
0,3,8,98,0
0,3,8,99,0
0,3,8,100,6
0,3,8,101,0
0,3,8,102,0
0,3,8,103,18
0,3,8,104,63
0,3,8,105,72
0,3,8,106,108
0,3,8,107,0
0,3,8,108,0
0,3,8,109,99
0,3,8,110,0
0,3,8,111,63
0,3,8,112,72
0,3,8,113,108
0,3,8,114,0
0,3,8,115,0
0,3,8,116,99
0,3,8,117,0
0,3,8,118,63
0,3,8,119,72
0,3,8,120,105
0,3,8,121,0
0,3,8,122,0
0,3,8,123,99
0,3,8,124,0
0,3,8,125,63
0,3,8,126,72
0,3,8,127,105
0,3,8,128,0
0,3,8,129,0
0,3,8,130,99
0,3,8,131,0
0,3,8,132,914
0,3,8,133,914
0,3,8,134,0
0,3,8,135,0
0,3,8,136,0
0,3,8,137,0
0,3,8,138,0
0,3,8,139,0
0,3,8,140,0
0,3,8,141,0
0,3,8,142,0
0,3,8,143,0
0,3,8,144,72
0,3,8,145,0
0,3,8,146,0
0,3,8,147,0
0,3,8,148,414
0,3,8,149,0
0,3,8,150,0
0,3,8,151,332
0,3,8,152,332
0,3,8,153,282
0,3,8,154,338
0,3,8,155,0
0,3,8,156,0
0,3,8,157,450
0,3,8,158,374
0,3,8,159,374
0,3,8,160,382
0,3,8,161,42
0,3,8,162,42
0,3,8,163,60
0,3,8,164,12
0,3,8,165,450
0,3,8,166,414
0,3,8,167,36
0,3,8,168,0
0,3,8,169,0
0,3,8,170,0
0,3,8,171,0
0,3,8,172,0
0,3,8,173,0
0,3,8,174,0
0,3,8,175,0
0,3,8,176,0
0,3,8,177,0
0,3,8,178,0
0,3,8,179,0
0,3,8,180,0
0,3,8,181,0
0,3,8,182,42
0,3,8,183,42
0,3,8,184,72
0,3,8,185,0
0,3,8,186,0
0,3,8,187,42
0,3,8,188,42
0,3,8,189,0
0,3,8,190,0
0,3,8,191,0
0,3,8,192,0
0,3,8,193,335
0,3,8,194,293
0,3,8,195,21
0,3,8,196,12
0,3,8,197,293
0,3,8,198,0
0,3,8,199,0
0,3,8,200,0
0,3,8,201,0
0,3,8,202,0
0,3,8,203,0
0,3,8,204,0
0,3,8,205,0
0,3,8,206,0
0,3,8,207,0
0,3,8,208,0
0,3,8,209,0
0,3,8,210,0
0,3,8,211,0
0,3,8,212,0
0,3,8,213,0
0,3,8,214,0
0,3,8,215,0
0,2,9,1,49
0,2,9,2,46
0,2,9,3,0
0,2,9,4,95
0,2,9,5,95
0,2,9,6,11
0,2,9,7,0
0,2,9,8,17408
0,2,9,9,11776
0,2,9,10,0
0,2,9,11,335
0,2,9,12,278
0,2,9,13,0
0,2,9,14,0
0,2,9,15,0
0,2,9,16,385
0,2,9,17,48
0,2,9,18,433
0,2,9,19,0
0,2,9,20,305
0,2,9,21,0
0,2,9,22,0
0,2,9,23,6679
0,2,9,24,0
0,2,9,25,0
0,2,9,26,1164
0,2,9,27,737
0,2,9,28,79
0,2,9,29,0
0,2,9,30,12
0,2,9,31,5
0,2,9,32,0
0,2,9,33,3
0,2,9,34,0
0,2,9,35,3
0,2,9,36,0
0,2,9,37,0
0,2,9,38,0
0,2,9,39,0
0,2,9,40,0
0,2,9,41,0
0,2,9,42,0
0,2,9,43,0
0,2,9,44,0
0,2,9,45,0
0,2,9,46,0
0,2,9,47,46
0,2,9,48,68
0,2,9,49,46
0,2,9,50,108
0,2,9,51,7
0,2,9,52,68
0,2,9,53,0
0,2,9,54,46
0,2,9,55,0
0,2,9,56,0
0,2,9,57,0
0,2,9,58,0
0,2,9,59,0
0,2,9,60,0
0,2,9,61,0
0,2,9,62,62
0,2,9,63,0
0,2,9,64,691
0,2,9,65,691
0,2,9,66,0
0,2,9,67,95
0,2,9,68,99
0,2,9,69,1134
0,2,9,70,1134
0,2,9,71,4569
0,2,9,72,6896
0,2,9,73,0
0,2,9,74,95
0,2,9,75,99
0,2,9,76,8071
0,2,9,77,3137
0,2,9,78,1164
0,2,9,79,670
0,2,9,80,204
0,2,9,81,400
0,2,9,82,0
0,2,9,83,511
0,2,9,84,443
0,2,9,85,0
0,2,9,86,586
0,2,9,87,0
0,2,9,88,11
0,2,9,89,12
0,2,9,90,23
0,2,9,91,0
0,2,9,92,0
0,2,9,93,8
0,2,9,94,0
0,2,9,95,11
0,2,9,96,12
0,2,9,97,23
0,2,9,98,0
0,2,9,99,0
0,2,9,100,8
0,2,9,101,0
0,2,9,102,0
0,2,9,103,23
0,2,9,104,77
0,2,9,105,96
0,2,9,106,138
0,2,9,107,0
0,2,9,108,0
0,2,9,109,132
0,2,9,110,0
0,2,9,111,77
0,2,9,112,96
0,2,9,113,138
0,2,9,114,0
0,2,9,115,0
0,2,9,116,132
0,2,9,117,0
0,2,9,118,77
0,2,9,119,96
0,2,9,120,135
0,2,9,121,0
0,2,9,122,0
0,2,9,123,132
0,2,9,124,0
0,2,9,125,77
0,2,9,126,96
0,2,9,127,135
0,2,9,128,0
0,2,9,129,0
0,2,9,130,132
0,2,9,131,0
0,2,9,132,1110
0,2,9,133,1110
0,2,9,134,0
0,2,9,135,0
0,2,9,136,0
0,2,9,137,0
0,2,9,138,0
0,2,9,139,0
0,2,9,140,0
0,2,9,141,0
0,2,9,142,0
0,2,9,143,0
0,2,9,144,92
0,2,9,145,0
0,2,9,146,0
0,2,9,147,0
0,2,9,148,540
0,2,9,149,0
0,2,9,150,0
0,2,9,151,437
0,2,9,152,437
0,2,9,153,371
0,2,9,154,445
0,2,9,155,0
0,2,9,156,0
0,2,9,157,586
0,2,9,158,491
0,2,9,159,491
0,2,9,160,501
0,2,9,161,54
0,2,9,162,54
0,2,9,163,76
0,2,9,164,16
0,2,9,165,586
0,2,9,166,540
0,2,9,167,46
0,2,9,168,0
0,2,9,169,0
0,2,9,170,0
0,2,9,171,0
0,2,9,172,0
0,2,9,173,0
0,2,9,174,0
0,2,9,175,0
0,2,9,176,0
0,2,9,177,0
0,2,9,178,0
0,2,9,179,0
0,2,9,180,0
0,2,9,181,0
0,2,9,182,54
0,2,9,183,54
0,2,9,184,92
0,2,9,185,0
0,2,9,186,0
0,2,9,187,54
0,2,9,188,54
0,2,9,189,0
0,2,9,190,0
0,2,9,191,0
0,2,9,192,0
0,2,9,193,443
0,2,9,194,389
0,2,9,195,28
0,2,9,196,14
0,2,9,197,389
0,2,9,198,0
0,2,9,199,0
0,2,9,200,0
0,2,9,201,0
0,2,9,202,0
0,2,9,203,0
0,2,9,204,0
0,2,9,205,0
0,2,9,206,0
0,2,9,207,0
0,2,9,208,0
0,2,9,209,0
0,2,9,210,0
0,2,9,211,0
0,2,9,212,0
0,2,9,213,0
0,2,9,214,0
0,2,9,215,0
0,2,10,1,52
0,2,10,2,48
0,2,10,3,0
0,2,10,4,100
0,2,10,5,100
0,2,10,6,12
0,2,10,7,0
0,2,10,8,18432
0,2,10,9,12288
0,2,10,10,0
0,2,10,11,335
0,2,10,12,292
0,2,10,13,0
0,2,10,14,0
0,2,10,15,0
0,2,10,16,391
0,2,10,17,51
0,2,10,18,442
0,2,10,19,0
0,2,10,20,320
0,2,10,21,0
0,2,10,22,0
0,2,10,23,6886
0,2,10,24,0
0,2,10,25,0
0,2,10,26,1201
0,2,10,27,756
0,2,10,28,80
0,2,10,29,0
0,2,10,30,13
0,2,10,31,5
0,2,10,32,0
0,2,10,33,4
0,2,10,34,0
0,2,10,35,4
0,2,10,36,0
0,2,10,37,0
0,2,10,38,0
0,2,10,39,0
0,2,10,40,0
0,2,10,41,0
0,2,10,42,0
0,2,10,43,0
0,2,10,44,0
0,2,10,45,0
0,2,10,46,0
0,2,10,47,48
0,2,10,48,72
0,2,10,49,48
0,2,10,50,112
0,2,10,51,8
0,2,10,52,72
0,2,10,53,0
0,2,10,54,48
0,2,10,55,0
0,2,10,56,0
0,2,10,57,0
0,2,10,58,0
0,2,10,59,0
0,2,10,60,0
0,2,10,61,0
0,2,10,62,64
0,2,10,63,0
0,2,10,64,720
0,2,10,65,720
0,2,10,66,0
0,2,10,67,104
0,2,10,68,108
0,2,10,69,1170
0,2,10,70,1170
0,2,10,71,4638
0,2,10,72,6985
0,2,10,73,0
0,2,10,74,104
0,2,10,75,108
0,2,10,76,8206
0,2,10,77,3192
0,2,10,78,1201
0,2,10,79,696
0,2,10,80,228
0,2,10,81,400
0,2,10,82,0
0,2,10,83,520
0,2,10,84,445
0,2,10,85,0
0,2,10,86,600
0,2,10,87,0
0,2,10,88,12
0,2,10,89,12
0,2,10,90,24
0,2,10,91,0
0,2,10,92,0
0,2,10,93,8
0,2,10,94,0
0,2,10,95,12
0,2,10,96,12
0,2,10,97,24
0,2,10,98,0
0,2,10,99,0
0,2,10,100,8
0,2,10,101,0
0,2,10,102,0
0,2,10,103,24
0,2,10,104,84
0,2,10,105,96
0,2,10,106,144
0,2,10,107,0
0,2,10,108,0
0,2,10,109,132
0,2,10,110,0
0,2,10,111,84
0,2,10,112,96
0,2,10,113,144
0,2,10,114,0
0,2,10,115,0
0,2,10,116,132
0,2,10,117,0
0,2,10,118,84
0,2,10,119,96
0,2,10,120,141
0,2,10,121,0
0,2,10,122,0
0,2,10,123,132
0,2,10,124,0
0,2,10,125,84
0,2,10,126,96
0,2,10,127,141
0,2,10,128,0
0,2,10,129,0
0,2,10,130,132
0,2,10,131,0
0,2,10,132,1145
0,2,10,133,1145
0,2,10,134,0
0,2,10,135,0
0,2,10,136,0
0,2,10,137,0
0,2,10,138,0
0,2,10,139,0
0,2,10,140,0
0,2,10,141,0
0,2,10,142,0
0,2,10,143,0
0,2,10,144,96
0,2,10,145,0
0,2,10,146,0
0,2,10,147,0
0,2,10,148,552
0,2,10,149,0
0,2,10,150,0
0,2,10,151,442
0,2,10,152,442
0,2,10,153,376
0,2,10,154,449
0,2,10,155,0
0,2,10,156,0
0,2,10,157,600
0,2,10,158,498
0,2,10,159,498
0,2,10,160,509
0,2,10,161,56
0,2,10,162,56
0,2,10,163,80
0,2,10,164,16
0,2,10,165,600
0,2,10,166,552
0,2,10,167,48
0,2,10,168,0
0,2,10,169,0
0,2,10,170,0
0,2,10,171,0
0,2,10,172,0
0,2,10,173,0
0,2,10,174,0
0,2,10,175,0
0,2,10,176,0
0,2,10,177,0
0,2,10,178,0
0,2,10,179,0
0,2,10,180,0
0,2,10,181,0
0,2,10,182,56
0,2,10,183,56
0,2,10,184,96
0,2,10,185,0
0,2,10,186,0
0,2,10,187,56
0,2,10,188,56
0,2,10,189,0
0,2,10,190,0
0,2,10,191,0
0,2,10,192,0
0,2,10,193,445
0,2,10,194,389
0,2,10,195,28
0,2,10,196,16
0,2,10,197,389
0,2,10,198,0
0,2,10,199,0
0,2,10,200,0
0,2,10,201,0
0,2,10,202,0
0,2,10,203,0
0,2,10,204,0
0,2,10,205,0
0,2,10,206,0
0,2,10,207,0
0,2,10,208,0
0,2,10,209,0
0,2,10,210,0
0,2,10,211,0
0,2,10,212,0
0,2,10,213,0
0,2,10,214,0
0,2,10,215,0
0,3,9,1,49
0,3,9,2,46
0,3,9,3,0
0,3,9,4,95
0,3,9,5,95
0,3,9,6,11
0,3,9,7,0
0,3,9,8,17408
0,3,9,9,11776
0,3,9,10,0
0,3,9,11,306
0,3,9,12,291
0,3,9,13,0
0,3,9,14,0
0,3,9,15,0
0,3,9,16,356
0,3,9,17,48
0,3,9,18,404
0,3,9,19,0
0,3,9,20,305
0,3,9,21,0
0,3,9,22,0
0,3,9,23,6541
0,3,9,24,0
0,3,9,25,0
0,3,9,26,1141
0,3,9,27,719
0,3,9,28,79
0,3,9,29,0
0,3,9,30,12
0,3,9,31,5
0,3,9,32,0
0,3,9,33,3
0,3,9,34,0
0,3,9,35,3
0,3,9,36,0
0,3,9,37,0
0,3,9,38,0
0,3,9,39,0
0,3,9,40,0
0,3,9,41,0
0,3,9,42,0
0,3,9,43,0
0,3,9,44,0
0,3,9,45,0
0,3,9,46,0
0,3,9,47,46
0,3,9,48,68
0,3,9,49,46
0,3,9,50,108
0,3,9,51,7
0,3,9,52,68
0,3,9,53,0
0,3,9,54,46
0,3,9,55,0
0,3,9,56,0
0,3,9,57,0
0,3,9,58,0
0,3,9,59,0
0,3,9,60,0
0,3,9,61,0
0,3,9,62,62
0,3,9,63,0
0,3,9,64,691
0,3,9,65,691
0,3,9,66,0
0,3,9,67,95
0,3,9,68,99
0,3,9,69,1111
0,3,9,70,1111
0,3,9,71,4569
0,3,9,72,6896
0,3,9,73,0
0,3,9,74,95
0,3,9,75,99
0,3,9,76,8025
0,3,9,77,3114
0,3,9,78,1141
0,3,9,79,670
0,3,9,80,204
0,3,9,81,400
0,3,9,82,0
0,3,9,83,511
0,3,9,84,443
0,3,9,85,0
0,3,9,86,586
0,3,9,87,0
0,3,9,88,11
0,3,9,89,12
0,3,9,90,23
0,3,9,91,0
0,3,9,92,0
0,3,9,93,8
0,3,9,94,0
0,3,9,95,11
0,3,9,96,12
0,3,9,97,23
0,3,9,98,0
0,3,9,99,0
0,3,9,100,8
0,3,9,101,0
0,3,9,102,0
0,3,9,103,23
0,3,9,104,77
0,3,9,105,96
0,3,9,106,138
0,3,9,107,0
0,3,9,108,0
0,3,9,109,132
0,3,9,110,0
0,3,9,111,77
0,3,9,112,96
0,3,9,113,138
0,3,9,114,0
0,3,9,115,0
0,3,9,116,132
0,3,9,117,0
0,3,9,118,77
0,3,9,119,96
0,3,9,120,135
0,3,9,121,0
0,3,9,122,0
0,3,9,123,132
0,3,9,124,0
0,3,9,125,77
0,3,9,126,96
0,3,9,127,135
0,3,9,128,0
0,3,9,129,0
0,3,9,130,132
0,3,9,131,0
0,3,9,132,1087
0,3,9,133,1087
0,3,9,134,0
0,3,9,135,0
0,3,9,136,0
0,3,9,137,0
0,3,9,138,0
0,3,9,139,0
0,3,9,140,0
0,3,9,141,0
0,3,9,142,0
0,3,9,143,0
0,3,9,144,92
0,3,9,145,0
0,3,9,146,0
0,3,9,147,0
0,3,9,148,540
0,3,9,149,0
0,3,9,150,0
0,3,9,151,437
0,3,9,152,437
0,3,9,153,371
0,3,9,154,445
0,3,9,155,0
0,3,9,156,0
0,3,9,157,586
0,3,9,158,491
0,3,9,159,491
0,3,9,160,501
0,3,9,161,54
0,3,9,162,54
0,3,9,163,76
0,3,9,164,16
0,3,9,165,586
0,3,9,166,540
0,3,9,167,46
0,3,9,168,0
0,3,9,169,0
0,3,9,170,0
0,3,9,171,0
0,3,9,172,0
0,3,9,173,0
0,3,9,174,0
0,3,9,175,0
0,3,9,176,0
0,3,9,177,0
0,3,9,178,0
0,3,9,179,0
0,3,9,180,0
0,3,9,181,0
0,3,9,182,54
0,3,9,183,54
0,3,9,184,92
0,3,9,185,0
0,3,9,186,0
0,3,9,187,54
0,3,9,188,54
0,3,9,189,0
0,3,9,190,0
0,3,9,191,0
0,3,9,192,0
0,3,9,193,443
0,3,9,194,389
0,3,9,195,28
0,3,9,196,14
0,3,9,197,389
0,3,9,198,0
0,3,9,199,0
0,3,9,200,0
0,3,9,201,0
0,3,9,202,0
0,3,9,203,0
0,3,9,204,0
0,3,9,205,0
0,3,9,206,0
0,3,9,207,0
0,3,9,208,0
0,3,9,209,0
0,3,9,210,0
0,3,9,211,0
0,3,9,212,0
0,3,9,213,0
0,3,9,214,0
0,3,9,215,0
0,3,10,1,52
0,3,10,2,48
0,3,10,3,0
0,3,10,4,100
0,3,10,5,100
0,3,10,6,12
0,3,10,7,0
0,3,10,8,18432
0,3,10,9,12288
0,3,10,10,0
0,3,10,11,306
0,3,10,12,313
0,3,10,13,0
0,3,10,14,0
0,3,10,15,0
0,3,10,16,362
0,3,10,17,50
0,3,10,18,412
0,3,10,19,0
0,3,10,20,320
0,3,10,21,0
0,3,10,22,0
0,3,10,23,6748
0,3,10,24,0
0,3,10,25,0
0,3,10,26,1178
0,3,10,27,745
0,3,10,28,80
0,3,10,29,0
0,3,10,30,13
0,3,10,31,5
0,3,10,32,0
0,3,10,33,4
0,3,10,34,0
0,3,10,35,4
0,3,10,36,0
0,3,10,37,0
0,3,10,38,0
0,3,10,39,0
0,3,10,40,0
0,3,10,41,0
0,3,10,42,0
0,3,10,43,0
0,3,10,44,0
0,3,10,45,0
0,3,10,46,0
0,3,10,47,48
0,3,10,48,72
0,3,10,49,48
0,3,10,50,112
0,3,10,51,8
0,3,10,52,72
0,3,10,53,0
0,3,10,54,48
0,3,10,55,0
0,3,10,56,0
0,3,10,57,0
0,3,10,58,0
0,3,10,59,0
0,3,10,60,0
0,3,10,61,0
0,3,10,62,64
0,3,10,63,0
0,3,10,64,720
0,3,10,65,720
0,3,10,66,0
0,3,10,67,104
0,3,10,68,108
0,3,10,69,1147
0,3,10,70,1147
0,3,10,71,4638
0,3,10,72,6985
0,3,10,73,0
0,3,10,74,104
0,3,10,75,108
0,3,10,76,8160
0,3,10,77,3169
0,3,10,78,1178
0,3,10,79,696
0,3,10,80,228
0,3,10,81,400
0,3,10,82,0
0,3,10,83,520
0,3,10,84,445
0,3,10,85,0
0,3,10,86,600
0,3,10,87,0
0,3,10,88,12
0,3,10,89,12
0,3,10,90,24
0,3,10,91,0
0,3,10,92,0
0,3,10,93,8
0,3,10,94,0
0,3,10,95,12
0,3,10,96,12
0,3,10,97,24
0,3,10,98,0
0,3,10,99,0
0,3,10,100,8
0,3,10,101,0
0,3,10,102,0
0,3,10,103,24
0,3,10,104,84
0,3,10,105,96
0,3,10,106,144
0,3,10,107,0
0,3,10,108,0
0,3,10,109,132
0,3,10,110,0
0,3,10,111,84
0,3,10,112,96
0,3,10,113,144
0,3,10,114,0
0,3,10,115,0
0,3,10,116,132
0,3,10,117,0
0,3,10,118,84
0,3,10,119,96
0,3,10,120,141
0,3,10,121,0
0,3,10,122,0
0,3,10,123,132
0,3,10,124,0
0,3,10,125,84
0,3,10,126,96
0,3,10,127,141
0,3,10,128,0
0,3,10,129,0
0,3,10,130,132
0,3,10,131,0
0,3,10,132,1122
0,3,10,133,1122
0,3,10,134,0
0,3,10,135,0
0,3,10,136,0
0,3,10,137,0
0,3,10,138,0
0,3,10,139,0
0,3,10,140,0
0,3,10,141,0
0,3,10,142,0
0,3,10,143,0
0,3,10,144,96
0,3,10,145,0
0,3,10,146,0
0,3,10,147,0
0,3,10,148,552
0,3,10,149,0
0,3,10,150,0
0,3,10,151,442
0,3,10,152,442
0,3,10,153,376
0,3,10,154,449
0,3,10,155,0
0,3,10,156,0
0,3,10,157,600
0,3,10,158,498
0,3,10,159,498
0,3,10,160,509
0,3,10,161,56
0,3,10,162,56
0,3,10,163,80
0,3,10,164,16
0,3,10,165,600
0,3,10,166,552
0,3,10,167,48
0,3,10,168,0
0,3,10,169,0
0,3,10,170,0
0,3,10,171,0
0,3,10,172,0
0,3,10,173,0
0,3,10,174,0
0,3,10,175,0
0,3,10,176,0
0,3,10,177,0
0,3,10,178,0
0,3,10,179,0
0,3,10,180,0
0,3,10,181,0
0,3,10,182,56
0,3,10,183,56
0,3,10,184,96
0,3,10,185,0
0,3,10,186,0
0,3,10,187,56
0,3,10,188,56
0,3,10,189,0
0,3,10,190,0
0,3,10,191,0
0,3,10,192,0
0,3,10,193,445
0,3,10,194,389
0,3,10,195,28
0,3,10,196,16
0,3,10,197,389
0,3,10,198,0
0,3,10,199,0
0,3,10,200,0
0,3,10,201,0
0,3,10,202,0
0,3,10,203,0
0,3,10,204,0
0,3,10,205,0
0,3,10,206,0
0,3,10,207,0
0,3,10,208,0
0,3,10,209,0
0,3,10,210,0
0,3,10,211,0
0,3,10,212,0
0,3,10,213,0
0,3,10,214,0
0,3,10,215,0
0,2,11,1,62
0,2,11,2,58
0,2,11,3,0
0,2,11,4,120
0,2,11,5,120
0,2,11,6,14
0,2,11,7,0
0,2,11,8,22016
0,2,11,9,14848
0,2,11,10,0
0,2,11,11,335
0,2,11,12,305
0,2,11,13,0
0,2,11,14,0
0,2,11,15,0
0,2,11,16,397
0,2,11,17,60
0,2,11,18,457
0,2,11,19,0
0,2,11,20,385
0,2,11,21,0
0,2,11,22,0
0,2,11,23,7775
0,2,11,24,0
0,2,11,25,0
0,2,11,26,1360
0,2,11,27,786
0,2,11,28,93
0,2,11,29,0
0,2,11,30,19
0,2,11,31,10
0,2,11,32,0
0,2,11,33,5
0,2,11,34,0
0,2,11,35,5
0,2,11,36,0
0,2,11,37,0
0,2,11,38,0
0,2,11,39,0
0,2,11,40,0
0,2,11,41,0
0,2,11,42,0
0,2,11,43,0
0,2,11,44,0
0,2,11,45,0
0,2,11,46,0
0,2,11,47,58
0,2,11,48,86
0,2,11,49,58
0,2,11,50,136
0,2,11,51,9
0,2,11,52,86
0,2,11,53,0
0,2,11,54,58
0,2,11,55,0
0,2,11,56,0
0,2,11,57,0
0,2,11,58,0
0,2,11,59,0
0,2,11,60,0
0,2,11,61,0
0,2,11,62,78
0,2,11,63,0
0,2,11,64,871
0,2,11,65,871
0,2,11,66,0
0,2,11,67,121
0,2,11,68,126
0,2,11,69,1328
0,2,11,70,1328
0,2,11,71,5803
0,2,11,72,8749
0,2,11,73,0
0,2,11,74,121
0,2,11,75,126
0,2,11,76,10029
0,2,11,77,3871
0,2,11,78,1360
0,2,11,79,844
0,2,11,80,262
0,2,11,81,503
0,2,11,82,0
0,2,11,83,641
0,2,11,84,558
0,2,11,85,0
0,2,11,86,736
0,2,11,87,0
0,2,11,88,14
0,2,11,89,15
0,2,11,90,29
0,2,11,91,0
0,2,11,92,0
0,2,11,93,10
0,2,11,94,0
0,2,11,95,14
0,2,11,96,15
0,2,11,97,29
0,2,11,98,0
0,2,11,99,0
0,2,11,100,10
0,2,11,101,0
0,2,11,102,0
0,2,11,103,29
0,2,11,104,98
0,2,11,105,120
0,2,11,106,174
0,2,11,107,0
0,2,11,108,0
0,2,11,109,165
0,2,11,110,0
0,2,11,111,98
0,2,11,112,120
0,2,11,113,174
0,2,11,114,0
0,2,11,115,0
0,2,11,116,165
0,2,11,117,0
0,2,11,118,98
0,2,11,119,120
0,2,11,120,168
0,2,11,121,0
0,2,11,122,0
0,2,11,123,165
0,2,11,124,0
0,2,11,125,98
0,2,11,126,120
0,2,11,127,168
0,2,11,128,0
0,2,11,129,0
0,2,11,130,165
0,2,11,131,0
0,2,11,132,1292
0,2,11,133,1292
0,2,11,134,0
0,2,11,135,0
0,2,11,136,0
0,2,11,137,0
0,2,11,138,0
0,2,11,139,0
0,2,11,140,0
0,2,11,141,0
0,2,11,142,0
0,2,11,143,0
0,2,11,144,116
0,2,11,145,0
0,2,11,146,0
0,2,11,147,0
0,2,11,148,678
0,2,11,149,0
0,2,11,150,0
0,2,11,151,549
0,2,11,152,549
0,2,11,153,465
0,2,11,154,561
0,2,11,155,0
0,2,11,156,0
0,2,11,157,736
0,2,11,158,617
0,2,11,159,617
0,2,11,160,629
0,2,11,161,68
0,2,11,162,68
0,2,11,163,96
0,2,11,164,20
0,2,11,165,736
0,2,11,166,678
0,2,11,167,58
0,2,11,168,0
0,2,11,169,0
0,2,11,170,0
0,2,11,171,0
0,2,11,172,0
0,2,11,173,0
0,2,11,174,0
0,2,11,175,0
0,2,11,176,0
0,2,11,177,0
0,2,11,178,0
0,2,11,179,0
0,2,11,180,0
0,2,11,181,0
0,2,11,182,68
0,2,11,183,68
0,2,11,184,116
0,2,11,185,0
0,2,11,186,0
0,2,11,187,68
0,2,11,188,68
0,2,11,189,0
0,2,11,190,0
0,2,11,191,0
0,2,11,192,0
0,2,11,193,558
0,2,11,194,490
0,2,11,195,35
0,2,11,196,18
0,2,11,197,490
0,2,11,198,0
0,2,11,199,0
0,2,11,200,0
0,2,11,201,0
0,2,11,202,0
0,2,11,203,0
0,2,11,204,0
0,2,11,205,0
0,2,11,206,0
0,2,11,207,0
0,2,11,208,0
0,2,11,209,0
0,2,11,210,0
0,2,11,211,0
0,2,11,212,0
0,2,11,213,0
0,2,11,214,0
0,2,11,215,0
0,2,12,1,65
0,2,12,2,60
0,2,12,3,0
0,2,12,4,125
0,2,12,5,125
0,2,12,6,15
0,2,12,7,0
0,2,12,8,23040
0,2,12,9,15360
0,2,12,10,0
0,2,12,11,335
0,2,12,12,341
0,2,12,13,0
0,2,12,14,0
0,2,12,15,0
0,2,12,16,397
0,2,12,17,60
0,2,12,18,457
0,2,12,19,0
0,2,12,20,400
0,2,12,21,0
0,2,12,22,0
0,2,12,23,7982
0,2,12,24,0
0,2,12,25,0
0,2,12,26,1397
0,2,12,27,819
0,2,12,28,94
0,2,12,29,0
0,2,12,30,20
0,2,12,31,10
0,2,12,32,0
0,2,12,33,6
0,2,12,34,0
0,2,12,35,6
0,2,12,36,0
0,2,12,37,0
0,2,12,38,0
0,2,12,39,0
0,2,12,40,0
0,2,12,41,0
0,2,12,42,0
0,2,12,43,0
0,2,12,44,0
0,2,12,45,0
0,2,12,46,0
0,2,12,47,60
0,2,12,48,90
0,2,12,49,60
0,2,12,50,140
0,2,12,51,10
0,2,12,52,90
0,2,12,53,0
0,2,12,54,60
0,2,12,55,0
0,2,12,56,0
0,2,12,57,0
0,2,12,58,0
0,2,12,59,0
0,2,12,60,0
0,2,12,61,0
0,2,12,62,80
0,2,12,63,0
0,2,12,64,900
0,2,12,65,900
0,2,12,66,0
0,2,12,67,130
0,2,12,68,135
0,2,12,69,1364
0,2,12,70,1364
0,2,12,71,5872
0,2,12,72,8838
0,2,12,73,0
0,2,12,74,130
0,2,12,75,135
0,2,12,76,10164
0,2,12,77,3926
0,2,12,78,1397
0,2,12,79,870
0,2,12,80,286
0,2,12,81,503
0,2,12,82,0
0,2,12,83,650
0,2,12,84,560
0,2,12,85,0
0,2,12,86,750
0,2,12,87,0
0,2,12,88,15
0,2,12,89,15
0,2,12,90,30
0,2,12,91,0
0,2,12,92,0
0,2,12,93,10
0,2,12,94,0
0,2,12,95,15
0,2,12,96,15
0,2,12,97,30
0,2,12,98,0
0,2,12,99,0
0,2,12,100,10
0,2,12,101,0
0,2,12,102,0
0,2,12,103,30
0,2,12,104,105
0,2,12,105,120
0,2,12,106,180
0,2,12,107,0
0,2,12,108,0
0,2,12,109,165
0,2,12,110,0
0,2,12,111,105
0,2,12,112,120
0,2,12,113,180
0,2,12,114,0
0,2,12,115,0
0,2,12,116,165
0,2,12,117,0
0,2,12,118,105
0,2,12,119,120
0,2,12,120,174
0,2,12,121,0
0,2,12,122,0
0,2,12,123,165
0,2,12,124,0
0,2,12,125,105
0,2,12,126,120
0,2,12,127,174
0,2,12,128,0
0,2,12,129,0
0,2,12,130,165
0,2,12,131,0
0,2,12,132,1327
0,2,12,133,1327
0,2,12,134,0
0,2,12,135,0
0,2,12,136,0
0,2,12,137,0
0,2,12,138,0
0,2,12,139,0
0,2,12,140,0
0,2,12,141,0
0,2,12,142,0
0,2,12,143,0
0,2,12,144,120
0,2,12,145,0
0,2,12,146,0
0,2,12,147,0
0,2,12,148,690
0,2,12,149,0
0,2,12,150,0
0,2,12,151,554
0,2,12,152,554
0,2,12,153,470
0,2,12,154,565
0,2,12,155,0
0,2,12,156,0
0,2,12,157,750
0,2,12,158,624
0,2,12,159,624
0,2,12,160,637
0,2,12,161,70
0,2,12,162,70
0,2,12,163,100
0,2,12,164,20
0,2,12,165,750
0,2,12,166,690
0,2,12,167,60
0,2,12,168,0
0,2,12,169,0
0,2,12,170,0
0,2,12,171,0
0,2,12,172,0
0,2,12,173,0
0,2,12,174,0
0,2,12,175,0
0,2,12,176,0
0,2,12,177,0
0,2,12,178,0
0,2,12,179,0
0,2,12,180,0
0,2,12,181,0
0,2,12,182,70
0,2,12,183,70
0,2,12,184,120
0,2,12,185,0
0,2,12,186,0
0,2,12,187,70
0,2,12,188,70
0,2,12,189,0
0,2,12,190,0
0,2,12,191,0
0,2,12,192,0
0,2,12,193,560
0,2,12,194,490
0,2,12,195,35
0,2,12,196,20
0,2,12,197,490
0,2,12,198,0
0,2,12,199,0
0,2,12,200,0
0,2,12,201,0
0,2,12,202,0
0,2,12,203,0
0,2,12,204,0
0,2,12,205,0
0,2,12,206,0
0,2,12,207,0
0,2,12,208,0
0,2,12,209,0
0,2,12,210,0
0,2,12,211,0
0,2,12,212,0
0,2,12,213,0
0,2,12,214,0
0,2,12,215,0
0,3,11,1,62
0,3,11,2,58
0,3,11,3,0
0,3,11,4,120
0,3,11,5,120
0,3,11,6,14
0,3,11,7,0
0,3,11,8,22016
0,3,11,9,14848
0,3,11,10,0
0,3,11,11,306
0,3,11,12,326
0,3,11,13,0
0,3,11,14,0
0,3,11,15,0
0,3,11,16,368
0,3,11,17,60
0,3,11,18,428
0,3,11,19,0
0,3,11,20,385
0,3,11,21,0
0,3,11,22,0
0,3,11,23,7637
0,3,11,24,0
0,3,11,25,0
0,3,11,26,1337
0,3,11,27,775
0,3,11,28,93
0,3,11,29,0
0,3,11,30,19
0,3,11,31,10
0,3,11,32,0
0,3,11,33,5
0,3,11,34,0
0,3,11,35,5
0,3,11,36,0
0,3,11,37,0
0,3,11,38,0
0,3,11,39,0
0,3,11,40,0
0,3,11,41,0
0,3,11,42,0
0,3,11,43,0
0,3,11,44,0
0,3,11,45,0
0,3,11,46,0
0,3,11,47,58
0,3,11,48,86
0,3,11,49,58
0,3,11,50,136
0,3,11,51,9
0,3,11,52,86
0,3,11,53,0
0,3,11,54,58
0,3,11,55,0
0,3,11,56,0
0,3,11,57,0
0,3,11,58,0
0,3,11,59,0
0,3,11,60,0
0,3,11,61,0
0,3,11,62,78
0,3,11,63,0
0,3,11,64,871
0,3,11,65,871
0,3,11,66,0
0,3,11,67,121
0,3,11,68,126
0,3,11,69,1305
0,3,11,70,1305
0,3,11,71,5803
0,3,11,72,8749
0,3,11,73,0
0,3,11,74,121
0,3,11,75,126
0,3,11,76,9983
0,3,11,77,3848
0,3,11,78,1337
0,3,11,79,844
0,3,11,80,262
0,3,11,81,503
0,3,11,82,0
0,3,11,83,641
0,3,11,84,558
0,3,11,85,0
0,3,11,86,736
0,3,11,87,0
0,3,11,88,14
0,3,11,89,15
0,3,11,90,29
0,3,11,91,0
0,3,11,92,0
0,3,11,93,10
0,3,11,94,0
0,3,11,95,14
0,3,11,96,15
0,3,11,97,29
0,3,11,98,0
0,3,11,99,0
0,3,11,100,10
0,3,11,101,0
0,3,11,102,0
0,3,11,103,29
0,3,11,104,98
0,3,11,105,120
0,3,11,106,174
0,3,11,107,0
0,3,11,108,0
0,3,11,109,165
0,3,11,110,0
0,3,11,111,98
0,3,11,112,120
0,3,11,113,174
0,3,11,114,0
0,3,11,115,0
0,3,11,116,165
0,3,11,117,0
0,3,11,118,98
0,3,11,119,120
0,3,11,120,168
0,3,11,121,0
0,3,11,122,0
0,3,11,123,165
0,3,11,124,0
0,3,11,125,98
0,3,11,126,120
0,3,11,127,168
0,3,11,128,0
0,3,11,129,0
0,3,11,130,165
0,3,11,131,0
0,3,11,132,1269
0,3,11,133,1269
0,3,11,134,0
0,3,11,135,0
0,3,11,136,0
0,3,11,137,0
0,3,11,138,0
0,3,11,139,0
0,3,11,140,0
0,3,11,141,0
0,3,11,142,0
0,3,11,143,0
0,3,11,144,116
0,3,11,145,0
0,3,11,146,0
0,3,11,147,0
0,3,11,148,678
0,3,11,149,0
0,3,11,150,0
0,3,11,151,549
0,3,11,152,549
0,3,11,153,465
0,3,11,154,561
0,3,11,155,0
0,3,11,156,0
0,3,11,157,736
0,3,11,158,617
0,3,11,159,617
0,3,11,160,629
0,3,11,161,68
0,3,11,162,68
0,3,11,163,96
0,3,11,164,20
0,3,11,165,736
0,3,11,166,678
0,3,11,167,58
0,3,11,168,0
0,3,11,169,0
0,3,11,170,0
0,3,11,171,0
0,3,11,172,0
0,3,11,173,0
0,3,11,174,0
0,3,11,175,0
0,3,11,176,0
0,3,11,177,0
0,3,11,178,0
0,3,11,179,0
0,3,11,180,0
0,3,11,181,0
0,3,11,182,68
0,3,11,183,68
0,3,11,184,116
0,3,11,185,0
0,3,11,186,0
0,3,11,187,68
0,3,11,188,68
0,3,11,189,0
0,3,11,190,0
0,3,11,191,0
0,3,11,192,0
0,3,11,193,558
0,3,11,194,490
0,3,11,195,35
0,3,11,196,18
0,3,11,197,490
0,3,11,198,0
0,3,11,199,0
0,3,11,200,0
0,3,11,201,0
0,3,11,202,0
0,3,11,203,0
0,3,11,204,0
0,3,11,205,0
0,3,11,206,0
0,3,11,207,0
0,3,11,208,0
0,3,11,209,0
0,3,11,210,0
0,3,11,211,0
0,3,11,212,0
0,3,11,213,0
0,3,11,214,0
0,3,11,215,0
0,3,12,1,65
0,3,12,2,60
0,3,12,3,0
0,3,12,4,125
0,3,12,5,125
0,3,12,6,15
0,3,12,7,0
0,3,12,8,23040
0,3,12,9,15360
0,3,12,10,0
0,3,12,11,306
0,3,12,12,362
0,3,12,13,0
0,3,12,14,0
0,3,12,15,0
0,3,12,16,368
0,3,12,17,60
0,3,12,18,428
0,3,12,19,0
0,3,12,20,400
0,3,12,21,0
0,3,12,22,0
0,3,12,23,7844
0,3,12,24,0
0,3,12,25,0
0,3,12,26,1374
0,3,12,27,808
0,3,12,28,94
0,3,12,29,0
0,3,12,30,20
0,3,12,31,10
0,3,12,32,0
0,3,12,33,6
0,3,12,34,0
0,3,12,35,6
0,3,12,36,0
0,3,12,37,0
0,3,12,38,0
0,3,12,39,0
0,3,12,40,0
0,3,12,41,0
0,3,12,42,0
0,3,12,43,0
0,3,12,44,0
0,3,12,45,0
0,3,12,46,0
0,3,12,47,60
0,3,12,48,90
0,3,12,49,60
0,3,12,50,140
0,3,12,51,10
0,3,12,52,90
0,3,12,53,0
0,3,12,54,60
0,3,12,55,0
0,3,12,56,0
0,3,12,57,0
0,3,12,58,0
0,3,12,59,0
0,3,12,60,0
0,3,12,61,0
0,3,12,62,80
0,3,12,63,0
0,3,12,64,900
0,3,12,65,900
0,3,12,66,0
0,3,12,67,130
0,3,12,68,135
0,3,12,69,1341
0,3,12,70,1341
0,3,12,71,5872
0,3,12,72,8838
0,3,12,73,0
0,3,12,74,130
0,3,12,75,135
0,3,12,76,10118
0,3,12,77,3903
0,3,12,78,1374
0,3,12,79,870
0,3,12,80,286
0,3,12,81,503
0,3,12,82,0
0,3,12,83,650
0,3,12,84,560
0,3,12,85,0
0,3,12,86,750
0,3,12,87,0
0,3,12,88,15
0,3,12,89,15
0,3,12,90,30
0,3,12,91,0
0,3,12,92,0
0,3,12,93,10
0,3,12,94,0
0,3,12,95,15
0,3,12,96,15
0,3,12,97,30
0,3,12,98,0
0,3,12,99,0
0,3,12,100,10
0,3,12,101,0
0,3,12,102,0
0,3,12,103,30
0,3,12,104,105
0,3,12,105,120
0,3,12,106,180
0,3,12,107,0
0,3,12,108,0
0,3,12,109,165
0,3,12,110,0
0,3,12,111,105
0,3,12,112,120
0,3,12,113,180
0,3,12,114,0
0,3,12,115,0
0,3,12,116,165
0,3,12,117,0
0,3,12,118,105
0,3,12,119,120
0,3,12,120,174
0,3,12,121,0
0,3,12,122,0
0,3,12,123,165
0,3,12,124,0
0,3,12,125,105
0,3,12,126,120
0,3,12,127,174
0,3,12,128,0
0,3,12,129,0
0,3,12,130,165
0,3,12,131,0
0,3,12,132,1304
0,3,12,133,1304
0,3,12,134,0
0,3,12,135,0
0,3,12,136,0
0,3,12,137,0
0,3,12,138,0
0,3,12,139,0
0,3,12,140,0
0,3,12,141,0
0,3,12,142,0
0,3,12,143,0
0,3,12,144,120
0,3,12,145,0
0,3,12,146,0
0,3,12,147,0
0,3,12,148,690
0,3,12,149,0
0,3,12,150,0
0,3,12,151,554
0,3,12,152,554
0,3,12,153,470
0,3,12,154,565
0,3,12,155,0
0,3,12,156,0
0,3,12,157,750
0,3,12,158,624
0,3,12,159,624
0,3,12,160,637
0,3,12,161,70
0,3,12,162,70
0,3,12,163,100
0,3,12,164,20
0,3,12,165,750
0,3,12,166,690
0,3,12,167,60
0,3,12,168,0
0,3,12,169,0
0,3,12,170,0
0,3,12,171,0
0,3,12,172,0
0,3,12,173,0
0,3,12,174,0
0,3,12,175,0
0,3,12,176,0
0,3,12,177,0
0,3,12,178,0
0,3,12,179,0
0,3,12,180,0
0,3,12,181,0
0,3,12,182,70
0,3,12,183,70
0,3,12,184,120
0,3,12,185,0
0,3,12,186,0
0,3,12,187,70
0,3,12,188,70
0,3,12,189,0
0,3,12,190,0
0,3,12,191,0
0,3,12,192,0
0,3,12,193,560
0,3,12,194,490
0,3,12,195,35
0,3,12,196,20
0,3,12,197,490
0,3,12,198,0
0,3,12,199,0
0,3,12,200,0
0,3,12,201,0
0,3,12,202,0
0,3,12,203,0
0,3,12,204,0
0,3,12,205,0
0,3,12,206,0
0,3,12,207,0
0,3,12,208,0
0,3,12,209,0
0,3,12,210,0
0,3,12,211,0
0,3,12,212,0
0,3,12,213,0
0,3,12,214,0
0,3,12,215,0
0,2,13,1,75
0,2,13,2,70
0,2,13,3,0
0,2,13,4,145
0,2,13,5,145
0,2,13,6,17
0,2,13,7,0
0,2,13,8,26624
0,2,13,9,17920
0,2,13,10,0
0,2,13,11,335
0,2,13,12,365
0,2,13,13,0
0,2,13,14,0
0,2,13,15,0
0,2,13,16,409
0,2,13,17,72
0,2,13,18,481
0,2,13,19,0
0,2,13,20,465
0,2,13,21,0
0,2,13,22,0
0,2,13,23,8991
0,2,13,24,0
0,2,13,25,0
0,2,13,26,1576
0,2,13,27,873
0,2,13,28,114
0,2,13,29,0
0,2,13,30,21
0,2,13,31,10
0,2,13,32,0
0,2,13,33,6
0,2,13,34,0
0,2,13,35,6
0,2,13,36,0
0,2,13,37,0
0,2,13,38,0
0,2,13,39,0
0,2,13,40,0
0,2,13,41,0
0,2,13,42,0
0,2,13,43,0
0,2,13,44,0
0,2,13,45,0
0,2,13,46,0
0,2,13,47,70
0,2,13,48,104
0,2,13,49,70
0,2,13,50,164
0,2,13,51,11
0,2,13,52,104
0,2,13,53,0
0,2,13,54,70
0,2,13,55,0
0,2,13,56,0
0,2,13,57,0
0,2,13,58,0
0,2,13,59,0
0,2,13,60,0
0,2,13,61,0
0,2,13,62,94
0,2,13,63,0
0,2,13,64,1051
0,2,13,65,1051
0,2,13,66,0
0,2,13,67,147
0,2,13,68,153
0,2,13,69,1541
0,2,13,70,1541
0,2,13,71,6939
0,2,13,72,10461
0,2,13,73,0
0,2,13,74,147
0,2,13,75,153
0,2,13,76,11887
0,2,13,77,4578
0,2,13,78,1576
0,2,13,79,1018
0,2,13,80,320
0,2,13,81,602
0,2,13,82,0
0,2,13,83,771
0,2,13,84,668
0,2,13,85,0
0,2,13,86,886
0,2,13,87,0
0,2,13,88,17
0,2,13,89,18
0,2,13,90,35
0,2,13,91,0
0,2,13,92,0
0,2,13,93,12
0,2,13,94,0
0,2,13,95,17
0,2,13,96,18
0,2,13,97,35
0,2,13,98,0
0,2,13,99,0
0,2,13,100,12
0,2,13,101,0
0,2,13,102,0
0,2,13,103,35
0,2,13,104,119
0,2,13,105,144
0,2,13,106,210
0,2,13,107,0
0,2,13,108,0
0,2,13,109,198
0,2,13,110,0
0,2,13,111,119
0,2,13,112,144
0,2,13,113,210
0,2,13,114,0
0,2,13,115,0
0,2,13,116,198
0,2,13,117,0
0,2,13,118,119
0,2,13,119,144
0,2,13,120,204
0,2,13,121,0
0,2,13,122,0
0,2,13,123,198
0,2,13,124,0
0,2,13,125,119
0,2,13,126,144
0,2,13,127,204
0,2,13,128,0
0,2,13,129,0
0,2,13,130,198
0,2,13,131,0
0,2,13,132,1494
0,2,13,133,1494
0,2,13,134,0
0,2,13,135,0
0,2,13,136,0
0,2,13,137,0
0,2,13,138,0
0,2,13,139,0
0,2,13,140,0
0,2,13,141,0
0,2,13,142,0
0,2,13,143,0
0,2,13,144,140
0,2,13,145,0
0,2,13,146,0
0,2,13,147,0
0,2,13,148,816
0,2,13,149,0
0,2,13,150,0
0,2,13,151,659
0,2,13,152,659
0,2,13,153,559
0,2,13,154,672
0,2,13,155,0
0,2,13,156,0
0,2,13,157,886
0,2,13,158,741
0,2,13,159,741
0,2,13,160,756
0,2,13,161,82
0,2,13,162,82
0,2,13,163,116
0,2,13,164,24
0,2,13,165,886
0,2,13,166,816
0,2,13,167,70
0,2,13,168,0
0,2,13,169,0
0,2,13,170,0
0,2,13,171,0
0,2,13,172,0
0,2,13,173,0
0,2,13,174,0
0,2,13,175,0
0,2,13,176,0
0,2,13,177,0
0,2,13,178,0
0,2,13,179,0
0,2,13,180,0
0,2,13,181,0
0,2,13,182,82
0,2,13,183,82
0,2,13,184,140
0,2,13,185,0
0,2,13,186,0
0,2,13,187,82
0,2,13,188,82
0,2,13,189,0
0,2,13,190,0
0,2,13,191,0
0,2,13,192,0
0,2,13,193,668
0,2,13,194,586
0,2,13,195,42
0,2,13,196,22
0,2,13,197,586
0,2,13,198,0
0,2,13,199,0
0,2,13,200,0
0,2,13,201,0
0,2,13,202,0
0,2,13,203,0
0,2,13,204,0
0,2,13,205,0
0,2,13,206,0
0,2,13,207,0
0,2,13,208,0
0,2,13,209,0
0,2,13,210,0
0,2,13,211,0
0,2,13,212,0
0,2,13,213,0
0,2,13,214,0
0,2,13,215,0
0,2,14,1,78
0,2,14,2,72
0,2,14,3,0
0,2,14,4,150
0,2,14,5,150
0,2,14,6,18
0,2,14,7,0
0,2,14,8,27648
0,2,14,9,18432
0,2,14,10,0
0,2,14,11,335
0,2,14,12,379
0,2,14,13,0
0,2,14,14,0
0,2,14,15,0
0,2,14,16,415
0,2,14,17,75
0,2,14,18,490
0,2,14,19,0
0,2,14,20,480
0,2,14,21,0
0,2,14,22,0
0,2,14,23,9198
0,2,14,24,0
0,2,14,25,0
0,2,14,26,1613
0,2,14,27,892
0,2,14,28,115
0,2,14,29,0
0,2,14,30,22
0,2,14,31,10
0,2,14,32,0
0,2,14,33,7
0,2,14,34,0
0,2,14,35,7
0,2,14,36,0
0,2,14,37,0
0,2,14,38,0
0,2,14,39,0
0,2,14,40,0
0,2,14,41,0
0,2,14,42,0
0,2,14,43,0
0,2,14,44,0
0,2,14,45,0
0,2,14,46,0
0,2,14,47,72
0,2,14,48,108
0,2,14,49,72
0,2,14,50,168
0,2,14,51,12
0,2,14,52,108
0,2,14,53,0
0,2,14,54,72
0,2,14,55,0
0,2,14,56,0
0,2,14,57,0
0,2,14,58,0
0,2,14,59,0
0,2,14,60,0
0,2,14,61,0
0,2,14,62,96
0,2,14,63,0
0,2,14,64,1080
0,2,14,65,1080
0,2,14,66,0
0,2,14,67,156
0,2,14,68,162
0,2,14,69,1577
0,2,14,70,1577
0,2,14,71,7008
0,2,14,72,10550
0,2,14,73,0
0,2,14,74,156
0,2,14,75,162
0,2,14,76,12022
0,2,14,77,4633
0,2,14,78,1613
0,2,14,79,1044
0,2,14,80,344
0,2,14,81,602
0,2,14,82,0
0,2,14,83,780
0,2,14,84,670
0,2,14,85,0
0,2,14,86,900
0,2,14,87,0
0,2,14,88,18
0,2,14,89,18
0,2,14,90,36
0,2,14,91,0
0,2,14,92,0
0,2,14,93,12
0,2,14,94,0
0,2,14,95,18
0,2,14,96,18
0,2,14,97,36
0,2,14,98,0
0,2,14,99,0
0,2,14,100,12
0,2,14,101,0
0,2,14,102,0
0,2,14,103,36
0,2,14,104,126
0,2,14,105,144
0,2,14,106,216
0,2,14,107,0
0,2,14,108,0
0,2,14,109,198
0,2,14,110,0
0,2,14,111,126
0,2,14,112,144
0,2,14,113,216
0,2,14,114,0
0,2,14,115,0
0,2,14,116,198
0,2,14,117,0
0,2,14,118,126
0,2,14,119,144
0,2,14,120,210
0,2,14,121,0
0,2,14,122,0
0,2,14,123,198
0,2,14,124,0
0,2,14,125,126
0,2,14,126,144
0,2,14,127,210
0,2,14,128,0
0,2,14,129,0
0,2,14,130,198
0,2,14,131,0
0,2,14,132,1529
0,2,14,133,1529
0,2,14,134,0
0,2,14,135,0
0,2,14,136,0
0,2,14,137,0
0,2,14,138,0
0,2,14,139,0
0,2,14,140,0
0,2,14,141,0
0,2,14,142,0
0,2,14,143,0
0,2,14,144,144
0,2,14,145,0
0,2,14,146,0
0,2,14,147,0
0,2,14,148,828
0,2,14,149,0
0,2,14,150,0
0,2,14,151,664
0,2,14,152,664
0,2,14,153,564
0,2,14,154,676
0,2,14,155,0
0,2,14,156,0
0,2,14,157,900
0,2,14,158,748
0,2,14,159,748
0,2,14,160,764
0,2,14,161,84
0,2,14,162,84
0,2,14,163,120
0,2,14,164,24
0,2,14,165,900
0,2,14,166,828
0,2,14,167,72
0,2,14,168,0
0,2,14,169,0
0,2,14,170,0
0,2,14,171,0
0,2,14,172,0
0,2,14,173,0
0,2,14,174,0
0,2,14,175,0
0,2,14,176,0
0,2,14,177,0
0,2,14,178,0
0,2,14,179,0
0,2,14,180,0
0,2,14,181,0
0,2,14,182,84
0,2,14,183,84
0,2,14,184,144
0,2,14,185,0
0,2,14,186,0
0,2,14,187,84
0,2,14,188,84
0,2,14,189,0
0,2,14,190,0
0,2,14,191,0
0,2,14,192,0
0,2,14,193,670
0,2,14,194,586
0,2,14,195,42
0,2,14,196,24
0,2,14,197,586
0,2,14,198,0
0,2,14,199,0
0,2,14,200,0
0,2,14,201,0
0,2,14,202,0
0,2,14,203,0
0,2,14,204,0
0,2,14,205,0
0,2,14,206,0
0,2,14,207,0
0,2,14,208,0
0,2,14,209,0
0,2,14,210,0
0,2,14,211,0
0,2,14,212,0
0,2,14,213,0
0,2,14,214,0
0,2,14,215,0
0,3,13,1,75
0,3,13,2,70
0,3,13,3,0
0,3,13,4,145
0,3,13,5,145
0,3,13,6,17
0,3,13,7,0
0,3,13,8,26624
0,3,13,9,17920
0,3,13,10,0
0,3,13,11,306
0,3,13,12,386
0,3,13,13,0
0,3,13,14,0
0,3,13,15,0
0,3,13,16,380
0,3,13,17,72
0,3,13,18,452
0,3,13,19,0
0,3,13,20,465
0,3,13,21,0
0,3,13,22,0
0,3,13,23,8853
0,3,13,24,0
0,3,13,25,0
0,3,13,26,1553
0,3,13,27,862
0,3,13,28,114
0,3,13,29,0
0,3,13,30,21
0,3,13,31,10
0,3,13,32,0
0,3,13,33,6
0,3,13,34,0
0,3,13,35,6
0,3,13,36,0
0,3,13,37,0
0,3,13,38,0
0,3,13,39,0
0,3,13,40,0
0,3,13,41,0
0,3,13,42,0
0,3,13,43,0
0,3,13,44,0
0,3,13,45,0
0,3,13,46,0
0,3,13,47,70
0,3,13,48,104
0,3,13,49,70
0,3,13,50,164
0,3,13,51,11
0,3,13,52,104
0,3,13,53,0
0,3,13,54,70
0,3,13,55,0
0,3,13,56,0
0,3,13,57,0
0,3,13,58,0
0,3,13,59,0
0,3,13,60,0
0,3,13,61,0
0,3,13,62,94
0,3,13,63,0
0,3,13,64,1051
0,3,13,65,1051
0,3,13,66,0
0,3,13,67,147
0,3,13,68,153
0,3,13,69,1518
0,3,13,70,1518
0,3,13,71,6939
0,3,13,72,10461
0,3,13,73,0
0,3,13,74,147
0,3,13,75,153
0,3,13,76,11841
0,3,13,77,4555
0,3,13,78,1553
0,3,13,79,1018
0,3,13,80,320
0,3,13,81,602
0,3,13,82,0
0,3,13,83,771
0,3,13,84,668
0,3,13,85,0
0,3,13,86,886
0,3,13,87,0
0,3,13,88,17
0,3,13,89,18
0,3,13,90,35
0,3,13,91,0
0,3,13,92,0
0,3,13,93,12
0,3,13,94,0
0,3,13,95,17
0,3,13,96,18
0,3,13,97,35
0,3,13,98,0
0,3,13,99,0
0,3,13,100,12
0,3,13,101,0
0,3,13,102,0
0,3,13,103,35
0,3,13,104,119
0,3,13,105,144
0,3,13,106,210
0,3,13,107,0
0,3,13,108,0
0,3,13,109,198
0,3,13,110,0
0,3,13,111,119
0,3,13,112,144
0,3,13,113,210
0,3,13,114,0
0,3,13,115,0
0,3,13,116,198
0,3,13,117,0
0,3,13,118,119
0,3,13,119,144
0,3,13,120,204
0,3,13,121,0
0,3,13,122,0
0,3,13,123,198
0,3,13,124,0
0,3,13,125,119
0,3,13,126,144
0,3,13,127,204
0,3,13,128,0
0,3,13,129,0
0,3,13,130,198
0,3,13,131,0
0,3,13,132,1471
0,3,13,133,1471
0,3,13,134,0
0,3,13,135,0
0,3,13,136,0
0,3,13,137,0
0,3,13,138,0
0,3,13,139,0
0,3,13,140,0
0,3,13,141,0
0,3,13,142,0
0,3,13,143,0
0,3,13,144,140
0,3,13,145,0
0,3,13,146,0
0,3,13,147,0
0,3,13,148,816
0,3,13,149,0
0,3,13,150,0
0,3,13,151,659
0,3,13,152,659
0,3,13,153,559
0,3,13,154,672
0,3,13,155,0
0,3,13,156,0
0,3,13,157,886
0,3,13,158,741
0,3,13,159,741
0,3,13,160,756
0,3,13,161,82
0,3,13,162,82
0,3,13,163,116
0,3,13,164,24
0,3,13,165,886
0,3,13,166,816
0,3,13,167,70
0,3,13,168,0
0,3,13,169,0
0,3,13,170,0
0,3,13,171,0
0,3,13,172,0
0,3,13,173,0
0,3,13,174,0
0,3,13,175,0
0,3,13,176,0
0,3,13,177,0
0,3,13,178,0
0,3,13,179,0
0,3,13,180,0
0,3,13,181,0
0,3,13,182,82
0,3,13,183,82
0,3,13,184,140
0,3,13,185,0
0,3,13,186,0
0,3,13,187,82
0,3,13,188,82
0,3,13,189,0
0,3,13,190,0
0,3,13,191,0
0,3,13,192,0
0,3,13,193,668
0,3,13,194,586
0,3,13,195,42
0,3,13,196,22
0,3,13,197,586
0,3,13,198,0
0,3,13,199,0
0,3,13,200,0
0,3,13,201,0
0,3,13,202,0
0,3,13,203,0
0,3,13,204,0
0,3,13,205,0
0,3,13,206,0
0,3,13,207,0
0,3,13,208,0
0,3,13,209,0
0,3,13,210,0
0,3,13,211,0
0,3,13,212,0
0,3,13,213,0
0,3,13,214,0
0,3,13,215,0
0,3,14,1,78
0,3,14,2,72
0,3,14,3,0
0,3,14,4,150
0,3,14,5,150
0,3,14,6,18
0,3,14,7,0
0,3,14,8,27648
0,3,14,9,18432
0,3,14,10,0
0,3,14,11,306
0,3,14,12,400
0,3,14,13,0
0,3,14,14,0
0,3,14,15,0
0,3,14,16,386
0,3,14,17,75
0,3,14,18,461
0,3,14,19,0
0,3,14,20,480
0,3,14,21,0
0,3,14,22,0
0,3,14,23,9060
0,3,14,24,0
0,3,14,25,0
0,3,14,26,1590
0,3,14,27,881
0,3,14,28,115
0,3,14,29,0
0,3,14,30,22
0,3,14,31,10
0,3,14,32,0
0,3,14,33,7
0,3,14,34,0
0,3,14,35,7
0,3,14,36,0
0,3,14,37,0
0,3,14,38,0
0,3,14,39,0
0,3,14,40,0
0,3,14,41,0
0,3,14,42,0
0,3,14,43,0
0,3,14,44,0
0,3,14,45,0
0,3,14,46,0
0,3,14,47,72
0,3,14,48,108
0,3,14,49,72
0,3,14,50,168
0,3,14,51,12
0,3,14,52,108
0,3,14,53,0
0,3,14,54,72
0,3,14,55,0
0,3,14,56,0
0,3,14,57,0
0,3,14,58,0
0,3,14,59,0
0,3,14,60,0
0,3,14,61,0
0,3,14,62,96
0,3,14,63,0
0,3,14,64,1080
0,3,14,65,1080
0,3,14,66,0
0,3,14,67,156
0,3,14,68,162
0,3,14,69,1554
0,3,14,70,1554
0,3,14,71,7008
0,3,14,72,10550
0,3,14,73,0
0,3,14,74,156
0,3,14,75,162
0,3,14,76,11976
0,3,14,77,4610
0,3,14,78,1590
0,3,14,79,1044
0,3,14,80,344
0,3,14,81,602
0,3,14,82,0
0,3,14,83,780
0,3,14,84,670
0,3,14,85,0
0,3,14,86,900
0,3,14,87,0
0,3,14,88,18
0,3,14,89,18
0,3,14,90,36
0,3,14,91,0
0,3,14,92,0
0,3,14,93,12
0,3,14,94,0
0,3,14,95,18
0,3,14,96,18
0,3,14,97,36
0,3,14,98,0
0,3,14,99,0
0,3,14,100,12
0,3,14,101,0
0,3,14,102,0
0,3,14,103,36
0,3,14,104,126
0,3,14,105,144
0,3,14,106,216
0,3,14,107,0
0,3,14,108,0
0,3,14,109,198
0,3,14,110,0
0,3,14,111,126
0,3,14,112,144
0,3,14,113,216
0,3,14,114,0
0,3,14,115,0
0,3,14,116,198
0,3,14,117,0
0,3,14,118,126
0,3,14,119,144
0,3,14,120,210
0,3,14,121,0
0,3,14,122,0
0,3,14,123,198
0,3,14,124,0
0,3,14,125,126
0,3,14,126,144
0,3,14,127,210
0,3,14,128,0
0,3,14,129,0
0,3,14,130,198
0,3,14,131,0
0,3,14,132,1506
0,3,14,133,1506
0,3,14,134,0
0,3,14,135,0
0,3,14,136,0
0,3,14,137,0
0,3,14,138,0
0,3,14,139,0
0,3,14,140,0
0,3,14,141,0
0,3,14,142,0
0,3,14,143,0
0,3,14,144,144
0,3,14,145,0
0,3,14,146,0
0,3,14,147,0
0,3,14,148,828
0,3,14,149,0
0,3,14,150,0
0,3,14,151,664
0,3,14,152,664
0,3,14,153,564
0,3,14,154,676
0,3,14,155,0
0,3,14,156,0
0,3,14,157,900
0,3,14,158,748
0,3,14,159,748
0,3,14,160,764
0,3,14,161,84
0,3,14,162,84
0,3,14,163,120
0,3,14,164,24
0,3,14,165,900
0,3,14,166,828
0,3,14,167,72
0,3,14,168,0
0,3,14,169,0
0,3,14,170,0
0,3,14,171,0
0,3,14,172,0
0,3,14,173,0
0,3,14,174,0
0,3,14,175,0
0,3,14,176,0
0,3,14,177,0
0,3,14,178,0
0,3,14,179,0
0,3,14,180,0
0,3,14,181,0
0,3,14,182,84
0,3,14,183,84
0,3,14,184,144
0,3,14,185,0
0,3,14,186,0
0,3,14,187,84
0,3,14,188,84
0,3,14,189,0
0,3,14,190,0
0,3,14,191,0
0,3,14,192,0
0,3,14,193,670
0,3,14,194,586
0,3,14,195,42
0,3,14,196,24
0,3,14,197,586
0,3,14,198,0
0,3,14,199,0
0,3,14,200,0
0,3,14,201,0
0,3,14,202,0
0,3,14,203,0
0,3,14,204,0
0,3,14,205,0
0,3,14,206,0
0,3,14,207,0
0,3,14,208,0
0,3,14,209,0
0,3,14,210,0
0,3,14,211,0
0,3,14,212,0
0,3,14,213,0
0,3,14,214,0
0,3,14,215,0
0,2,15,1,88
0,2,15,2,82
0,2,15,3,0
0,2,15,4,170
0,2,15,5,170
0,2,15,6,20
0,2,15,7,0
0,2,15,8,31232
0,2,15,9,20992
0,2,15,10,0
0,2,15,11,335
0,2,15,12,392
0,2,15,13,0
0,2,15,14,0
0,2,15,15,0
0,2,15,16,421
0,2,15,17,84
0,2,15,18,505
0,2,15,19,0
0,2,15,20,545
0,2,15,21,0
0,2,15,22,0
0,2,15,23,10087
0,2,15,24,0
0,2,15,25,0
0,2,15,26,1772
0,2,15,27,922
0,2,15,28,128
0,2,15,29,0
0,2,15,30,28
0,2,15,31,15
0,2,15,32,0
0,2,15,33,8
0,2,15,34,0
0,2,15,35,8
0,2,15,36,0
0,2,15,37,0
0,2,15,38,0
0,2,15,39,0
0,2,15,40,0
0,2,15,41,0
0,2,15,42,0
0,2,15,43,0
0,2,15,44,0
0,2,15,45,0
0,2,15,46,0
0,2,15,47,82
0,2,15,48,122
0,2,15,49,82
0,2,15,50,192
0,2,15,51,13
0,2,15,52,122
0,2,15,53,0
0,2,15,54,82
0,2,15,55,0
0,2,15,56,0
0,2,15,57,0
0,2,15,58,0
0,2,15,59,0
0,2,15,60,0
0,2,15,61,0
0,2,15,62,110
0,2,15,63,0
0,2,15,64,1231
0,2,15,65,1231
0,2,15,66,0
0,2,15,67,173
0,2,15,68,180
0,2,15,69,1735
0,2,15,70,1735
0,2,15,71,8173
0,2,15,72,12314
0,2,15,73,0
0,2,15,74,173
0,2,15,75,180
0,2,15,76,13845
0,2,15,77,5312
0,2,15,78,1772
0,2,15,79,1192
0,2,15,80,378
0,2,15,81,705
0,2,15,82,0
0,2,15,83,901
0,2,15,84,783
0,2,15,85,0
0,2,15,86,1036
0,2,15,87,0
0,2,15,88,20
0,2,15,89,21
0,2,15,90,41
0,2,15,91,0
0,2,15,92,0
0,2,15,93,14
0,2,15,94,0
0,2,15,95,20
0,2,15,96,21
0,2,15,97,41
0,2,15,98,0
0,2,15,99,0
0,2,15,100,14
0,2,15,101,0
0,2,15,102,0
0,2,15,103,41
0,2,15,104,140
0,2,15,105,168
0,2,15,106,246
0,2,15,107,0
0,2,15,108,0
0,2,15,109,231
0,2,15,110,0
0,2,15,111,140
0,2,15,112,168
0,2,15,113,246
0,2,15,114,0
0,2,15,115,0
0,2,15,116,231
0,2,15,117,0
0,2,15,118,140
0,2,15,119,168
0,2,15,120,237
0,2,15,121,0
0,2,15,122,0
0,2,15,123,231
0,2,15,124,0
0,2,15,125,140
0,2,15,126,168
0,2,15,127,237
0,2,15,128,0
0,2,15,129,0
0,2,15,130,231
0,2,15,131,0
0,2,15,132,1676
0,2,15,133,1676
0,2,15,134,0
0,2,15,135,0
0,2,15,136,0
0,2,15,137,0
0,2,15,138,0
0,2,15,139,0
0,2,15,140,0
0,2,15,141,0
0,2,15,142,0
0,2,15,143,0
0,2,15,144,164
0,2,15,145,0
0,2,15,146,0
0,2,15,147,0
0,2,15,148,954
0,2,15,149,0
0,2,15,150,0
0,2,15,151,771
0,2,15,152,771
0,2,15,153,653
0,2,15,154,788
0,2,15,155,0
0,2,15,156,0
0,2,15,157,1036
0,2,15,158,867
0,2,15,159,867
0,2,15,160,884
0,2,15,161,96
0,2,15,162,96
0,2,15,163,136
0,2,15,164,28
0,2,15,165,1036
0,2,15,166,954
0,2,15,167,82
0,2,15,168,0
0,2,15,169,0
0,2,15,170,0
0,2,15,171,0
0,2,15,172,0
0,2,15,173,0
0,2,15,174,0
0,2,15,175,0
0,2,15,176,0
0,2,15,177,0
0,2,15,178,0
0,2,15,179,0
0,2,15,180,0
0,2,15,181,0
0,2,15,182,96
0,2,15,183,96
0,2,15,184,164
0,2,15,185,0
0,2,15,186,0
0,2,15,187,96
0,2,15,188,96
0,2,15,189,0
0,2,15,190,0
0,2,15,191,0
0,2,15,192,0
0,2,15,193,783
0,2,15,194,687
0,2,15,195,49
0,2,15,196,26
0,2,15,197,687
0,2,15,198,0
0,2,15,199,0
0,2,15,200,0
0,2,15,201,0
0,2,15,202,0
0,2,15,203,0
0,2,15,204,0
0,2,15,205,0
0,2,15,206,0
0,2,15,207,0
0,2,15,208,0
0,2,15,209,0
0,2,15,210,0
0,2,15,211,0
0,2,15,212,0
0,2,15,213,0
0,2,15,214,0
0,2,15,215,0
0,2,16,1,91
0,2,16,2,84
0,2,16,3,0
0,2,16,4,175
0,2,16,5,175
0,2,16,6,21
0,2,16,7,0
0,2,16,8,32256
0,2,16,9,21504
0,2,16,10,0
0,2,16,11,335
0,2,16,12,428
0,2,16,13,0
0,2,16,14,0
0,2,16,15,0
0,2,16,16,421
0,2,16,17,84
0,2,16,18,505
0,2,16,19,0
0,2,16,20,560
0,2,16,21,0
0,2,16,22,0
0,2,16,23,10294
0,2,16,24,0
0,2,16,25,0
0,2,16,26,1809
0,2,16,27,955
0,2,16,28,129
0,2,16,29,0
0,2,16,30,29
0,2,16,31,15
0,2,16,32,0
0,2,16,33,9
0,2,16,34,0
0,2,16,35,9
0,2,16,36,0
0,2,16,37,0
0,2,16,38,0
0,2,16,39,0
0,2,16,40,0
0,2,16,41,0
0,2,16,42,0
0,2,16,43,0
0,2,16,44,0
0,2,16,45,0
0,2,16,46,0
0,2,16,47,84
0,2,16,48,126
0,2,16,49,84
0,2,16,50,196
0,2,16,51,14
0,2,16,52,126
0,2,16,53,0
0,2,16,54,84
0,2,16,55,0
0,2,16,56,0
0,2,16,57,0
0,2,16,58,0
0,2,16,59,0
0,2,16,60,0
0,2,16,61,0
0,2,16,62,112
0,2,16,63,0
0,2,16,64,1260
0,2,16,65,1260
0,2,16,66,0
0,2,16,67,182
0,2,16,68,189
0,2,16,69,1771
0,2,16,70,1771
0,2,16,71,8242
0,2,16,72,12403
0,2,16,73,0
0,2,16,74,182
0,2,16,75,189
0,2,16,76,13980
0,2,16,77,5367
0,2,16,78,1809
0,2,16,79,1218
0,2,16,80,402
0,2,16,81,705
0,2,16,82,0
0,2,16,83,910
0,2,16,84,785
0,2,16,85,0
0,2,16,86,1050
0,2,16,87,0
0,2,16,88,21
0,2,16,89,21
0,2,16,90,42
0,2,16,91,0
0,2,16,92,0
0,2,16,93,14
0,2,16,94,0
0,2,16,95,21
0,2,16,96,21
0,2,16,97,42
0,2,16,98,0
0,2,16,99,0
0,2,16,100,14
0,2,16,101,0
0,2,16,102,0
0,2,16,103,42
0,2,16,104,147
0,2,16,105,168
0,2,16,106,252
0,2,16,107,0
0,2,16,108,0
0,2,16,109,231
0,2,16,110,0
0,2,16,111,147
0,2,16,112,168
0,2,16,113,252
0,2,16,114,0
0,2,16,115,0
0,2,16,116,231
0,2,16,117,0
0,2,16,118,147
0,2,16,119,168
0,2,16,120,243
0,2,16,121,0
0,2,16,122,0
0,2,16,123,231
0,2,16,124,0
0,2,16,125,147
0,2,16,126,168
0,2,16,127,243
0,2,16,128,0
0,2,16,129,0
0,2,16,130,231
0,2,16,131,0
0,2,16,132,1711
0,2,16,133,1711
0,2,16,134,0
0,2,16,135,0
0,2,16,136,0
0,2,16,137,0
0,2,16,138,0
0,2,16,139,0
0,2,16,140,0
0,2,16,141,0
0,2,16,142,0
0,2,16,143,0
0,2,16,144,168
0,2,16,145,0
0,2,16,146,0
0,2,16,147,0
0,2,16,148,966
0,2,16,149,0
0,2,16,150,0
0,2,16,151,776
0,2,16,152,776
0,2,16,153,658
0,2,16,154,792
0,2,16,155,0
0,2,16,156,0
0,2,16,157,1050
0,2,16,158,874
0,2,16,159,874
0,2,16,160,892
0,2,16,161,98
0,2,16,162,98
0,2,16,163,140
0,2,16,164,28
0,2,16,165,1050
0,2,16,166,966
0,2,16,167,84
0,2,16,168,0
0,2,16,169,0
0,2,16,170,0
0,2,16,171,0
0,2,16,172,0
0,2,16,173,0
0,2,16,174,0
0,2,16,175,0
0,2,16,176,0
0,2,16,177,0
0,2,16,178,0
0,2,16,179,0
0,2,16,180,0
0,2,16,181,0
0,2,16,182,98
0,2,16,183,98
0,2,16,184,168
0,2,16,185,0
0,2,16,186,0
0,2,16,187,98
0,2,16,188,98
0,2,16,189,0
0,2,16,190,0
0,2,16,191,0
0,2,16,192,0
0,2,16,193,785
0,2,16,194,687
0,2,16,195,49
0,2,16,196,28
0,2,16,197,687
0,2,16,198,0
0,2,16,199,0
0,2,16,200,0
0,2,16,201,0
0,2,16,202,0
0,2,16,203,0
0,2,16,204,0
0,2,16,205,0
0,2,16,206,0
0,2,16,207,0
0,2,16,208,0
0,2,16,209,0
0,2,16,210,0
0,2,16,211,0
0,2,16,212,0
0,2,16,213,0
0,2,16,214,0
0,2,16,215,0
0,3,15,1,88
0,3,15,2,82
0,3,15,3,0
0,3,15,4,170
0,3,15,5,170
0,3,15,6,20
0,3,15,7,0
0,3,15,8,31232
0,3,15,9,20992
0,3,15,10,0
0,3,15,11,306
0,3,15,12,413
0,3,15,13,0
0,3,15,14,0
0,3,15,15,0
0,3,15,16,392
0,3,15,17,84
0,3,15,18,476
0,3,15,19,0
0,3,15,20,545
0,3,15,21,0
0,3,15,22,0
0,3,15,23,9949
0,3,15,24,0
0,3,15,25,0
0,3,15,26,1749
0,3,15,27,911
0,3,15,28,128
0,3,15,29,0
0,3,15,30,28
0,3,15,31,15
0,3,15,32,0
0,3,15,33,8
0,3,15,34,0
0,3,15,35,8
0,3,15,36,0
0,3,15,37,0
0,3,15,38,0
0,3,15,39,0
0,3,15,40,0
0,3,15,41,0
0,3,15,42,0
0,3,15,43,0
0,3,15,44,0
0,3,15,45,0
0,3,15,46,0
0,3,15,47,82
0,3,15,48,122
0,3,15,49,82
0,3,15,50,192
0,3,15,51,13
0,3,15,52,122
0,3,15,53,0
0,3,15,54,82
0,3,15,55,0
0,3,15,56,0
0,3,15,57,0
0,3,15,58,0
0,3,15,59,0
0,3,15,60,0
0,3,15,61,0
0,3,15,62,110
0,3,15,63,0
0,3,15,64,1231
0,3,15,65,1231
0,3,15,66,0
0,3,15,67,173
0,3,15,68,180
0,3,15,69,1712
0,3,15,70,1712
0,3,15,71,8173
0,3,15,72,12314
0,3,15,73,0
0,3,15,74,173
0,3,15,75,180
0,3,15,76,13799
0,3,15,77,5289
0,3,15,78,1749
0,3,15,79,1192
0,3,15,80,378
0,3,15,81,705
0,3,15,82,0
0,3,15,83,901
0,3,15,84,783
0,3,15,85,0
0,3,15,86,1036
0,3,15,87,0
0,3,15,88,20
0,3,15,89,21
0,3,15,90,41
0,3,15,91,0
0,3,15,92,0
0,3,15,93,14
0,3,15,94,0
0,3,15,95,20
0,3,15,96,21
0,3,15,97,41
0,3,15,98,0
0,3,15,99,0
0,3,15,100,14
0,3,15,101,0
0,3,15,102,0
0,3,15,103,41
0,3,15,104,140
0,3,15,105,168
0,3,15,106,246
0,3,15,107,0
0,3,15,108,0
0,3,15,109,231
0,3,15,110,0
0,3,15,111,140
0,3,15,112,168
0,3,15,113,246
0,3,15,114,0
0,3,15,115,0
0,3,15,116,231
0,3,15,117,0
0,3,15,118,140
0,3,15,119,168
0,3,15,120,237
0,3,15,121,0
0,3,15,122,0
0,3,15,123,231
0,3,15,124,0
0,3,15,125,140
0,3,15,126,168
0,3,15,127,237
0,3,15,128,0
0,3,15,129,0
0,3,15,130,231
0,3,15,131,0
0,3,15,132,1653
0,3,15,133,1653
0,3,15,134,0
0,3,15,135,0
0,3,15,136,0
0,3,15,137,0
0,3,15,138,0
0,3,15,139,0
0,3,15,140,0
0,3,15,141,0
0,3,15,142,0
0,3,15,143,0
0,3,15,144,164
0,3,15,145,0
0,3,15,146,0
0,3,15,147,0
0,3,15,148,954
0,3,15,149,0
0,3,15,150,0
0,3,15,151,771
0,3,15,152,771
0,3,15,153,653
0,3,15,154,788
0,3,15,155,0
0,3,15,156,0
0,3,15,157,1036
0,3,15,158,867
0,3,15,159,867
0,3,15,160,884
0,3,15,161,96
0,3,15,162,96
0,3,15,163,136
0,3,15,164,28
0,3,15,165,1036
0,3,15,166,954
0,3,15,167,82
0,3,15,168,0
0,3,15,169,0
0,3,15,170,0
0,3,15,171,0
0,3,15,172,0
0,3,15,173,0
0,3,15,174,0
0,3,15,175,0
0,3,15,176,0
0,3,15,177,0
0,3,15,178,0
0,3,15,179,0
0,3,15,180,0
0,3,15,181,0
0,3,15,182,96
0,3,15,183,96
0,3,15,184,164
0,3,15,185,0
0,3,15,186,0
0,3,15,187,96
0,3,15,188,96
0,3,15,189,0
0,3,15,190,0
0,3,15,191,0
0,3,15,192,0
0,3,15,193,783
0,3,15,194,687
0,3,15,195,49
0,3,15,196,26
0,3,15,197,687
0,3,15,198,0
0,3,15,199,0
0,3,15,200,0
0,3,15,201,0
0,3,15,202,0
0,3,15,203,0
0,3,15,204,0
0,3,15,205,0
0,3,15,206,0
0,3,15,207,0
0,3,15,208,0
0,3,15,209,0
0,3,15,210,0
0,3,15,211,0
0,3,15,212,0
0,3,15,213,0
0,3,15,214,0
0,3,15,215,0
0,3,16,1,91
0,3,16,2,84
0,3,16,3,0
0,3,16,4,175
0,3,16,5,175
0,3,16,6,21
0,3,16,7,0
0,3,16,8,32256
0,3,16,9,21504
0,3,16,10,0
0,3,16,11,306
0,3,16,12,449
0,3,16,13,0
0,3,16,14,0
0,3,16,15,0
0,3,16,16,392
0,3,16,17,84
0,3,16,18,476
0,3,16,19,0
0,3,16,20,560
0,3,16,21,0
0,3,16,22,0
0,3,16,23,10156
0,3,16,24,0
0,3,16,25,0
0,3,16,26,1786
0,3,16,27,944
0,3,16,28,129
0,3,16,29,0
0,3,16,30,29
0,3,16,31,15
0,3,16,32,0
0,3,16,33,9
0,3,16,34,0
0,3,16,35,9
0,3,16,36,0
0,3,16,37,0
0,3,16,38,0
0,3,16,39,0
0,3,16,40,0
0,3,16,41,0
0,3,16,42,0
0,3,16,43,0
0,3,16,44,0
0,3,16,45,0
0,3,16,46,0
0,3,16,47,84
0,3,16,48,126
0,3,16,49,84
0,3,16,50,196
0,3,16,51,14
0,3,16,52,126
0,3,16,53,0
0,3,16,54,84
0,3,16,55,0
0,3,16,56,0
0,3,16,57,0
0,3,16,58,0
0,3,16,59,0
0,3,16,60,0
0,3,16,61,0
0,3,16,62,112
0,3,16,63,0
0,3,16,64,1260
0,3,16,65,1260
0,3,16,66,0
0,3,16,67,182
0,3,16,68,189
0,3,16,69,1748
0,3,16,70,1748
0,3,16,71,8242
0,3,16,72,12403
0,3,16,73,0
0,3,16,74,182
0,3,16,75,189
0,3,16,76,13934
0,3,16,77,5344
0,3,16,78,1786
0,3,16,79,1218
0,3,16,80,402
0,3,16,81,705
0,3,16,82,0
0,3,16,83,910
0,3,16,84,785
0,3,16,85,0
0,3,16,86,1050
0,3,16,87,0
0,3,16,88,21
0,3,16,89,21
0,3,16,90,42
0,3,16,91,0
0,3,16,92,0
0,3,16,93,14
0,3,16,94,0
0,3,16,95,21
0,3,16,96,21
0,3,16,97,42
0,3,16,98,0
0,3,16,99,0
0,3,16,100,14
0,3,16,101,0
0,3,16,102,0
0,3,16,103,42
0,3,16,104,147
0,3,16,105,168
0,3,16,106,252
0,3,16,107,0
0,3,16,108,0
0,3,16,109,231
0,3,16,110,0
0,3,16,111,147
0,3,16,112,168
0,3,16,113,252
0,3,16,114,0
0,3,16,115,0
0,3,16,116,231
0,3,16,117,0
0,3,16,118,147
0,3,16,119,168
0,3,16,120,243
0,3,16,121,0
0,3,16,122,0
0,3,16,123,231
0,3,16,124,0
0,3,16,125,147
0,3,16,126,168
0,3,16,127,243
0,3,16,128,0
0,3,16,129,0
0,3,16,130,231
0,3,16,131,0
0,3,16,132,1688
0,3,16,133,1688
0,3,16,134,0
0,3,16,135,0
0,3,16,136,0
0,3,16,137,0
0,3,16,138,0
0,3,16,139,0
0,3,16,140,0
0,3,16,141,0
0,3,16,142,0
0,3,16,143,0
0,3,16,144,168
0,3,16,145,0
0,3,16,146,0
0,3,16,147,0
0,3,16,148,966
0,3,16,149,0
0,3,16,150,0
0,3,16,151,776
0,3,16,152,776
0,3,16,153,658
0,3,16,154,792
0,3,16,155,0
0,3,16,156,0
0,3,16,157,1050
0,3,16,158,874
0,3,16,159,874
0,3,16,160,892
0,3,16,161,98
0,3,16,162,98
0,3,16,163,140
0,3,16,164,28
0,3,16,165,1050
0,3,16,166,966
0,3,16,167,84
0,3,16,168,0
0,3,16,169,0
0,3,16,170,0
0,3,16,171,0
0,3,16,172,0
0,3,16,173,0
0,3,16,174,0
0,3,16,175,0
0,3,16,176,0
0,3,16,177,0
0,3,16,178,0
0,3,16,179,0
0,3,16,180,0
0,3,16,181,0
0,3,16,182,98
0,3,16,183,98
0,3,16,184,168
0,3,16,185,0
0,3,16,186,0
0,3,16,187,98
0,3,16,188,98
0,3,16,189,0
0,3,16,190,0
0,3,16,191,0
0,3,16,192,0
0,3,16,193,785
0,3,16,194,687
0,3,16,195,49
0,3,16,196,28
0,3,16,197,687
0,3,16,198,0
0,3,16,199,0
0,3,16,200,0
0,3,16,201,0
0,3,16,202,0
0,3,16,203,0
0,3,16,204,0
0,3,16,205,0
0,3,16,206,0
0,3,16,207,0
0,3,16,208,0
0,3,16,209,0
0,3,16,210,0
0,3,16,211,0
0,3,16,212,0
0,3,16,213,0
0,3,16,214,0
0,3,16,215,0
0,2,17,1,101
0,2,17,2,94
0,2,17,3,0
0,2,17,4,195
0,2,17,5,195
0,2,17,6,23
0,2,17,7,0
0,2,17,8,35840
0,2,17,9,24064
0,2,17,10,0
0,2,17,11,335
0,2,17,12,452
0,2,17,13,0
0,2,17,14,0
0,2,17,15,0
0,2,17,16,433
0,2,17,17,96
0,2,17,18,529
0,2,17,19,0
0,2,17,20,625
0,2,17,21,0
0,2,17,22,0
0,2,17,23,11303
0,2,17,24,0
0,2,17,25,0
0,2,17,26,1988
0,2,17,27,1009
0,2,17,28,149
0,2,17,29,0
0,2,17,30,30
0,2,17,31,15
0,2,17,32,0
0,2,17,33,9
0,2,17,34,0
0,2,17,35,9
0,2,17,36,0
0,2,17,37,0
0,2,17,38,0
0,2,17,39,0
0,2,17,40,0
0,2,17,41,0
0,2,17,42,0
0,2,17,43,0
0,2,17,44,0
0,2,17,45,0
0,2,17,46,0
0,2,17,47,94
0,2,17,48,140
0,2,17,49,94
0,2,17,50,220
0,2,17,51,15
0,2,17,52,140
0,2,17,53,0
0,2,17,54,94
0,2,17,55,0
0,2,17,56,0
0,2,17,57,0
0,2,17,58,0
0,2,17,59,0
0,2,17,60,0
0,2,17,61,0
0,2,17,62,126
0,2,17,63,0
0,2,17,64,1411
0,2,17,65,1411
0,2,17,66,0
0,2,17,67,199
0,2,17,68,207
0,2,17,69,1948
0,2,17,70,1948
0,2,17,71,9309
0,2,17,72,14026
0,2,17,73,0
0,2,17,74,199
0,2,17,75,207
0,2,17,76,15703
0,2,17,77,6019
0,2,17,78,1988
0,2,17,79,1366
0,2,17,80,436
0,2,17,81,804
0,2,17,82,0
0,2,17,83,1031
0,2,17,84,893
0,2,17,85,0
0,2,17,86,1186
0,2,17,87,0
0,2,17,88,23
0,2,17,89,24
0,2,17,90,47
0,2,17,91,0
0,2,17,92,0
0,2,17,93,16
0,2,17,94,0
0,2,17,95,23
0,2,17,96,24
0,2,17,97,47
0,2,17,98,0
0,2,17,99,0
0,2,17,100,16
0,2,17,101,0
0,2,17,102,0
0,2,17,103,47
0,2,17,104,161
0,2,17,105,192
0,2,17,106,282
0,2,17,107,0
0,2,17,108,0
0,2,17,109,264
0,2,17,110,0
0,2,17,111,161
0,2,17,112,192
0,2,17,113,282
0,2,17,114,0
0,2,17,115,0
0,2,17,116,264
0,2,17,117,0
0,2,17,118,161
0,2,17,119,192
0,2,17,120,273
0,2,17,121,0
0,2,17,122,0
0,2,17,123,264
0,2,17,124,0
0,2,17,125,161
0,2,17,126,192
0,2,17,127,273
0,2,17,128,0
0,2,17,129,0
0,2,17,130,264
0,2,17,131,0
0,2,17,132,1878
0,2,17,133,1878
0,2,17,134,0
0,2,17,135,0
0,2,17,136,0
0,2,17,137,0
0,2,17,138,0
0,2,17,139,0
0,2,17,140,0
0,2,17,141,0
0,2,17,142,0
0,2,17,143,0
0,2,17,144,188
0,2,17,145,0
0,2,17,146,0
0,2,17,147,0
0,2,17,148,1092
0,2,17,149,0
0,2,17,150,0
0,2,17,151,881
0,2,17,152,881
0,2,17,153,747
0,2,17,154,899
0,2,17,155,0
0,2,17,156,0
0,2,17,157,1186
0,2,17,158,991
0,2,17,159,991
0,2,17,160,1011
0,2,17,161,110
0,2,17,162,110
0,2,17,163,156
0,2,17,164,32
0,2,17,165,1186
0,2,17,166,1092
0,2,17,167,94
0,2,17,168,0
0,2,17,169,0
0,2,17,170,0
0,2,17,171,0
0,2,17,172,0
0,2,17,173,0
0,2,17,174,0
0,2,17,175,0
0,2,17,176,0
0,2,17,177,0
0,2,17,178,0
0,2,17,179,0
0,2,17,180,0
0,2,17,181,0
0,2,17,182,110
0,2,17,183,110
0,2,17,184,188
0,2,17,185,0
0,2,17,186,0
0,2,17,187,110
0,2,17,188,110
0,2,17,189,0
0,2,17,190,0
0,2,17,191,0
0,2,17,192,0
0,2,17,193,893
0,2,17,194,783
0,2,17,195,56
0,2,17,196,30
0,2,17,197,783
0,2,17,198,0
0,2,17,199,0
0,2,17,200,0
0,2,17,201,0
0,2,17,202,0
0,2,17,203,0
0,2,17,204,0
0,2,17,205,0
0,2,17,206,0
0,2,17,207,0
0,2,17,208,0
0,2,17,209,0
0,2,17,210,0
0,2,17,211,0
0,2,17,212,0
0,2,17,213,0
0,2,17,214,0
0,2,17,215,0
0,2,18,1,104
0,2,18,2,96
0,2,18,3,0
0,2,18,4,200
0,2,18,5,200
0,2,18,6,24
0,2,18,7,0
0,2,18,8,36864
0,2,18,9,24576
0,2,18,10,0
0,2,18,11,335
0,2,18,12,488
0,2,18,13,0
0,2,18,14,0
0,2,18,15,0
0,2,18,16,433
0,2,18,17,96
0,2,18,18,529
0,2,18,19,0
0,2,18,20,640
0,2,18,21,0
0,2,18,22,0
0,2,18,23,11510
0,2,18,24,0
0,2,18,25,0
0,2,18,26,2025
0,2,18,27,1042
0,2,18,28,150
0,2,18,29,0
0,2,18,30,31
0,2,18,31,15
0,2,18,32,0
0,2,18,33,10
0,2,18,34,0
0,2,18,35,10
0,2,18,36,0
0,2,18,37,0
0,2,18,38,0
0,2,18,39,0
0,2,18,40,0
0,2,18,41,0
0,2,18,42,0
0,2,18,43,0
0,2,18,44,0
0,2,18,45,0
0,2,18,46,0
0,2,18,47,96
0,2,18,48,144
0,2,18,49,96
0,2,18,50,224
0,2,18,51,16
0,2,18,52,144
0,2,18,53,0
0,2,18,54,96
0,2,18,55,0
0,2,18,56,0
0,2,18,57,0
0,2,18,58,0
0,2,18,59,0
0,2,18,60,0
0,2,18,61,0
0,2,18,62,128
0,2,18,63,0
0,2,18,64,1440
0,2,18,65,1440
0,2,18,66,0
0,2,18,67,208
0,2,18,68,216
0,2,18,69,1984
0,2,18,70,1984
0,2,18,71,9378
0,2,18,72,14115
0,2,18,73,0
0,2,18,74,208
0,2,18,75,216
0,2,18,76,15838
0,2,18,77,6074
0,2,18,78,2025
0,2,18,79,1392
0,2,18,80,460
0,2,18,81,804
0,2,18,82,0
0,2,18,83,1040
0,2,18,84,895
0,2,18,85,0
0,2,18,86,1200
0,2,18,87,0
0,2,18,88,24
0,2,18,89,24
0,2,18,90,48
0,2,18,91,0
0,2,18,92,0
0,2,18,93,16
0,2,18,94,0
0,2,18,95,24
0,2,18,96,24
0,2,18,97,48
0,2,18,98,0
0,2,18,99,0
0,2,18,100,16
0,2,18,101,0
0,2,18,102,0
0,2,18,103,48
0,2,18,104,168
0,2,18,105,192
0,2,18,106,288
0,2,18,107,0
0,2,18,108,0
0,2,18,109,264
0,2,18,110,0
0,2,18,111,168
0,2,18,112,192
0,2,18,113,288
0,2,18,114,0
0,2,18,115,0
0,2,18,116,264
0,2,18,117,0
0,2,18,118,168
0,2,18,119,192
0,2,18,120,279
0,2,18,121,0
0,2,18,122,0
0,2,18,123,264
0,2,18,124,0
0,2,18,125,168
0,2,18,126,192
0,2,18,127,279
0,2,18,128,0
0,2,18,129,0
0,2,18,130,264
0,2,18,131,0
0,2,18,132,1913
0,2,18,133,1913
0,2,18,134,0
0,2,18,135,0
0,2,18,136,0
0,2,18,137,0
0,2,18,138,0
0,2,18,139,0
0,2,18,140,0
0,2,18,141,0
0,2,18,142,0
0,2,18,143,0
0,2,18,144,192
0,2,18,145,0
0,2,18,146,0
0,2,18,147,0
0,2,18,148,1104
0,2,18,149,0
0,2,18,150,0
0,2,18,151,886
0,2,18,152,886
0,2,18,153,752
0,2,18,154,903
0,2,18,155,0
0,2,18,156,0
0,2,18,157,1200
0,2,18,158,998
0,2,18,159,998
0,2,18,160,1019
0,2,18,161,112
0,2,18,162,112
0,2,18,163,160
0,2,18,164,32
0,2,18,165,1200
0,2,18,166,1104
0,2,18,167,96
0,2,18,168,0
0,2,18,169,0
0,2,18,170,0
0,2,18,171,0
0,2,18,172,0
0,2,18,173,0
0,2,18,174,0
0,2,18,175,0
0,2,18,176,0
0,2,18,177,0
0,2,18,178,0
0,2,18,179,0
0,2,18,180,0
0,2,18,181,0
0,2,18,182,112
0,2,18,183,112
0,2,18,184,192
0,2,18,185,0
0,2,18,186,0
0,2,18,187,112
0,2,18,188,112
0,2,18,189,0
0,2,18,190,0
0,2,18,191,0
0,2,18,192,0
0,2,18,193,895
0,2,18,194,783
0,2,18,195,56
0,2,18,196,32
0,2,18,197,783
0,2,18,198,0
0,2,18,199,0
0,2,18,200,0
0,2,18,201,0
0,2,18,202,0
0,2,18,203,0
0,2,18,204,0
0,2,18,205,0
0,2,18,206,0
0,2,18,207,0
0,2,18,208,0
0,2,18,209,0
0,2,18,210,0
0,2,18,211,0
0,2,18,212,0
0,2,18,213,0
0,2,18,214,0
0,2,18,215,0
0,3,17,1,101
0,3,17,2,94
0,3,17,3,0
0,3,17,4,195
0,3,17,5,195
0,3,17,6,23
0,3,17,7,0
0,3,17,8,35840
0,3,17,9,24064
0,3,17,10,0
0,3,17,11,306
0,3,17,12,478
0,3,17,13,0
0,3,17,14,0
0,3,17,15,0
0,3,17,16,404
0,3,17,17,96
0,3,17,18,500
0,3,17,19,0
0,3,17,20,625
0,3,17,21,0
0,3,17,22,0
0,3,17,23,11189
0,3,17,24,0
0,3,17,25,0
0,3,17,26,1969
0,3,17,27,1002
0,3,17,28,149
0,3,17,29,0
0,3,17,30,30
0,3,17,31,15
0,3,17,32,0
0,3,17,33,9
0,3,17,34,0
0,3,17,35,9
0,3,17,36,0
0,3,17,37,0
0,3,17,38,0
0,3,17,39,0
0,3,17,40,0
0,3,17,41,0
0,3,17,42,0
0,3,17,43,0
0,3,17,44,0
0,3,17,45,0
0,3,17,46,0
0,3,17,47,94
0,3,17,48,140
0,3,17,49,94
0,3,17,50,220
0,3,17,51,15
0,3,17,52,140
0,3,17,53,0
0,3,17,54,94
0,3,17,55,0
0,3,17,56,0
0,3,17,57,0
0,3,17,58,0
0,3,17,59,0
0,3,17,60,0
0,3,17,61,0
0,3,17,62,126
0,3,17,63,0
0,3,17,64,1411
0,3,17,65,1411
0,3,17,66,0
0,3,17,67,199
0,3,17,68,207
0,3,17,69,1929
0,3,17,70,1929
0,3,17,71,9309
0,3,17,72,14026
0,3,17,73,0
0,3,17,74,199
0,3,17,75,207
0,3,17,76,15665
0,3,17,77,6000
0,3,17,78,1969
0,3,17,79,1366
0,3,17,80,436
0,3,17,81,804
0,3,17,82,0
0,3,17,83,1031
0,3,17,84,893
0,3,17,85,0
0,3,17,86,1186
0,3,17,87,0
0,3,17,88,23
0,3,17,89,24
0,3,17,90,47
0,3,17,91,0
0,3,17,92,0
0,3,17,93,16
0,3,17,94,0
0,3,17,95,23
0,3,17,96,24
0,3,17,97,47
0,3,17,98,0
0,3,17,99,0
0,3,17,100,16
0,3,17,101,0
0,3,17,102,0
0,3,17,103,47
0,3,17,104,161
0,3,17,105,192
0,3,17,106,282
0,3,17,107,0
0,3,17,108,0
0,3,17,109,264
0,3,17,110,0
0,3,17,111,161
0,3,17,112,192
0,3,17,113,282
0,3,17,114,0
0,3,17,115,0
0,3,17,116,264
0,3,17,117,0
0,3,17,118,161
0,3,17,119,192
0,3,17,120,273
0,3,17,121,0
0,3,17,122,0
0,3,17,123,264
0,3,17,124,0
0,3,17,125,161
0,3,17,126,192
0,3,17,127,273
0,3,17,128,0
0,3,17,129,0
0,3,17,130,264
0,3,17,131,0
0,3,17,132,1859
0,3,17,133,1859
0,3,17,134,0
0,3,17,135,0
0,3,17,136,0
0,3,17,137,0
0,3,17,138,0
0,3,17,139,0
0,3,17,140,0
0,3,17,141,0
0,3,17,142,0
0,3,17,143,0
0,3,17,144,188
0,3,17,145,0
0,3,17,146,0
0,3,17,147,0
0,3,17,148,1092
0,3,17,149,0
0,3,17,150,0
0,3,17,151,881
0,3,17,152,881
0,3,17,153,747
0,3,17,154,899
0,3,17,155,0
0,3,17,156,0
0,3,17,157,1186
0,3,17,158,991
0,3,17,159,991
0,3,17,160,1011
0,3,17,161,110
0,3,17,162,110
0,3,17,163,156
0,3,17,164,32
0,3,17,165,1186
0,3,17,166,1092
0,3,17,167,94
0,3,17,168,0
0,3,17,169,0
0,3,17,170,0
0,3,17,171,0
0,3,17,172,0
0,3,17,173,0
0,3,17,174,0
0,3,17,175,0
0,3,17,176,0
0,3,17,177,0
0,3,17,178,0
0,3,17,179,0
0,3,17,180,0
0,3,17,181,0
0,3,17,182,110
0,3,17,183,110
0,3,17,184,188
0,3,17,185,0
0,3,17,186,0
0,3,17,187,110
0,3,17,188,110
0,3,17,189,0
0,3,17,190,0
0,3,17,191,0
0,3,17,192,0
0,3,17,193,893
0,3,17,194,783
0,3,17,195,56
0,3,17,196,30
0,3,17,197,783
0,3,17,198,0
0,3,17,199,0
0,3,17,200,0
0,3,17,201,0
0,3,17,202,0
0,3,17,203,0
0,3,17,204,0
0,3,17,205,0
0,3,17,206,0
0,3,17,207,0
0,3,17,208,0
0,3,17,209,0
0,3,17,210,0
0,3,17,211,0
0,3,17,212,0
0,3,17,213,0
0,3,17,214,0
0,3,17,215,0
0,3,18,1,104
0,3,18,2,96
0,3,18,3,0
0,3,18,4,200
0,3,18,5,200
0,3,18,6,24
0,3,18,7,0
0,3,18,8,36864
0,3,18,9,24576
0,3,18,10,0
0,3,18,11,306
0,3,18,12,514
0,3,18,13,0
0,3,18,14,0
0,3,18,15,0
0,3,18,16,404
0,3,18,17,96
0,3,18,18,500
0,3,18,19,0
0,3,18,20,640
0,3,18,21,0
0,3,18,22,0
0,3,18,23,11396
0,3,18,24,0
0,3,18,25,0
0,3,18,26,2006
0,3,18,27,1035
0,3,18,28,150
0,3,18,29,0
0,3,18,30,31
0,3,18,31,15
0,3,18,32,0
0,3,18,33,10
0,3,18,34,0
0,3,18,35,10
0,3,18,36,0
0,3,18,37,0
0,3,18,38,0
0,3,18,39,0
0,3,18,40,0
0,3,18,41,0
0,3,18,42,0
0,3,18,43,0
0,3,18,44,0
0,3,18,45,0
0,3,18,46,0
0,3,18,47,96
0,3,18,48,144
0,3,18,49,96
0,3,18,50,224
0,3,18,51,16
0,3,18,52,144
0,3,18,53,0
0,3,18,54,96
0,3,18,55,0
0,3,18,56,0
0,3,18,57,0
0,3,18,58,0
0,3,18,59,0
0,3,18,60,0
0,3,18,61,0
0,3,18,62,128
0,3,18,63,0
0,3,18,64,1440
0,3,18,65,1440
0,3,18,66,0
0,3,18,67,208
0,3,18,68,216
0,3,18,69,1965
0,3,18,70,1965
0,3,18,71,9378
0,3,18,72,14115
0,3,18,73,0
0,3,18,74,208
0,3,18,75,216
0,3,18,76,15800
0,3,18,77,6055
0,3,18,78,2006
0,3,18,79,1392
0,3,18,80,460
0,3,18,81,804
0,3,18,82,0
0,3,18,83,1040
0,3,18,84,895
0,3,18,85,0
0,3,18,86,1200
0,3,18,87,0
0,3,18,88,24
0,3,18,89,24
0,3,18,90,48
0,3,18,91,0
0,3,18,92,0
0,3,18,93,16
0,3,18,94,0
0,3,18,95,24
0,3,18,96,24
0,3,18,97,48
0,3,18,98,0
0,3,18,99,0
0,3,18,100,16
0,3,18,101,0
0,3,18,102,0
0,3,18,103,48
0,3,18,104,168
0,3,18,105,192
0,3,18,106,288
0,3,18,107,0
0,3,18,108,0
0,3,18,109,264
0,3,18,110,0
0,3,18,111,168
0,3,18,112,192
0,3,18,113,288
0,3,18,114,0
0,3,18,115,0
0,3,18,116,264
0,3,18,117,0
0,3,18,118,168
0,3,18,119,192
0,3,18,120,279
0,3,18,121,0
0,3,18,122,0
0,3,18,123,264
0,3,18,124,0
0,3,18,125,168
0,3,18,126,192
0,3,18,127,279
0,3,18,128,0
0,3,18,129,0
0,3,18,130,264
0,3,18,131,0
0,3,18,132,1894
0,3,18,133,1894
0,3,18,134,0
0,3,18,135,0
0,3,18,136,0
0,3,18,137,0
0,3,18,138,0
0,3,18,139,0
0,3,18,140,0
0,3,18,141,0
0,3,18,142,0
0,3,18,143,0
0,3,18,144,192
0,3,18,145,0
0,3,18,146,0
0,3,18,147,0
0,3,18,148,1104
0,3,18,149,0
0,3,18,150,0
0,3,18,151,886
0,3,18,152,886
0,3,18,153,752
0,3,18,154,903
0,3,18,155,0
0,3,18,156,0
0,3,18,157,1200
0,3,18,158,998
0,3,18,159,998
0,3,18,160,1019
0,3,18,161,112
0,3,18,162,112
0,3,18,163,160
0,3,18,164,32
0,3,18,165,1200
0,3,18,166,1104
0,3,18,167,96
0,3,18,168,0
0,3,18,169,0
0,3,18,170,0
0,3,18,171,0
0,3,18,172,0
0,3,18,173,0
0,3,18,174,0
0,3,18,175,0
0,3,18,176,0
0,3,18,177,0
0,3,18,178,0
0,3,18,179,0
0,3,18,180,0
0,3,18,181,0
0,3,18,182,112
0,3,18,183,112
0,3,18,184,192
0,3,18,185,0
0,3,18,186,0
0,3,18,187,112
0,3,18,188,112
0,3,18,189,0
0,3,18,190,0
0,3,18,191,0
0,3,18,192,0
0,3,18,193,895
0,3,18,194,783
0,3,18,195,56
0,3,18,196,32
0,3,18,197,783
0,3,18,198,0
0,3,18,199,0
0,3,18,200,0
0,3,18,201,0
0,3,18,202,0
0,3,18,203,0
0,3,18,204,0
0,3,18,205,0
0,3,18,206,0
0,3,18,207,0
0,3,18,208,0
0,3,18,209,0
0,3,18,210,0
0,3,18,211,0
0,3,18,212,0
0,3,18,213,0
0,3,18,214,0
0,3,18,215,0
