CoreId,CoreTypeId,MetricId,MetricName,MetricValue
0,2,1,c_stat_ub_ldu_busy,104
0,2,2,c_stat_ub_stu_busy,96
0,2,3,c_stat_ub_gsu_busy,0
0,2,4,c_stat_ub_lsu_busy,200
0,2,5,c_stat_ub_vec_busy,200
0,2,6,c_stat_ldu_blocked,24
0,2,7,c_stat_stu_blocked,0
0,2,8,c_stat_ldu_grant_size,36864
0,2,9,c_stat_stu_grant_size,24576
0,2,10,c_stat_gsu_grant_size,0
0,2,11,c_cycle_icache_miss,335
0,2,12,c_cycle_send_stall,488
0,2,13,c_cycle_branch_wait_sreg,0
0,2,14,c_cycle_vloop_wait_sreg,0
0,2,15,c_cycle_vloop_bmode_flush,0
0,2,16,c_cycle_vloop_fetch_flush,433
0,2,17,c_cycle_vloop_execution,96
0,2,18,c_cycle_vloop_stall,529
0,2,19,c_cycle_wait_sreg,0
0,2,20,c_slot_idu_disp_total,640
0,2,21,c_slot_idu_not_disp.asu_busy,0
0,2,22,c_slot_idu_not_disp.vec_stall,0
0,2,23,c_slot_idu_not_disp.fe_bound,11510
0,2,24,c_cycle_idu_not_disp.asu_busy,0
0,2,25,c_cycle_idu_not_disp.vec_stall,0
0,2,26,c_cycle_idu_not_disp.fe_bound,2025
0,2,27,c_cycle_idu_fifo_empty,1042
0,2,28,c_cycle_idu_fifo_stall,150
0,2,29,c_cycle_idu_sreg_stall,0
0,2,30,c_cycle_idu_instr_stall,31
0,2,31,c_cycle_idu_instr_stall.vloop_iter,15
0,2,32,c_cycle_idu_instr_stall.uop_split,0
0,2,33,c_cycle_idu_ports_stall,10
0,2,34,c_cycle_idu_ports_stall.asu,0
0,2,35,c_cycle_idu_ports_stall.vec,10
0,2,36,c_slot_idu_not_disp.asu_ld_busy,0
0,2,37,c_slot_idu_not_disp.asu_st_busy,0
0,2,38,c_slot_idu_not_disp.asu_mem_bar,0
0,2,39,c_cycle_shq_stall,0
0,2,40,c_cycle_ldq_stall,0
0,2,41,c_cycle_stq_stall,0
0,2,42,c_cycle_exq0_stall,0
0,2,43,c_cycle_exq1_stall,0
0,2,44,c_cycle_phy_reg_stall,0
0,2,45,c_cycle_phy_preg_stall,0
0,2,46,c_cycle_phy_vreg_stall,0
0,2,47,c_slot_idu_disp_rvecsu,96
0,2,48,c_slot_idu_disp_rvecld,144
0,2,49,c_slot_idu_disp_rvecst,96
0,2,50,c_slot_idu_disp_rvecex,224
0,2,51,c_slot_idu_disp_rveclp,16
0,2,52,c_slot_idu_disp_rvecld_ld,144
0,2,53,c_slot_idu_disp_rvecld_ga,0
0,2,54,c_slot_idu_disp_rvecst_st,96
0,2,55,c_slot_idu_disp_rvecst_sc,0
0,2,56,c_slot_idu_disp_rvec_3src,0
0,2,57,c_slot_idu_disp_rvec_2dst,0
0,2,58,c_slot_idu_disp_rvecld_2dst,0
0,2,59,c_slot_idu_disp_rvecex_2dst,0
0,2,60,c_slot_idu_disp_rvecld_512,0
0,2,61,c_slot_idu_disp_rvecst_v2src,0
0,2,62,c_slot_idu_disp_rvecex_v1dst,128
0,2,63,c_slot_idu_disp_rvecex_v2dst,0
0,2,64,c_stat_ldq_busy,1440
0,2,65,c_stat_shq_busy,1440
0,2,66,c_stat_stq_busy,0
0,2,67,c_stat_exq0_busy,208
0,2,68,c_stat_exq1_busy,216
0,2,69,c_stat_vreg_busy,1984
0,2,70,c_stat_preg_busy,1984
0,2,71,c_stat_ldq_used,9378
0,2,72,c_stat_shq_used,14115
0,2,73,c_stat_stq_used,0
0,2,74,c_stat_exq0_used,208
0,2,75,c_stat_exq1_used,216
0,2,76,c_stat_vreg_used,15838
0,2,77,c_stat_preg_used,6074
0,2,78,c_cycle_rvec_busy,2025
0,2,79,c_cycle_rvec_back_busy,1392
0,2,80,c_cycle_rvec_back_send,460
0,2,81,c_cycle_smembar_stall_vld,804
0,2,82,c_cycle_smembar_stall_vst,0
0,2,83,c_cycle_rvec_back_ex_ex_busy,1040
0,2,84,c_cycle_rvec_back_ld_ld_busy,895
0,2,85,c_cycle_rvec_back_ld_ga_busy,0
0,2,86,c_cycle_rvec_back_st_st_busy,1200
0,2,87,c_cycle_rvec_back_st_sc_busy,0
0,2,88,c_instr_exq0_fu_addconv,24
0,2,89,c_instr_exq0_fu_mul,24
0,2,90,c_instr_exq0_fu_mov,48
0,2,91,c_instr_exq0_fu_lut,0
0,2,92,c_instr_exq0_fu_sfu,0
0,2,93,c_instr_exq0_fu_lnexp,16
0,2,94,c_instr_exq0_fu_slide,0
0,2,95,c_instr_exq1_fu_addconv,24
0,2,96,c_instr_exq1_fu_mul,24
0,2,97,c_instr_exq1_fu_mov,48
0,2,98,c_instr_exq1_fu_lut,0
0,2,99,c_instr_exq1_fu_sfu,0
0,2,100,c_instr_exq1_fu_lnexp,16
0,2,101,c_instr_exq1_fu_slide,0
0,2,102,c_instr_exq_single,0
0,2,103,c_time_least_throughput,48
0,2,104,c_fly_exu0_fu_addconv,168
0,2,105,c_fly_exu0_fu_mul,192
0,2,106,c_fly_exu0_fu_mov,288
0,2,107,c_fly_exu0_fu_lut,0
0,2,108,c_fly_exu0_fu_sfu,0
0,2,109,c_fly_exu0_fu_lnexp,264
0,2,110,c_fly_exu0_fu_slide,0
0,2,111,c_fly_exu1_fu_addconv,168
0,2,112,c_fly_exu1_fu_mul,192
0,2,113,c_fly_exu1_fu_mov,288
0,2,114,c_fly_exu1_fu_lut,0
0,2,115,c_fly_exu1_fu_sfu,0
0,2,116,c_fly_exu1_fu_lnexp,264
0,2,117,c_fly_exu1_fu_slide,0
0,2,118,c_busy_exu0_fu_addconv,168
0,2,119,c_busy_exu0_fu_mul,192
0,2,120,c_busy_exu0_fu_mov,279
0,2,121,c_busy_exu0_fu_lut,0
0,2,122,c_busy_exu0_fu_sfu,0
0,2,123,c_busy_exu0_fu_lnexp,264
0,2,124,c_busy_exu0_fu_slide,0
0,2,125,c_busy_exu1_fu_addconv,168
0,2,126,c_busy_exu1_fu_mul,192
0,2,127,c_busy_exu1_fu_mov,279
0,2,128,c_busy_exu1_fu_lut,0
0,2,129,c_busy_exu1_fu_sfu,0
0,2,130,c_busy_exu1_fu_lnexp,264
0,2,131,c_busy_exu1_fu_slide,0
0,2,132,c_exq0_empty,1913
0,2,133,c_exq1_empty,1913
0,2,134,c_cycle_exq0_dst_regport_cflt,0
0,2,135,c_cycle_exq1_dst_regport_cflt,0
0,2,136,c_cycle_exq0_valu_cflt,0
0,2,137,c_cycle_exq1_valu_cflt,0
0,2,138,c_cycle_exq0_valu_cflt_thrput,0
0,2,139,c_cycle_exq1_valu_cflt_thrput,0
0,2,140,c_cycle_exq0_valu_cflt_resc,0
0,2,141,c_cycle_exq1_valu_cflt_resc,0
0,2,142,c_cycle_exq0_src_not_ready_all,0
0,2,143,c_cycle_exq1_src_not_ready_all,0
0,2,144,c_busy_ex_instr,192
0,2,145,c_cycle_stq_st_src_not_ready_all,0
0,2,146,c_cycle_stq_sc_src_not_ready_all,0
0,2,147,c_cycle_stq_ga_src_not_ready_all,0
0,2,148,c_cycle_shq_st_src_not_ready_all,1104
0,2,149,c_cycle_shq_sc_src_not_ready_all,0
0,2,150,c_cycle_shq_ga_src_not_ready_all,0
0,2,151,c_cycle_shq_avail_exq0_empty,886
0,2,152,c_cycle_shq_avail_exq1_empty,886
0,2,153,c_cycle_shq_ex_src_bound_by_ld,752
0,2,154,c_busy_ub_instr,903
0,2,155,c_cycle_ex0_stall_by_membar,0
0,2,156,c_cycle_ex1_stall_by_membar,0
0,2,157,c_shq_busy,1200
0,2,158,c_shq_ex0_busy,998
0,2,159,c_shq_ex1_busy,998
0,2,160,c_shq_ex_busy,1019
0,2,161,c_shq_ex0_issue_eq1,112
0,2,162,c_shq_ex1_issue_eq1,112
0,2,163,c_shq_ex_issue_eq1,160
0,2,164,c_shq_ex_issue_eq2,32
0,2,165,c_shq_st_busy,1200
0,2,166,c_shq_st_issue_eq0,1104
0,2,167,c_shq_st_issue_eq1,96
0,2,168,c_shq_sc_busy,0
0,2,169,c_shq_sc_issue_eq0,0
0,2,170,c_shq_sc_issue_eq1,0
0,2,171,c_shq_st_stall.membar,0
0,2,172,c_shq_sc_stall.membar,0
0,2,173,c_shq_st_sc_stall.membar,0
0,2,174,c_shq_st_stall.fu_cflt,0
0,2,175,c_shq_sc_stall.fu_cflt,0
0,2,176,c_shq_st_sc_stall.fu_cflt,0
0,2,177,c_shq_ga_busy,0
0,2,178,c_shq_ga_issue_eq0,0
0,2,179,c_shq_ga_issue_eq1,0
0,2,180,c_shq_ga_stall.membar,0
0,2,181,c_shq_ga_stall.fu_cflt,0
0,2,182,c_exq0_busy,112
0,2,183,c_exq1_busy,112
0,2,184,c_exq_busy,192
0,2,185,c_exq0_issue_eq0,0
0,2,186,c_exq1_issue_eq0,0
0,2,187,c_exq0_issue_eq1,112
0,2,188,c_exq1_issue_eq1,112
0,2,189,c_exq_issue_eq0,0
0,2,190,c_exq_issue_eq1,0
0,2,191,c_exq0_has_ge2_exq1_has_eq0,0
0,2,192,c_exq1_has_ge2_exq0_has_eq0,0
0,2,193,c_ldq_ld_busy,895
0,2,194,c_ldq_ld_issue_eq0,783
0,2,195,c_ldq_ld_issue_eq1,56
0,2,196,c_ldq_ld_issue_eq2,32
0,2,197,c_ldq_ld_stall.membar,783
0,2,198,c_ldq_ld_stall.fu_cflt,0
0,2,199,c_stq_st_busy,0
0,2,200,c_stq_st_issue_eq0,0
0,2,201,c_stq_st_issue_eq1,0
0,2,202,c_stq_sc_busy,0
0,2,203,c_stq_sc_issue_eq0,0
0,2,204,c_stq_sc_issue_eq1,0
0,2,205,c_stq_ga_busy,0
0,2,206,c_stq_ga_issue_eq0,0
0,2,207,c_stq_ga_issue_eq1,0
0,2,208,c_stq_st_stall.membar,0
0,2,209,c_stq_sc_stall.membar,0
0,2,210,c_stq_st_sc_stall.membar,0
0,2,211,c_stq_ga_stall.membar,0
0,2,212,c_stq_st_stall.fu_cflt,0
0,2,213,c_stq_sc_stall.fu_cflt,0
0,2,214,c_stq_st_sc_stall.fu_cflt,0
0,2,215,c_stq_ga_stall.fu_cflt,0
0,3,1,c_stat_ub_ldu_busy,104
0,3,2,c_stat_ub_stu_busy,96
0,3,3,c_stat_ub_gsu_busy,0
0,3,4,c_stat_ub_lsu_busy,200
0,3,5,c_stat_ub_vec_busy,200
0,3,6,c_stat_ldu_blocked,24
0,3,7,c_stat_stu_blocked,0
0,3,8,c_stat_ldu_grant_size,36864
0,3,9,c_stat_stu_grant_size,24576
0,3,10,c_stat_gsu_grant_size,0
0,3,11,c_cycle_icache_miss,306
0,3,12,c_cycle_send_stall,514
0,3,13,c_cycle_branch_wait_sreg,0
0,3,14,c_cycle_vloop_wait_sreg,0
0,3,15,c_cycle_vloop_bmode_flush,0
0,3,16,c_cycle_vloop_fetch_flush,404
0,3,17,c_cycle_vloop_execution,96
0,3,18,c_cycle_vloop_stall,500
0,3,19,c_cycle_wait_sreg,0
0,3,20,c_slot_idu_disp_total,640
0,3,21,c_slot_idu_not_disp.asu_busy,0
0,3,22,c_slot_idu_not_disp.vec_stall,0
0,3,23,c_slot_idu_not_disp.fe_bound,11396
0,3,24,c_cycle_idu_not_disp.asu_busy,0
0,3,25,c_cycle_idu_not_disp.vec_stall,0
0,3,26,c_cycle_idu_not_disp.fe_bound,2006
0,3,27,c_cycle_idu_fifo_empty,1035
0,3,28,c_cycle_idu_fifo_stall,150
0,3,29,c_cycle_idu_sreg_stall,0
0,3,30,c_cycle_idu_instr_stall,31
0,3,31,c_cycle_idu_instr_stall.vloop_iter,15
0,3,32,c_cycle_idu_instr_stall.uop_split,0
0,3,33,c_cycle_idu_ports_stall,10
0,3,34,c_cycle_idu_ports_stall.asu,0
0,3,35,c_cycle_idu_ports_stall.vec,10
0,3,36,c_slot_idu_not_disp.asu_ld_busy,0
0,3,37,c_slot_idu_not_disp.asu_st_busy,0
0,3,38,c_slot_idu_not_disp.asu_mem_bar,0
0,3,39,c_cycle_shq_stall,0
0,3,40,c_cycle_ldq_stall,0
0,3,41,c_cycle_stq_stall,0
0,3,42,c_cycle_exq0_stall,0
0,3,43,c_cycle_exq1_stall,0
0,3,44,c_cycle_phy_reg_stall,0
0,3,45,c_cycle_phy_preg_stall,0
0,3,46,c_cycle_phy_vreg_stall,0
0,3,47,c_slot_idu_disp_rvecsu,96
0,3,48,c_slot_idu_disp_rvecld,144
0,3,49,c_slot_idu_disp_rvecst,96
0,3,50,c_slot_idu_disp_rvecex,224
0,3,51,c_slot_idu_disp_rveclp,16
0,3,52,c_slot_idu_disp_rvecld_ld,144
0,3,53,c_slot_idu_disp_rvecld_ga,0
0,3,54,c_slot_idu_disp_rvecst_st,96
0,3,55,c_slot_idu_disp_rvecst_sc,0
0,3,56,c_slot_idu_disp_rvec_3src,0
0,3,57,c_slot_idu_disp_rvec_2dst,0
0,3,58,c_slot_idu_disp_rvecld_2dst,0
0,3,59,c_slot_idu_disp_rvecex_2dst,0
0,3,60,c_slot_idu_disp_rvecld_512,0
0,3,61,c_slot_idu_disp_rvecst_v2src,0
0,3,62,c_slot_idu_disp_rvecex_v1dst,128
0,3,63,c_slot_idu_disp_rvecex_v2dst,0
0,3,64,c_stat_ldq_busy,1440
0,3,65,c_stat_shq_busy,1440
0,3,66,c_stat_stq_busy,0
0,3,67,c_stat_exq0_busy,208
0,3,68,c_stat_exq1_busy,216
0,3,69,c_stat_vreg_busy,1965
0,3,70,c_stat_preg_busy,1965
0,3,71,c_stat_ldq_used,9378
0,3,72,c_stat_shq_used,14115
0,3,73,c_stat_stq_used,0
0,3,74,c_stat_exq0_used,208
0,3,75,c_stat_exq1_used,216
0,3,76,c_stat_vreg_used,15800
0,3,77,c_stat_preg_used,6055
0,3,78,c_cycle_rvec_busy,2006
0,3,79,c_cycle_rvec_back_busy,1392
0,3,80,c_cycle_rvec_back_send,460
0,3,81,c_cycle_smembar_stall_vld,804
0,3,82,c_cycle_smembar_stall_vst,0
0,3,83,c_cycle_rvec_back_ex_ex_busy,1040
0,3,84,c_cycle_rvec_back_ld_ld_busy,895
0,3,85,c_cycle_rvec_back_ld_ga_busy,0
0,3,86,c_cycle_rvec_back_st_st_busy,1200
0,3,87,c_cycle_rvec_back_st_sc_busy,0
0,3,88,c_instr_exq0_fu_addconv,24
0,3,89,c_instr_exq0_fu_mul,24
0,3,90,c_instr_exq0_fu_mov,48
0,3,91,c_instr_exq0_fu_lut,0
0,3,92,c_instr_exq0_fu_sfu,0
0,3,93,c_instr_exq0_fu_lnexp,16
0,3,94,c_instr_exq0_fu_slide,0
0,3,95,c_instr_exq1_fu_addconv,24
0,3,96,c_instr_exq1_fu_mul,24
0,3,97,c_instr_exq1_fu_mov,48
0,3,98,c_instr_exq1_fu_lut,0
0,3,99,c_instr_exq1_fu_sfu,0
0,3,100,c_instr_exq1_fu_lnexp,16
0,3,101,c_instr_exq1_fu_slide,0
0,3,102,c_instr_exq_single,0
0,3,103,c_time_least_throughput,48
0,3,104,c_fly_exu0_fu_addconv,168
0,3,105,c_fly_exu0_fu_mul,192
0,3,106,c_fly_exu0_fu_mov,288
0,3,107,c_fly_exu0_fu_lut,0
0,3,108,c_fly_exu0_fu_sfu,0
0,3,109,c_fly_exu0_fu_lnexp,264
0,3,110,c_fly_exu0_fu_slide,0
0,3,111,c_fly_exu1_fu_addconv,168
0,3,112,c_fly_exu1_fu_mul,192
0,3,113,c_fly_exu1_fu_mov,288
0,3,114,c_fly_exu1_fu_lut,0
0,3,115,c_fly_exu1_fu_sfu,0
0,3,116,c_fly_exu1_fu_lnexp,264
0,3,117,c_fly_exu1_fu_slide,0
0,3,118,c_busy_exu0_fu_addconv,168
0,3,119,c_busy_exu0_fu_mul,192
0,3,120,c_busy_exu0_fu_mov,279
0,3,121,c_busy_exu0_fu_lut,0
0,3,122,c_busy_exu0_fu_sfu,0
0,3,123,c_busy_exu0_fu_lnexp,264
0,3,124,c_busy_exu0_fu_slide,0
0,3,125,c_busy_exu1_fu_addconv,168
0,3,126,c_busy_exu1_fu_mul,192
0,3,127,c_busy_exu1_fu_mov,279
0,3,128,c_busy_exu1_fu_lut,0
0,3,129,c_busy_exu1_fu_sfu,0
0,3,130,c_busy_exu1_fu_lnexp,264
0,3,131,c_busy_exu1_fu_slide,0
0,3,132,c_exq0_empty,1894
0,3,133,c_exq1_empty,1894
0,3,134,c_cycle_exq0_dst_regport_cflt,0
0,3,135,c_cycle_exq1_dst_regport_cflt,0
0,3,136,c_cycle_exq0_valu_cflt,0
0,3,137,c_cycle_exq1_valu_cflt,0
0,3,138,c_cycle_exq0_valu_cflt_thrput,0
0,3,139,c_cycle_exq1_valu_cflt_thrput,0
0,3,140,c_cycle_exq0_valu_cflt_resc,0
0,3,141,c_cycle_exq1_valu_cflt_resc,0
0,3,142,c_cycle_exq0_src_not_ready_all,0
0,3,143,c_cycle_exq1_src_not_ready_all,0
0,3,144,c_busy_ex_instr,192
0,3,145,c_cycle_stq_st_src_not_ready_all,0
0,3,146,c_cycle_stq_sc_src_not_ready_all,0
0,3,147,c_cycle_stq_ga_src_not_ready_all,0
0,3,148,c_cycle_shq_st_src_not_ready_all,1104
0,3,149,c_cycle_shq_sc_src_not_ready_all,0
0,3,150,c_cycle_shq_ga_src_not_ready_all,0
0,3,151,c_cycle_shq_avail_exq0_empty,886
0,3,152,c_cycle_shq_avail_exq1_empty,886
0,3,153,c_cycle_shq_ex_src_bound_by_ld,752
0,3,154,c_busy_ub_instr,903
0,3,155,c_cycle_ex0_stall_by_membar,0
0,3,156,c_cycle_ex1_stall_by_membar,0
0,3,157,c_shq_busy,1200
0,3,158,c_shq_ex0_busy,998
0,3,159,c_shq_ex1_busy,998
0,3,160,c_shq_ex_busy,1019
0,3,161,c_shq_ex0_issue_eq1,112
0,3,162,c_shq_ex1_issue_eq1,112
0,3,163,c_shq_ex_issue_eq1,160
0,3,164,c_shq_ex_issue_eq2,32
0,3,165,c_shq_st_busy,1200
0,3,166,c_shq_st_issue_eq0,1104
0,3,167,c_shq_st_issue_eq1,96
0,3,168,c_shq_sc_busy,0
0,3,169,c_shq_sc_issue_eq0,0
0,3,170,c_shq_sc_issue_eq1,0
0,3,171,c_shq_st_stall.membar,0
0,3,172,c_shq_sc_stall.membar,0
0,3,173,c_shq_st_sc_stall.membar,0
0,3,174,c_shq_st_stall.fu_cflt,0
0,3,175,c_shq_sc_stall.fu_cflt,0
0,3,176,c_shq_st_sc_stall.fu_cflt,0
0,3,177,c_shq_ga_busy,0
0,3,178,c_shq_ga_issue_eq0,0
0,3,179,c_shq_ga_issue_eq1,0
0,3,180,c_shq_ga_stall.membar,0
0,3,181,c_shq_ga_stall.fu_cflt,0
0,3,182,c_exq0_busy,112
0,3,183,c_exq1_busy,112
0,3,184,c_exq_busy,192
0,3,185,c_exq0_issue_eq0,0
0,3,186,c_exq1_issue_eq0,0
0,3,187,c_exq0_issue_eq1,112
0,3,188,c_exq1_issue_eq1,112
0,3,189,c_exq_issue_eq0,0
0,3,190,c_exq_issue_eq1,0
0,3,191,c_exq0_has_ge2_exq1_has_eq0,0
0,3,192,c_exq1_has_ge2_exq0_has_eq0,0
0,3,193,c_ldq_ld_busy,895
0,3,194,c_ldq_ld_issue_eq0,783
0,3,195,c_ldq_ld_issue_eq1,56
0,3,196,c_ldq_ld_issue_eq2,32
0,3,197,c_ldq_ld_stall.membar,783
0,3,198,c_ldq_ld_stall.fu_cflt,0
0,3,199,c_stq_st_busy,0
0,3,200,c_stq_st_issue_eq0,0
0,3,201,c_stq_st_issue_eq1,0
0,3,202,c_stq_sc_busy,0
0,3,203,c_stq_sc_issue_eq0,0
0,3,204,c_stq_sc_issue_eq1,0
0,3,205,c_stq_ga_busy,0
0,3,206,c_stq_ga_issue_eq0,0
0,3,207,c_stq_ga_issue_eq1,0
0,3,208,c_stq_st_stall.membar,0
0,3,209,c_stq_sc_stall.membar,0
0,3,210,c_stq_st_sc_stall.membar,0
0,3,211,c_stq_ga_stall.membar,0
0,3,212,c_stq_st_stall.fu_cflt,0
0,3,213,c_stq_sc_stall.fu_cflt,0
0,3,214,c_stq_st_sc_stall.fu_cflt,0
0,3,215,c_stq_ga_stall.fu_cflt,0
